dop_1421-04_2023.tif	9323179	7bee801f5270c9e8105895437f8ccb84474cebcb57e6b674229f27f8247e614b
dop_1421-05_2023.tif	8831911	70bfcdae603e808a0c15edca6b7147c2554207bd1bc23fc68ae6ecd4d9ad2f0e
dop_1421-06_2023.tif	8761356	1886ca838af402161113577a55ec8a45f0d2b546ec75ae811d1cac7159c0ec2d
dop_1421-07_2023.tif	10541631	39579323d725b70796e8b44e84c84d3d6a99a5daf52210af317643c2647a523a
dop_1421-08_2023.tif	10714209	9a78b2a9594bf1dfa091889b72829279745afed6cff785c048e0dc834541b96a
dop_1421-12_2023.tif	10468541	26221af0fe4eef319c53535fccc9b3960d2f8d691e158fa4592fb5f446a75478
dop_1421-13_2023.tif	8337680	dfb36cbfa9b8a238a69189588c12da39e1d672b5a83e9c54eda3cf9d41530d55
dop_1421-14_2023.tif	8596490	e430123a6a6815c4bbb2ff587817e20e08978a92b6e2096a44ff65f9b9fc81f0
dop_1421-15_2023.tif	10463124	5697ebce98bc6c32cde005a5138cf7745869071b3e285fa4f2a014e54fe33ec6
dop_1421-16_2023.tif	9441754	224223edf70448a559f5e1fdc89d45f826d40aa69798b1b0b991acd0eeed5c1d
dop_1421-21_2023.tif	8432995	c7afcf455e4a5cba97eafd8d2642cc469313de6b3cafc6cadf591c399b2e7786
dop_1421-22_2023.tif	9977110	95e15b1e7f961f68dbfb77a561f91842d59cd3b0f31b6451a9537b296f8a88c9
dop_1421-23_2023.tif	10016591	e6c7eba66cd76e9242dc2d28c1f64eb550db22a31f862ba737ef6d3cef3685f2
dop_1421-24_2023.tif	10223180	8e4a6adc5bfb7f865d2365d376279211499f1213ff9343ac8dfbf0aa56192564
dop_1421-29_2023.tif	10592090	549e2617b4600810de3d539fda3e92c3eae9a37eeebe0d6523625d7693f26ce1
dop_1421-30_2023.tif	10864388	a7735ae50f3ef19f33053e657982cce5cd20f1b39595e3f02c2326396462b138
dop_1421-31_2023.tif	10154650	54244f1d857f1166c13881d561fed09d6441f43207e05c37309f95bf808c239a
dop_1421-32_2023.tif	10853400	1bfe3ae34c7d8ab22cae8febcb511ceba8c671a5d106259d069517f40ee24dbc
dop_1421-37_2023.tif	9879146	4305f0c1090fb5c56be1bbde97faedd5518bfb7f49622cd9d1cf0c30400c8bfa
dop_1421-38_2023.tif	10944609	d5af722c64e43b2851bb2f5d4057aec79245222bb72340802d1038358c6b80d2
dop_1421-39_2023.tif	10606990	da410562f23373d3049b8c668d8d176baa6fbf128c8c1c3a6dbef7953d206700
dop_1421-40_2023.tif	9619307	d7d9297df88d0e7921bd566a7a9fa4ec6bb777b696cfc870cb5dfba0f0e57aee
dop_1421-45_2023.tif	7566803	7d11e5d9c0ee6ee958749b0183f7de79a36d9edd9f5a139c1fe6fffbceb2f95a
dop_1421-46_2023.tif	10331550	a0f5cc28df98280f89690dd9968de5dea3e4d82556e5f28908e602578b3ba888
dop_1421-47_2023.tif	9565361	b9630a7dd4f8dc7d1e6eeeef01605cbe911499dfc755620e70efd91db78bd3ef
dop_1421-48_2023.tif	7789743	72912326d0c8daeec692cb737b2a2dc18f4fd84e90d4cb4db76b70237e717272
dop_1421-53_2023.tif	7355552	686907d9916d7dbfb372b8016124bb21eeddcf1697a9bf2b36c0da4235b480cf
dop_1421-54_2023.tif	7376729	2d55a563ecbea4a946c8a667ebd6704dec4be2e4f2e69b0c35679b23f2f4a1f3
dop_1421-55_2023.tif	6868811	90255b09acdbcfc178ac6566fb512ab524ddbe05fb060d401c4e9a200d994fd2
dop_1421-56_2023.tif	6174423	6312bc7e79f7f153f987248447be1b47eed517a176c8691e8481183ba9c0d95a
dop_1421-61_2023.tif	7450749	d6281d6369875f9d92e69327e2fc53e90007f4d3042ca643baaf199b0d5fa9f8
dop_1421-62_2023.tif	7233042	4bd3c0ef516148dfd291a3f5c8f23d404cd7ec13de061f84ac278a1b431302de
dop_1421-63_2023.tif	6258923	004217ebb69d251a55d89275a25bf6ba69d8227c360da70485744a5d5f0f3642
dop_1421-64_2023.tif	6576977	a927a7ddb447b74a841b5646cf3166d0969fcd362edb7b7d1dd5d61c870cfd10
dop_1422-06_2023.tif	10214833	01c62b1171a380eb32d0773059ee1690e5461a8c39e8b83184274c210c325a19
dop_1422-07_2023.tif	8464805	dd1dd5b40fe864d244e3edc07bf6cc825ec1dc5a032e58a7f798a2b8034e568c
dop_1422-08_2023.tif	8007999	aaecb91e52a79b34a14180e9cb368c1e3e17927b263714edcbd2e7cbc031d7e5
dop_1422-13_2023.tif	9445903	b07f3c76d145c2f592d864bf2b3a93e76424e53ec70bd3e1f7f2de9f05a30866
dop_1422-14_2023.tif	9135339	f1bb243952b021de5f90c9708c8848dd745322cae2f7a76692a8c78019044035
dop_1422-15_2023.tif	7940324	19f0e3333f7e0e8b2d9bcc9b3730b23d46f9c66493c78de8d3971c40f6ab0fdf
dop_1422-16_2023.tif	7713929	cacd49b5ba7e40f76dca061fbf8d61b0162283a34f76129862b201e531fa0a01
dop_1422-21_2023.tif	9321883	688d4fbcea9c0c5ab3167d0962b8173f85645c1c933ef962656936b05d7b78b1
dop_1422-22_2023.tif	9107285	318100874d9ee946408fe8ac27407ee85f3ecafe3b62501af1529ccfb6a6e43b
dop_1422-23_2023.tif	8391063	68e0afe7b8bc990e356af4bb781d87f481c6e1b89eed37cde0a764a23ab2f605
dop_1422-24_2023.tif	7494169	12f34b1729940b78bb678166e656ecea13053177aba49ee18c23f25f2b1b41b9
dop_1422-28_2023.tif	10387809	d6c93089650d1bb72b795b082f49a57f0604278de4ad4ad75809c075b687046c
dop_1422-29_2023.tif	10270615	95bc581b2ee67c51e757658037bee1baec9335b6caaf02d50ad18a1fe56b765c
dop_1422-30_2023.tif	10115574	c12e35c4c72b7785abd2f74ab2bfc0c5ec3a50f9d5486b16f3d380f0c35c07be
dop_1422-31_2023.tif	9271563	66699051be265b213f78c8cc64658fade6c847803ea618dbc5a0ee7937414fc1
dop_1422-32_2023.tif	7207070	4b579a28b4cf4e4bb0b53e6bec83ec243905b5716e673e1695900a4cca4fd85f
dop_1422-36_2023.tif	10330471	3fb1a2ccb04c753c9e31a5111a1532e826e85256164806f0ee800f37695d57d4
dop_1422-37_2023.tif	9908307	ca124714b540a5c9f1985d81ecabf92dcf39eea7a60cfbf7a4948d02c2cb5e29
dop_1422-38_2023.tif	8696965	a5d8dd17c37a7b1b60c8581f0e1b626594f20e8321f313e7f54361591a4e0c3e
dop_1422-39_2023.tif	6876748	6c93f235cf7d54fa869af527866e8882de2336bb7054ae9f138371a111bf9fd2
dop_1422-40_2023.tif	6902579	cddaa748a2b749b39551d21972955a297c6a4e7f952a2867e0438d3c21b0dc76
dop_1422-44_2023.tif	10255519	147ea70bdfbf48ff2b2c6861cf297fe45d97fc7196dc5497382ecb4ac6b8e770
dop_1422-45_2023.tif	10715755	ed2cb52896c61bcf888fe84146ef988740755ef6f65d6e1222ee090e709d3932
dop_1422-46_2023.tif	9669586	3a3e9fc5326d6eb2aa8d2dbda743037f25d32b78b4117a2579a6686bcffbbda0
dop_1422-47_2023.tif	7629768	c0e2b276eb8d199d015c0b0a29a8dcf8d6faff3492e30ddf4f950d4277516c46
dop_1422-48_2023.tif	7173907	c04f4facdb2765d24554e150f22997b5ce6450be286058b8dc207089d907e701
dop_1422-53_2023.tif	9828606	11857a1fbc6aeaeef57f446f391c18db8ddf15fb163dd9375d39b588e145df22
dop_1422-54_2023.tif	8835737	824c69a060a3a1440e4e1eb6c255557deb519e11628fed4164b996d38771b5de
dop_1422-55_2023.tif	8003534	aca12e32dfdb7dfce01428cbba5f456d1c94f7a748f4ef09e184f09430803020
dop_1422-56_2023.tif	7806884	f56d4a7ed1d384bb048e7750d74061ac5e492c8107a5122130b4bd9cf1eda77e
dop_1422-61_2023.tif	7603163	14cd30000f845b336d1f66593e7b3a127c781462446c02844bc9c69c27d1d9b8
dop_1422-62_2023.tif	7736542	b6dea2bab11357123cb8c18e3dba6b5598d6dbc56ba73496a4acae3d49b9efcc
dop_1422-63_2023.tif	9561869	8022d2c930aede411b7c3f05a7253a186dd28ce8f4b55aa8e172be767417f4a4
dop_1422-64_2023.tif	8502147	202f7019272daa541d2f409241bcc42508ab676279b4e57aa5fc676cdc1337d2
dop_1422-72_2023.tif	9220602	c6fceb17e6627de6c5d80067d1ee637b297845044751b4b439c6a671ddbb6779
dop_1422-80_2023.tif	10492790	6baa17505ed1647a47f439c811ebad0de02948d3e52415adc2f4ad8df59ff9b1
dop_1423-08_2023.tif	9193522	cb335277ea1463e79dbdc8a1016fc7e219ba2ac7b4deed7cb8db39357cb49382
dop_1423-16_2023.tif	9214312	e10e3f183ce2714e1c931cf4450bf1c711caa91052e6f31846a5889d74faf8e3
dop_1423-24_2023.tif	8808408	1e9db51e409c6be1521a9f6ccbb4dcc33c71b9eaf7663f24dab13311894deaff
dop_1423-32_2023.tif	7576108	8ec5e5f2146da5f7a1650d51a1b9ddd67af754e53c9c3453dcb5508310728161
dop_1423-40_2023.tif	8035492	616b3257e60fb848db14083eb21ad24646e1da0d959d81a25fd9551f9c86b028
dop_1423-48_2023.tif	8549548	a11e9d07cdd00818aa7d39196202ca399a568f5e925d9ae931691cdacadb19c5
dop_1423-56_2023.tif	10366842	d5479d056631cbfc9982e9077aed867515e9127233a82be66aa97140ed999fdd
dop_1423-64_2023.tif	8745440	bb3368e9228dcff64be17bcfe4e7ab03aae0a91cceec2f268e4e92e2e9cb1e45
dop_1424-31_2023.tif	6297033	ad72cb6112fa50d6990b0e589490d844966c1da3ac30bbd2731e2d2c56b30274
dop_1424-32_2023.tif	5935031	63511f6bb3f5cdc4ea5c719545c6bbd7b1a3c12f11fea8fcacec26580c4f7ccb
dop_1424-40_2023.tif	4876739	a03ed10cb25fae3e2aa27fcee1123bffdd0433467f8a45d861ec4cd2d67528d8
dop_1424-72_2023.tif	7264995	94fa42cbf8367758d583b86177ede2c38ebbe5733e66c232052f0749d7be0e88
dop_1424-80_2023.tif	9918982	09d14bd0bed1e61386cddab4290c35c6f90810ce510d50fb5c3d98098018c301
dop_1521-01_2023.tif	9151011	2a46efebcaa7eb6026c857de1663b12dbfe04066e1616b9db4b2a6bf5e10717e
dop_1521-02_2023.tif	10385333	ef3e97881ae07b1030560f5b5a3c91bc9007bf4aa344ad9e7abca78f6967ed7b
dop_1521-03_2023.tif	10617399	6cfdb506d37e1a28c779b3eec1ba9d58be59a0d985464ff22ef02f9ba21a9394
dop_1521-04_2023.tif	10432446	9d741f307bf771d200560f2c9712cfde462940b079d121fbee1d0a3695eebd9c
dop_1521-05_2023.tif	7968531	3e7e5a1e8ee6c76eaac6254d2e504345722aecfa005918404a60c279ba9d579b
dop_1521-06_2023.tif	7590850	03d82e821eaa653894aaf336cf3848210f705f4cd9ecf6a3b03707aa70d5b794
dop_1521-07_2023.tif	6335222	d98268f1f6a9a8421c249cabe9e8faa3da3e825521d71f22da58ab495dfaacb9
dop_1521-08_2023.tif	6247566	54ddc895945549315ec20d9df7e89300a69821293269370947a070f3ee03c138
dop_1521-09_2023.tif	9760722	d8954dcf0cf37a418e7e42c3a10543152d8d7d80bb3358f5a0e2525704f95d9c
dop_1521-10_2023.tif	9806235	017f65561c18838d08ce447580520837c8b0e96392a464eb42f85b1c8927a141
dop_1521-11_2023.tif	8841129	da9c292fe9558f1689b7e671b2d85de8b8d475f49aeb7f7c6317c065f4c76261
dop_1521-12_2023.tif	9389281	f6ac828b1f2fc25e4141008fc28e9caeaa5a6969c1242fd343b434e8c297edaa
dop_1521-13_2023.tif	7488245	4a2f5e050e116b63d849e5d718eb7e772ef6d2da2a362b71a3ce0b7c0a7fca73
dop_1521-14_2023.tif	6520457	bf188438da7e4685937dd951e61729c0194b6987ad361e679a24cbeda4dc3d21
dop_1521-15_2023.tif	6296092	ef39ba76f009c74b3f4189d426771123eac02cf2b3fb47dc2cb5867fa16422e1
dop_1521-16_2023.tif	9139272	3337231339ee49aa4edf9cbf2fa7ef0cd9fdd21584b3c807a725d33f1bd1a949
dop_1521-17_2023.tif	9437706	2e7d87833b925b8eff44542d66a3211855ee6fa7a57cbd915edb557d1a3d6c88
dop_1521-18_2023.tif	9245416	a84b1bacdf70331b43291e207b5e8b19598b268ca312ecb2eea583ad4568f7c5
dop_1521-19_2023.tif	8799814	528412446be39c6f8824c0bcd2e3a9b727683e9155b8dbade2f2fb3e17df15c0
dop_1521-20_2023.tif	7942808	d70588c3d704909f99e6a2343c97e1f363d87b4d27217195593dd40c0bc9f7b8
dop_1521-21_2023.tif	6658893	a196d3ad405be2e9d76170d12dd3643c23bf840e47131e7aa996b8cc3de4cd61
dop_1521-22_2023.tif	5986910	4d0855f154b0c53265d4e116e8730027f431354360312365f7605c71fa539be2
dop_1521-23_2023.tif	7443506	911c357d89a0a4c20e7b4cb302f6f4298e851e2c4d56d4a48f8167edc4fa0da4
dop_1521-24_2023.tif	8203466	6412d26755416ede6042bb11cfc7e1694065d7551b7cb5b45347271c80471878
dop_1521-25_2023.tif	9042174	8d288ff2cbc54b22072e8c82f3986ddebcb84e3704838556faa99d7fe4863dd1
dop_1521-26_2023.tif	7306066	5185913b95bf4be191bc62be9aa6bf608ded2be009cfa338004b8053297b6fc8
dop_1521-27_2023.tif	7863441	28649f26f00666a87d0790be3aca3a69b2260ed0ecdab45b31e97375f72bb299
dop_1521-28_2023.tif	7123110	8ca494a321c095a28edeebcb95a160b11ab5cf3ddd36d314d00357e47ab7cb5b
dop_1521-29_2023.tif	6613948	eb02b4f3736ed491dbe5e0a5ef8b7259ce088dcc116dba1972bf68e2d34a5c0b
dop_1521-30_2023.tif	6705988	10baf0d6246899b91143a612745603354d24adbf1500b423fb72c97084148826
dop_1521-31_2023.tif	7152084	8191ef2b6966992f00ad6a12e50286693c9d2a1d2dc2754ac89929251eb3f86c
dop_1521-32_2023.tif	9679104	8511df004fa97275c3ad70f50ff22b58b34894b7e6992c688d640ddb0b2e3635
dop_1521-33_2023.tif	7442457	818da043dccd5e87c1b8fa2abc5d78945f1eb8f30927752736c14ec5633a9c3a
dop_1521-34_2023.tif	6853979	7e74a4b716a2eb147fb327e1ccbd82997d8cad63ee4d10f68b91f04930f952b2
dop_1521-35_2023.tif	6450204	b32717dd1e1412a0ec613394ad9b58a56990dc59ed495bf196f4c6a2336c4605
dop_1521-36_2023.tif	6496406	d9726bbb5c8f0bfe9df1e5162dce07d0f354d3aa964dfe762ab90ae2a46eac2e
dop_1521-37_2023.tif	8471056	2df5ca485849db68fd27200603c8c5afc9202bdc995ca917c7f2bbb7fde90cfd
dop_1521-38_2023.tif	7574062	2b30e70975d528d6dbd7ee913f9a191fc33a04399c0616b6a423bf59f30478d9
dop_1521-39_2023.tif	7812803	2d42853078c1d166baffe9c6ba70c8fade2d764691423b1a58aa056b07c8dc96
dop_1521-40_2023.tif	9215879	6d647c379dcdca995d525e29eaa8af4f2df626dfa05ffd7c3edd57dc08e297db
dop_1521-41_2023.tif	6974807	0aeba2aeda93318cdc2b92fcb3adb3045dc20d3a46c1e451ba23c7f2ebfe2121
dop_1521-42_2023.tif	6262894	1b5fb0277f6ead0ff022132730ff8fc4d10d137bf9f8c6adf335ff97fbead367
dop_1521-43_2023.tif	6303281	50636e33deb9ae3c171e1bd98e5eb480a6f1b67c204af44322c84a270bdb3b48
dop_1521-44_2023.tif	7539263	10eb98d3e59a53d9e9ba7bebc4ca7317875bd99b15f81f7b9c1848e8db851ac5
dop_1521-45_2023.tif	8215450	28fc9f312c9b62a3f98b7f54149a77aa2e9bfc695c5793e1501ac0333b2568a6
dop_1521-46_2023.tif	6593352	6dd93305d454667d9e273e819181da5eb62e7263d70a28327a68c54b6ea00ea6
dop_1521-47_2023.tif	6800165	056600073572389fc3fc0e03699827a4483574288bc32317904a2f578183fe43
dop_1521-48_2023.tif	7318177	6a46abad491d69552782e6a978e6f746ef9c0a4506d543ae84033a836b5fb74b
dop_1521-49_2023.tif	6680625	695494b86d9481f10150173751ecedee6d5bf769167a916b6c72fb1a89cfd28f
dop_1521-50_2023.tif	6957585	07adab5de82b37e7812ccd9cde8eedf55be7061aa79a6a23f783e361c216987a
dop_1521-51_2023.tif	7495157	0ec6521d2fd7a53864bb5c7e397961a9ad754ec835df3ea455e8d6251b4605ba
dop_1521-52_2023.tif	9687208	3cc5163eecd4e31eda87d646077a0b289cd08b55d3af84aa4ac54786a4ad087c
dop_1521-53_2023.tif	7239073	f23ec5ee5649a0696a021881b84e963b5d62bd27cbc3e3515d4078b9163f178b
dop_1521-54_2023.tif	6918528	2bfa3192ed63c9bb29bd5d1cb44a9ea4b4f0d8e6846640ceb0bf26f6558f3e9f
dop_1521-55_2023.tif	7590485	ac4c8fb879055cc1c518f1b149a04243b00ac914a2cda30ae8610cdd0dc30172
dop_1521-56_2023.tif	8772325	1756109a769a49a986f66aff2a66a3e4d844a0a5b0f78b989eb632e816a15f70
dop_1521-57_2023.tif	9214035	5c18e5efc8e8a60611bc4506893f92802cd75d336645c0becacaf2774b369108
dop_1521-58_2023.tif	7561880	96aebd35601e4ca8a733bdf7207c5872c1d3e09aba2c69bfa088c8b2637884d8
dop_1521-59_2023.tif	8459849	62e9061a015ad16c03e2fcc52e4ecf4ee5597086762f0a640456e1590d9648e8
dop_1521-60_2023.tif	9869132	2cb2ae1cf11d05b2f506489fc498fde739d05cb03047fef1685e7f08056d333e
dop_1521-61_2023.tif	7234270	4d6b08617421a728e0bc723a4c0c42abb9ecf4a03a866f6ae42a8bd174be280b
dop_1521-62_2023.tif	7443069	800ac3227c5047ed8defbf50be397f149cc7cc69bdde42db538545d9c5c5e33b
dop_1521-63_2023.tif	8382736	d5bdb93f98379d6d5fa22565712957ec0c6e8aca568060d26a1f00a5f3111596
dop_1521-64_2023.tif	8486153	0af093bef64e1a3b1272c7bb4e52908bf6d2abc2364c6fd53a9cce737e56a8a7
dop_1522-01_2023.tif	8315129	5027d0bd05f00b6d8f77061f017cccff7d0dfe8ead06965d5de3ca5c980edea6
dop_1522-02_2023.tif	7617626	e49b637bda89eabea252974776c3f237b0f823a9d7e1f9b1faf20992aaabf2d9
dop_1522-03_2023.tif	6136488	6ca585c4e9d4c5527ad48a2e20388bcf2dcb5ba2db817f1b04219b4fb701c1c0
dop_1522-04_2023.tif	6712206	020ab474bf8fe198dce81337d85210c0aec36eec703a568dab7bb76f437d836a
dop_1522-05_2023.tif	9048269	3e508a612656586715550a1f8ef7af9307f66e9f55099f3c449b98d39ab4c0d0
dop_1522-06_2023.tif	9452395	710f126404e1f09c8f6dd4ab9633ccc0b3e5828cb8228240350b180625e05a69
dop_1522-07_2023.tif	9929982	1fea7580c32fa7c6f9c8fcf93249f339914e200db4eb8f99afc0d88f861d6a92
dop_1522-08_2023.tif	9997907	75e022f21be3ff3ea91960f55ae99ef01eea0be833bbd0c7879c04e307c8c7fa
dop_1522-09_2023.tif	7652095	0c1737ee68815ad3d118376365bbf1a854bbb5747b81f7a2c9591973dc18a081
dop_1522-10_2023.tif	5815257	d2f2f6991a41b12401e4065f6ac2c1321b0ac3885690f78d1ba28d9767477e65
dop_1522-11_2023.tif	7117409	1bc70160e15685d88359c74b92fa6270593ae4f62b49e2a59cc39979df9bf694
dop_1522-12_2023.tif	7263549	d961167fcf731a24b714d1a93693cdaa96396d34ea016ab4f33e6feddb1eff25
dop_1522-13_2023.tif	9516501	bf11baef6ed5fe2fef954201d20ac4f039e576711383a3a533fe3a6881d87603
dop_1522-14_2023.tif	10986956	3e9756ea97b8cb04ec5125db89f8cb7e8adf0e0795c2e4c334cf63a7e761514d
dop_1522-15_2023.tif	10506930	88c7120cd3cccafb3201fedffecf1488d1b929721b705b6c2e0666ae0d8bb613
dop_1522-16_2023.tif	9223108	110a63883b3b734b215267b50025b85bb507bdb68446bc95ed4c2b41162b5667
dop_1522-17_2023.tif	6867796	efcf06703617c0befdf847b9ca8d156b9e225a690efb3a3c3e6fdb96d710320a
dop_1522-18_2023.tif	7119637	bbfae3a1afc842f9e9af3040181e65b18f7fda0c0628b44152ee96e713034753
dop_1522-19_2023.tif	8340833	6b61390d0acd074ee8a1e06973191b450e46cc07b5a9bc9f8f2122184102d2ec
dop_1522-20_2023.tif	7327838	02002da8ab8c0af1422c4356c7d17ec8c7cc8ca83258818e00a31700ea3f27d9
dop_1522-21_2023.tif	9494187	bc2c5dbcd98c79a785a0173045cd53ce6baf4829a36841c5da87e2decd4ec14d
dop_1522-22_2023.tif	10338964	78a20ea7845b198173dc5a01ba9a44711563092fae891bb0c7ae82bc9d5eadb0
dop_1522-23_2023.tif	10282266	de0d7d3ab53e13961c7323fd522ac9816393bb6b838f0f5cdd14922e7c6a8bee
dop_1522-24_2023.tif	7790591	196f0bfc7811a83a660d2c481d63082f7f9bc9ed91ca3ce0d3ae73636fd30bd5
dop_1522-25_2023.tif	6278361	a5e5d5b1bb9a670497b7a93562ae033bb49a3d1800ca1486a162ac148416aa7a
dop_1522-26_2023.tif	8226663	3f81edd4392e5e0cd34207f3492254edea250cd447169e93c4eda6d471b70277
dop_1522-27_2023.tif	9184703	2909ca6c973d578a4d59c184e17cab349220fdf4cf088877f6fdee2c6fbfe780
dop_1522-28_2023.tif	7580251	ad5403154b248cccc004a037a9c92fed075a567a1dc0bd96506b1144b6a7db42
dop_1522-29_2023.tif	7997232	e945d2eadf10faa5970861e16f95aa63c819665fdc76a56463c98038208973b0
dop_1522-30_2023.tif	10590184	2f0e583d6419b520965718b962bf1779636042923991cc77429e220a377d9bce
dop_1522-31_2023.tif	9926094	ace118b22d21aacf26e41d8149dc93e2a09ae9c92577d143defc799e91c081ce
dop_1522-32_2023.tif	8333337	785f3c8f6b9eeee057b06bffbcc55927b7c90d2464bb7ba28ea8a70777f9124b
dop_1522-33_2023.tif	8942102	c46bcef1ef9ba839208015600e74e4aafce5a49a9ca14d4b4899a3d593a6360d
dop_1522-34_2023.tif	8495110	6221d67cfb53749e094748b5073e7805f5c2786eb15df01ecc822a48525c352b
dop_1522-35_2023.tif	9381075	4128c539908549a837b73f5e21fce1a1c1f28d4459669284e91cac58e9fa624e
dop_1522-36_2023.tif	7847928	d569353393a2f3cc06ea99153016301f8a73f56be056649cf5d0929108ab3d90
dop_1522-37_2023.tif	7789899	8914b82ee06a511b90450b861350a78e52335b7b9124e2631e6ddfa03be55ecb
dop_1522-38_2023.tif	9395263	693468a991e527ea85c6a15032b0ca811d7faf5f4faf666c4d734f0f2c0ba7b9
dop_1522-39_2023.tif	9693186	bee164df1c45311d4cdc6087cd7e086bc30bc00e908e6731f18a57f19810d8a1
dop_1522-40_2023.tif	9136651	3dcd7cfbca2594618ed7e2da6cb2e3a47b5e4e5c57b6cac8e199d92183d01ec1
dop_1522-41_2023.tif	8884914	ae9fa55016e30ed97b3b6937854d18b8a6e6a03aaec1856231a253ca0fae4290
dop_1522-42_2023.tif	10698777	2b5b28f380e2e29b531451e794ae23e7f3867da6e534c6d3255c47e3cf1f0129
dop_1522-43_2023.tif	10257874	97091631647a104878b7c8af2585d40087b82a893b58c743315bf735ce5ffbcc
dop_1522-44_2023.tif	7684097	1d22b8782cd2cfaa834a23683cba275d0dd67d795e52bf12122b5db65a25dc1b
dop_1522-45_2023.tif	8852555	6e33a4aa62fb415d78cc7bcba8169a7450070d406d7aab7de76f1902a144c9a2
dop_1522-46_2023.tif	10160678	d0b80de06b4b9374b94012747b530918ca3dd9997b08dd3f21d106f5f5ca4485
dop_1522-47_2023.tif	9939074	d3f68d9837426789c6d4197891486a6cf3912184313256e124c70a34acc88d61
dop_1522-48_2023.tif	8384858	7930d20771022d159a9b03fd9eaae2b16663d25c0cbbf91ad0c3a9728fcc47a9
dop_1522-49_2023.tif	9046854	662fd6e828bf0aad12abd4aaaedc74de580c810a654cedc84f9cdd8f059e8fd4
dop_1522-50_2023.tif	9714111	b8de34567c3d22573437eaf51eba3d82682f32039cfba54a0a403839cd1ffbaf
dop_1522-51_2023.tif	9377750	4bdb47d11aaf2d5d65f9a7f5bf392c3f24b30b1925e0aaeba876564db533043b
dop_1522-52_2023.tif	8414104	abb490e4b71b5b8f1981e015c83e75743f8d7507e8040ede61e1fa9ce72fe12d
dop_1522-53_2023.tif	8820600	f195a6032b3a32acb71a9bb7751488f6ffd9fba0229e4a496af3024da1b911e3
dop_1522-54_2023.tif	9930293	e8cac5080b339bf7206e4046ecb96710a68ed90b453ca89634daff57a7664ea9
dop_1522-55_2023.tif	9081932	d6f06f9cadcc7f9260ed9df535b1a92ba8960e3e9b2796d84f032a3ca5080d86
dop_1522-56_2023.tif	7331820	55bd46bf0fd883280da996ce3805d2e9dfb24efeec2d9f27fc51c0a9eb6e2ce6
dop_1522-57_2023.tif	7787049	cba5d88d8cc760eb53acfd506b709309d153930e22abcdee94b80ee2830ee023
dop_1522-58_2023.tif	9567292	2ddf057555f2e2b53b57228472d0f44592ad46ff0c91c3e5c9eac3c0f7fed93b
dop_1522-59_2023.tif	11049278	29bb7de4b1ad9e9aabcc221d59e8a5cf2c8f2816cc162e435477661d9fde2d53
dop_1522-60_2023.tif	9879505	5825a8966cd5594dbc92776bc329218efa6bc3f3a872480b4228ae3f4eacf258
dop_1522-61_2023.tif	10531693	5b4072fede076cb7ef03deafc148ca2480a13eca7e0840eba3de747bf323e7c5
dop_1522-62_2023.tif	11067830	02709b58bbce746b44bb9fef43096b72f8c6497aad3787f54cb6cf71f5d7dc74
dop_1522-63_2023.tif	9685148	3ff18390c9eb1cd2c39bb0f52dded0737a8aa3af7fd306d48615c59f9ccae642
dop_1522-64_2023.tif	8243416	4a9a5b963587d2aebfadd18ca73f1f289836821e05250ed4cd1546793c5f6eb9
dop_1522-65_2023.tif	9001980	d8a832cc2757a55bc0fa02f8ba21bf6c6fe65c345a32412418dc9dc6c626ad7e
dop_1522-66_2023.tif	9973336	f41d0afa9c99c2e3285122517d5ad2803691638af87dc4afe2def6f29a49be7d
dop_1522-67_2023.tif	10446209	7d72ac8221afb934d65f524df002aef9df7cfb0bc7d3016d8090570425cb7dce
dop_1522-68_2023.tif	10457229	723da00930fac07e72fb4610a969d2efde4005294bed652bb957a5a79f902e52
dop_1522-69_2023.tif	10710122	75aabb0caf81e4cb37f458b37d11910879c8cd5afd83b1b3b15d78e78a208c51
dop_1522-70_2023.tif	11029716	c2d5d3e1463c78169d36e8650361cc47937652053801ba0fed68acc7859c0216
dop_1522-71_2023.tif	8689330	8c7ac7526643e500f705f6e4166dab755b04737af016f56ac4727a7a539f6faf
dop_1522-72_2023.tif	8114893	0851be1f646da3039dfa3d390eee2198e5e97bae5c1708625024589a298aceab
dop_1522-73_2023.tif	8172840	0bf9f1f722db63bba0676e571860eec900b0ca5ea373f44c4ddd5e0eb9db6c3d
dop_1522-74_2023.tif	10475667	2b1b3e05bde71b335e4f487ac530e030cf3bbe5b37b2927763bd9b44724bc0ad
dop_1522-75_2023.tif	10815441	6b23096cb958568727dd8baa03bf4518b8760ff8ef7956290ea3fba6c3940136
dop_1522-76_2023.tif	9520723	9276791c2f450ab5ce81bb60f6285d9728c12499dee679fb040d88642b3f6862
dop_1522-77_2023.tif	8503021	c220390a069589fd56c62033131a580349ddab3af716341f954aa164ac746b52
dop_1522-78_2023.tif	8557378	0ca929005eb64f76a1a23b4d77d80631ae954b953b3f05c91735eef67346b00d
dop_1522-79_2023.tif	7696932	3c8a82c51bee2bf56d40426e00858ca10f4745a0ac18ed1fbd67d3bb3f5862e5
dop_1522-80_2023.tif	5823548	f639a9f4c490456ce683bfe47c10122aaf9f04d6646137f80df3f8faad1f3382
dop_1523-01_2023.tif	8211356	326322c71fe94568caddd95cbf6b777fef41b852a6b91c2cde2103950f240f59
dop_1523-02_2023.tif	7192685	fe8a7a24a99d56337ac5dec6c0abce55eea2dea2a2db8ba909b2d81e42892228
dop_1523-03_2023.tif	6048588	590dcfeb79135d01c08578f949acbd829493a4688b60bc6aca6446c175dcb898
dop_1523-04_2023.tif	8169481	088be626f211640d90f6a8772573dd51d275a868267f6c90acf20f7bf334995d
dop_1523-05_2023.tif	7265948	e47435bd108a5b68941391604a6a333ddd5f23e9c5d94673d03f75a55844994d
dop_1523-06_2023.tif	6159154	1dd8bf1860972cbfc4e85070a139110c88ef499ef31628034b28cb7688157647
dop_1523-07_2023.tif	6355697	69611f74de2fe124943bc6168e11651602957614aac213f0d6a01bfad9acc457
dop_1523-08_2023.tif	6999268	048e050487fc9c0dcd6e5cc1a0b876fbf66d5b57308a56a7d1b53bbd257cbac9
dop_1523-09_2023.tif	8587352	500d7cda4e41d0382628837f9dbe069b7c55b5708e7961a2dc4a994bb9085057
dop_1523-10_2023.tif	7178453	80cb685a99d79b3fadb9e66007ac037c48769756383d45df1bbdee0838c98a01
dop_1523-11_2023.tif	8247473	f963bd090c79853d74b3be3b47784a1294da84c8f0cc51d6c762ff2c89f81cae
dop_1523-12_2023.tif	8432909	6995ec4808a52e82b5e23fc8c93b4fad6e089d8dbe13b2ab26b29ae3e623ef30
dop_1523-13_2023.tif	7175415	d72ad686a0d347d2621c58185af90a60f09828776c9f4fc248fdb6916f7b85de
dop_1523-14_2023.tif	6798281	05592f961c78a89f57220a8139813f4a5c7c3236d790ccd13f58a3616816455b
dop_1523-15_2023.tif	9031119	8148ed1f05033e3b7bf99d98e5d3d19dced4c86d7c81ecd570be7d161d862651
dop_1523-16_2023.tif	7592718	c77aa81fd13f32673161b662a5a2821c10904cc97dc6a6619a8cfdc4fdcfc6a7
dop_1523-17_2023.tif	7008024	82d55da200c657d24545255546776b35bd4bb380de8c05a24943240be6f7b751
dop_1523-18_2023.tif	7650683	c5456b4b6688bd6ff8882c3d1d0ceb5456164c8c341df75ca084e4b5c1826b9f
dop_1523-19_2023.tif	8684113	96deb1dbbe82c4f8ed4b3dd24cad26fef5abe740d3ed6724378dca790fb2505c
dop_1523-20_2023.tif	7583054	3742158e2635b9c49bddac6bfeea6b65c4dc57a69013a83eb5a4507e237e40c9
dop_1523-21_2023.tif	6481791	e80906023a49c5b3b8269c6d133224ab216f877bd58fb4eaae2c1d36080baccc
dop_1523-22_2023.tif	10160575	e2b5d78c1f96fda45b3bc504ef87586f3d8142fe17f0e2d6b76b73da1a040d6e
dop_1523-23_2023.tif	9142678	68eef62afd0c1bbf0db406c86c4e3abd94f4b94ea12e276c6c71b410452e2017
dop_1523-24_2023.tif	7736861	0e2825b3ce2d73bfd7fc68d9e07775777fc012019568b84964a600bbbd13a09a
dop_1523-25_2023.tif	8835311	cc250a79fb9807a36beed160d4a37cb4aa83b0c245c8bcd9a3e38b2ec0c108b4
dop_1523-26_2023.tif	8120727	e4e13a7b62de16a021752c3d31b0273dad56029e7bfc23c145c9515bf92422c8
dop_1523-27_2023.tif	8142019	a79333278d13a0ae0b37cd79eb7c997b1e66b5012172f2b7a68ecf8d317f1670
dop_1523-28_2023.tif	6579630	30cba2aeec85081fbafbb8fe241dff3f1130d6c2c6ac360113b5027b8da08937
dop_1523-29_2023.tif	7372508	ba29fef9484acb9c14f48c6ad9c016c9e838604d46ba7583a35b533dd5deeecc
dop_1523-30_2023.tif	9131106	a66cd58e9f3f1a1d9d71199595e80f7801ce6c7a218ca669c27e9c26484cb861
dop_1523-31_2023.tif	9018176	c56b6b464d362ecbeecc477c405d2278e5c7fc947ca83c427016c49d53031304
dop_1523-32_2023.tif	8365844	d4a5e23255a999bb3b82b499c30c72568187b9934e046b617db8ad33b22e431e
dop_1523-33_2023.tif	9297264	280289cf474d37fbb309655ffe06488c9a9eb0959d56253dc408657bf7fc8db0
dop_1523-34_2023.tif	7801556	1b6e1882d363240b2daf57b652f9a3fcffdd393c5fd8a6b9a0cdfe9bb113784a
dop_1523-35_2023.tif	7498822	52a8183b195e31f28c08ec80665de645b4d4f2d9263b3d49275e8a16d1c3e390
dop_1523-36_2023.tif	7053609	af9508c5216f113b9b686207233939ec78d9c101cee3e06b64096ac8d4ada8fb
dop_1523-37_2023.tif	7316916	c7dfb2085a5db229bf3432acc291430deb5d301c1ada2b895f5d71eb05d34a80
dop_1523-38_2023.tif	8523457	53e59f4a83d9db59dca868719faa7190e78d71c82d4c6a329d1723ab66d1bd88
dop_1523-39_2023.tif	8937037	8941cddd1557c745be8269070b37768b1e6390ba22d422d932d7c06e8cf6bb40
dop_1523-40_2023.tif	8753480	2782824b050b5135491df4d7903a0d9016bbc91201b6bf86935b90edfc174a0a
dop_1523-41_2023.tif	9400393	5dfc0d07c3cf84afdf35fc4f0d60dc970de4d95d21e3cd6df5f33497cf8f3c83
dop_1523-42_2023.tif	8801330	db3dc914e2e5835918710cff9e3fdddd70c300bb039b8e5e1492831f1aadb933
dop_1523-43_2023.tif	8585292	fb32875e16896bb5436e38ac3f9879931222669dd37b40d4d0a8b5cd4fc14704
dop_1523-44_2023.tif	10388816	df1838b3b4cd66c705bb782bf91f820a8fb5296b7fb0f66b8d5d0682d2277526
dop_1523-45_2023.tif	10310322	291f116b1ab07f6640d83a51a2a57630485ab3ecdf5e799c61006378c71ad362
dop_1523-46_2023.tif	8455094	5247125c760078dbd01efb38ac21bbe799045e59d202b94fbcd3f944dd7784aa
dop_1523-47_2023.tif	7554886	fdb3e5067ab6ab58c8521f0b36e4f05975a0423f9094780ff2d524cd31b87b73
dop_1523-48_2023.tif	7388672	96d472ada30d2b1ecd62a8832cfa6ae2c7ad073d2cfbdf1aa436a36a757729fe
dop_1523-49_2023.tif	10128934	81f6cfe1d698168d936583efd599343b86e442853fcd3e7a7ba03590942ef896
dop_1523-50_2023.tif	9287446	e750b93addb4d3dfee527ff9ab6d10f499aac05c2824f200b4ed6d0c559b7656
dop_1523-51_2023.tif	9362221	1c9d744beb69778dc2ab1ba28f6ef3573ee3becb3177e88c6caeac2e894e54c8
dop_1523-52_2023.tif	8061829	434a09a18dba4d9da35fd9347b55ab0c243bc3d9a8b2b2b1531a936c385b521f
dop_1523-53_2023.tif	7657663	381ae0b328886b37982d5cc36edbda45987b4ec5bad685cd2249b8d175c3f3e4
dop_1523-54_2023.tif	7152241	54045fe35d610426c41cb838eb194330d30fcc70aedd11d0724ef350b45932d9
dop_1523-55_2023.tif	7435823	ec5582f90a3269cb9fdb4695ef336b153dacd5b8c852710739916f8a26e1172f
dop_1523-56_2023.tif	6665399	c1bbf05c96788d40842ef05e55018161bc3bbe78280828c585ff7fa525eae0fd
dop_1523-57_2023.tif	8162014	195ff66db58d09e126e226a81ea13e2bc621b19e1ea7e91341c3cdff42d41bec
dop_1523-58_2023.tif	8748278	685a07e3bbe26828d7e85cadad897858d33fdc10f2ad592268b1c37d5b8fff06
dop_1523-59_2023.tif	7957872	4515287f210f8c4a31b0ed74fa39c0536a5fe2a5b8f63755dd251a721d1820c2
dop_1523-60_2023.tif	7561558	d6fc72bea406c959b847f28c7a2dc991cf096a7983c18479b89ba807f2ba292e
dop_1523-61_2023.tif	6298702	cb0078ba4c66d91e29a3e95d3d2090183e842c0d3cdc087c980b128a78a71430
dop_1523-62_2023.tif	6339878	6295b6b2bb24505f76fae090e018af84064fcfe6263d1892e5a06327c63518c7
dop_1523-63_2023.tif	6405941	eaefc0171342217bdb48f423de74befb7a78c6938da2798bd06f2b015344c6ea
dop_1523-64_2023.tif	6040201	4a16abe118f6f3533e916a6b14c535d028d01d03b303ae053d8ab3baba7f6f09
dop_1523-65_2023.tif	7722624	8fc9e5f18389e3dff86127921a28b0bb1bf786834672f0c53c2b511721925149
dop_1523-66_2023.tif	7753685	08d0eacc22d69fbd510f41d161d467cf0de432d5980b0c656fda73128bbaca1b
dop_1523-67_2023.tif	7368432	972e8cfb39a942cb39e5b867bd6c2a243824653c5829b059a7f5c6c24c60d01a
dop_1523-68_2023.tif	6548440	a5e34d59876107830dff3bc9f5e66b38b54523bcfc6cf832489278cf9a2c98fb
dop_1523-69_2023.tif	6109642	403b3b2470a62de7a6c6d7c1f1d37cf3d3c8bfadc4001eec3c0f1f5c9d47f713
dop_1523-70_2023.tif	6486513	28f299ae20d7f3d29cfdea030a410e15bc8a219fb11f579c9cd7004aef8a24bf
dop_1523-71_2023.tif	6737568	b32b51fc35c35ab8d78fbb36242c6130586ee912e091698970405ffea30fc7e6
dop_1523-72_2023.tif	6932698	e58103234aa480cd584b5a566c44bb3c10ab03b420d3eaed729150eb3cf99241
dop_1523-73_2023.tif	8540089	8e29322376b6bd9ef3d8a020b900d76fc9bdfe3e0fd1042012d5f00eff9d0bfb
dop_1523-74_2023.tif	7640507	c336fe62b065dcb54e120b9ead44226ad2b82a039d090fe969af0a0dbefab1b7
dop_1523-75_2023.tif	7364594	f78ba375c723be99a472e2360235305ddd4cc0e1e64d4b52f08a899aed16d4c5
dop_1523-76_2023.tif	6121048	6e3c7634bf2ec186890acff19347d5a6adb1618e8c88c7eb52632b64af300f41
dop_1523-77_2023.tif	6197920	e92fd47a9bd904f1f54eec9c903a3053953afa6636d9da7b6486f34a4bb4d2fd
dop_1523-78_2023.tif	7532524	eb33c2f107a1e5b5e2f294a0c33584c7e468865457fc20076972431bf772cd32
dop_1523-79_2023.tif	7910945	056d0c5a61fc52cf2bdc75e3873eb72c4a88bc3ca9b1ca8e44e99a2d83ba0eae
dop_1523-80_2023.tif	8446062	756252cfb4af06256ea0683f82044323312aebb072847930d2764888e3862d4d
dop_1524-06_2023.tif	8312972	6c18b79e2a222a1bb7d118d2e2cbd38ac295c580254a9a5599d2a7f84baa3d8b
dop_1524-07_2023.tif	9268324	f9695a3be5071713adb26142ef87f1107a01c99cbdb73bd6262b3d352114469e
dop_1524-08_2023.tif	7556346	6f81cb543477d98c7fe9dbae5d98d90d95e8ca052532c12658284e570909042e
dop_1524-12_2023.tif	8430677	c378c95be380f862ba0047e8e6e361718a14cf19d901dcebb218c03d932ee8e7
dop_1524-13_2023.tif	8681030	66b721581e80b979d3111db9c5d3719e62dad6d6dca14e9d5d3dd1e9befe7010
dop_1524-14_2023.tif	9603825	f77357a810234ef6a04e0ce4bc7b715ebf083b957e651c33233630c0b8b79774
dop_1524-15_2023.tif	7320396	cdce72b1961c7ae0b93ce4e5dff57078418d1547980d4bf8609dd0cf36f7c14c
dop_1524-16_2023.tif	5361903	67545ebf92f5e6eaf61f9151a070c679fee0b5586d646edbd495210eb31e4e87
dop_1524-17_2023.tif	5621253	9f9115ec0933355ed717e1c1ff765d961a5c4f1aea482f2ed22288b0e732b7c2
dop_1524-18_2023.tif	6583924	20466a33bf5ee492904838a8eaa99c2515ebcb90588bb6b75ca2895b08332a36
dop_1524-19_2023.tif	8909819	332686d02794373e4e6d1970a65e65195c58cb68f598ad5d6491f281896f0803
dop_1524-20_2023.tif	9111302	367760edf599d5abfdaf4543d2406d61aa25bea23951e60638cc49fdb67ecea3
dop_1524-21_2023.tif	9180895	77ea1563def321e70d31ecdc122fbeec18fe57a8b531807c3e3fd1441f618489
dop_1524-22_2023.tif	8522640	3882df668a988aab2a87edc274dab413d66eb62ec737c801f37d2f685efb5656
dop_1524-23_2023.tif	7599074	7228d0d48ddcb4fc7465227a1d3d416b8787e5a6c03e79396221c0fe6b5141a3
dop_1524-24_2023.tif	7292186	d7aa1121630468864f4abcc891119eb2109645655692dc22fbf2cc88b34860d4
dop_1524-25_2023.tif	5806127	d606906c8a39cf2f170cfd8fdb1b6fbc99fc936b2c2f4751e1ba0b8bf3a232fa
dop_1524-26_2023.tif	8157932	fb4ded37f27bf296dcbc9e54a49541c27607e7f9ae0114454dbbb80babf7e3e4
dop_1524-27_2023.tif	9165952	f799732475165e8960e051551e2202437d06e09b18a2ef1c606b806fe2600155
dop_1524-28_2023.tif	6847792	3d151c8538d68aa8ba4ae4d729ef62fb888962112a2823ddcd9982ba72959275
dop_1524-29_2023.tif	8651177	c6845614585c6a22a935a8a5cd8306eded75202da59a1e1d46347689e6c88c2e
dop_1524-30_2023.tif	9050158	05f1141512d5bcda542bd3409c535c113783511e03581836f1be43e68f07d8b0
dop_1524-31_2023.tif	7650557	a1d389f2cecdb0c43393f83033fd39a052299bcb0cc0468d9871384c264f789c
dop_1524-32_2023.tif	6659953	73cfd6fd127c096b42951cab4cd3aee587f9af4f3119bf994ac54f732e6e6316
dop_1524-33_2023.tif	5379180	1cf2af1a60591e9fe17b0f315e7f418005c4c017a76d9555678b7c5c2863a511
dop_1524-34_2023.tif	6009599	693cb2f583afea0a2940855aaac57d1ed944fad76ab5c5928f7539483fcf171d
dop_1524-35_2023.tif	6624508	aa834847c7f33da447540a1f7d058b30842b7e15b90f2dc743832731e7e6f866
dop_1524-36_2023.tif	6431295	6399999eef147bc2e059040b55e6a5eb6637d6f1c892a938baf688437dec177a
dop_1524-37_2023.tif	7978895	cfeab6be9956df085afa98b2c8e37a0698795be2053bfca3e558e6e28cfb2551
dop_1524-38_2023.tif	6895548	4583c9f38822f62c985866512903fa083a4a342e29934bdcb3e9548fec6f0d58
dop_1524-39_2023.tif	5874969	d614ebaf5220ba59a15e311c2ba795472d5c6a5a339c7380a7f7a9e7debea343
dop_1524-40_2023.tif	5488295	fa6c4d702478e275968edf9a1ecd1d5afa0b0458b4545961dfae4061851cb153
dop_1524-41_2023.tif	5236910	c0bcaf0de8ce05357c05d55e9caeeb95e89f4ace06feae4b1f3e41777bd05115
dop_1524-42_2023.tif	4890751	7200e72f5b1ae8e7229183bdbe8e8ba419223a785c4db9b785451d22ee687214
dop_1524-43_2023.tif	5892425	44de479c697b4b9169c1f24550ef23c3bf10c9c1362115bb08aa63661cf90642
dop_1524-44_2023.tif	5361366	e5659a2efef8c63d582076f054ef4ea8811f493b2210c6d315682998747b5a49
dop_1524-45_2023.tif	5751947	dcb222d2e4f21972dabb69a2f31fd5011ff7b2987731dcd991f2e4008896c1ba
dop_1524-46_2023.tif	5323210	a1c071d041bb2d6e8955611959f063f2b2ae6f4636d0be5a41926d5b877427d9
dop_1524-47_2023.tif	4850006	4fd585ee695729d9f930ae252c4a340dda3f70277a98d3996f11df61fcb40b12
dop_1524-48_2023.tif	4265047	e8962f6c6cf616f2b7dbb42cac1c1208402a0b2197b50fe9d2480553c3ddb1b7
dop_1524-49_2023.tif	7882457	0fc995c674857ff7471f67872ff7febe96bbd45df1b23a0292f157ccd7c8e7e1
dop_1524-50_2023.tif	5239558	028278e2f0c647464aeb0c65afc28be436fe14e3d7dddd38a4193ad16677646a
dop_1524-51_2023.tif	4412833	0e2b479120632a06a98ded057e5b4e6604f3b2b7e1cdaa19c266639c6d325319
dop_1524-52_2023.tif	4584157	9f2bea30bd24ca128cfdccc1f1c384a9207d990fa4ec55ac3a416c017d3c2257
dop_1524-53_2023.tif	4236208	38777d38f0d8efa610acd7a5c1bf07718d49f47ec33c6ad3487f861180174cf3
dop_1524-54_2023.tif	4626373	af96c530d4fda0bc99d3b8068e11ccc43bf8ba6f7ce437b72ca11599cc2d8fe2
dop_1524-55_2023.tif	3772277	d785389ee4f8e250c70cd910070b40b51d7a4af7e9954992ad52d58ac8988d60
dop_1524-56_2023.tif	5378548	2406a6fb48c4e5246ecf6abeb467e38cf2ee6166f5c802bae61a6621254f52db
dop_1524-57_2023.tif	6318964	d7e2c3f3e7bbb8ca7be6b7195f72583b360fba942db16a671f499ce25b85919b
dop_1524-58_2023.tif	6096857	5c03ef8e39055518f29c61c23e7dcc69405685c7ff05c14ece40cd63f9e0aaa9
dop_1524-59_2023.tif	5507986	2fd03925de7b9a23abdf643a4dd5ae91e699f452ea886e71edb089c8ec59149a
dop_1524-60_2023.tif	5223113	d5c37c10439dcdb35818cfb4bb6e37abee057a0834ad727fee230de56069c980
dop_1524-61_2023.tif	4570181	03a8c450deac6756f3227703414ad4a4b67fe7edd48fc51a2565b552ba9dd2a0
dop_1524-62_2023.tif	4527003	366ee7469312dd004e11b72fb58403cffaa0309e657ca6817ffe7bf27487871b
dop_1524-63_2023.tif	5368103	78a4afed8ea95ceff972a8a476928196351ff1f540b70ea600fc7e9acc3b2ef5
dop_1524-64_2023.tif	6947358	67912bb02782619cd7207009e2ff694bd378fd3e94580fd03d8cdb1bf6960882
dop_1524-65_2023.tif	6797027	4a4e195dc65f658438bc4f8413ef715cb25669536f073b8b6925cf91f540195d
dop_1524-66_2023.tif	7926684	4df6e2d7e162b6e8deffadbadc53f20c5c31e9ac320540defd2eccb1815667e6
dop_1524-67_2023.tif	6458891	1b26bccf688c258aa829c13661dbc81b222d89d939cbc77a59a8fae057496d82
dop_1524-68_2023.tif	5816231	1e9cd5bdf3ac19e9657db1a4b2b90d7ad1f2c015ccd62da5f8b8d539d093253d
dop_1524-69_2023.tif	7180760	5068f7aeb2ed737422694d069fcecb3d16f4d9d9971749c917a2c4122c8e5352
dop_1524-70_2023.tif	5264746	e8d522d019ba4b8ca4217550d89ff4c5df53cbe4825deff541f4b06117a96b07
dop_1524-71_2023.tif	5864801	d4c27024eac9cef3a42d23e06b520722a7727f379c4672b5d13d1a7ba1b53a5c
dop_1524-72_2023.tif	8437612	3d60ba333d7e4a01190e85ac41fd03d467490efaf5646f9a6bc96eb0fc48f1db
dop_1524-73_2023.tif	8479884	267e43282613a05686af6b8f83a7825cb86bf7214d5001f7688c0b19920bd072
dop_1524-74_2023.tif	7723223	c78304832f14a457c511957418ba4d1a1de664ab2257722948e4f098e59e45d4
dop_1524-75_2023.tif	7274679	d80f86c0a9c95256fe135be70e03eb57ed31b75708df71f5cf8af1868edeee6c
dop_1524-76_2023.tif	6510024	0d298009adb7d84056acc3583a700700c657ad1fe6bca32847ec006fd94c237b
dop_1524-77_2023.tif	7862788	5abdb0f748dd734acbf1d6d8290e6eb7e415e68f09a05c9f3b29d6bccbd5ff86
dop_1524-78_2023.tif	7089303	8b94164bc4db4a90c0eeadd7e8bdf7a5caab9258e02fe0e25e107b95479dc1d4
dop_1524-79_2023.tif	6324214	e5ba884fc686965d18300fe8ecba95396ae1e9a7769908510b1aa6ef73027ba1
dop_1524-80_2023.tif	7456491	c7df3fadbd095db106e10e2dfb3a774edda681d9151a6f9ecab16b414351eadb
dop_1621-01_2023.tif	8271881	e5590a2a4f546dca2268cd8b35533608841ac3aaf5dd053d02ed3e613ea96601
dop_1621-02_2023.tif	9091888	b7afda814fb1014a63d71d245da7aa7de10312a5ae035fff8ca822c4c49e11cf
dop_1621-03_2023.tif	7809900	45e685450556d93276e013c0c1dc0f6bd96c4798654e27fa163d33af08ed35d7
dop_1621-04_2023.tif	10658964	6659fd730a2ceacbead4d755dc34bad9a54daab1317834a63f7b3c1a9107dfb4
dop_1621-05_2023.tif	9699359	890e4f09f0414027a59b5f711a861a85e0d5ce134979005f15fb322fb8ce9215
dop_1621-06_2023.tif	11020979	c5cae7f2f11e2cea321b714b0e0e5553fb0f2a8541bb657f047e185d053bbba2
dop_1621-07_2023.tif	9398831	fab20c230677ab07c80becf20c9bd554f76a92ad9430e4ad4f6d3e43a9bebe7b
dop_1621-08_2023.tif	11102987	c1ee84de375de38df0e1fb88d0f83eddc2d8e282ff15db9389f982dc16da604f
dop_1621-09_2023.tif	9714115	4dd2acf7c0dfb95b24ca40e025a4f17a1474e50e5c30e6ee78804f8d677c843f
dop_1621-10_2023.tif	9759195	78594da5f8c619973ad6ad3dc06fdf35749a73229f4a21ddd2378aae26019547
dop_1621-11_2023.tif	9126137	a1e35d2567743c2a04b5bbeea065cd8e0594a9ff7aa05cc0e9961dde7f9f9764
dop_1621-12_2023.tif	11039464	d1e5db0ee9627cc1f2e51675f8256783a0a4d4fc8bae751c867292546d26fa69
dop_1621-13_2023.tif	9383728	ef5fd4d9791f6ebcff13f97bb935ff771dfa57c0a24c48c36c997398ae1d5ea1
dop_1621-14_2023.tif	10540272	f403146fb4741c471071cad1fda9eb40f3a9a279679669b44e3e29266218fdd9
dop_1621-15_2023.tif	10785390	397837183f11f1b2627314fe808627ebec6f4cdce62072a3eba84890e8354ccb
dop_1621-16_2023.tif	10735485	d611ff51e917edc3f0963ba3af06410ebbe02fca4da5d66611018870d78ee4e6
dop_1621-17_2023.tif	10445069	6f62446cef5261e6d816c37e9e9c032fa447733337245d9f96eb3dcb4b62af1a
dop_1621-18_2023.tif	10488392	6401f7f1a850e9a2fd8029413302c279f47ee1f4c1677bf8892fc56459ba71f3
dop_1621-19_2023.tif	9943023	eece47dde4c15012fc099625412c221a5cd8af8dd1dafef25dd051d294b5b78e
dop_1621-20_2023.tif	11107198	82327d4cb2b08313295802cd482525dd1ab14bfc369248d9076bd87a7ff82384
dop_1621-21_2023.tif	10206830	137ec83dc01eb80ed767409ad79c97a1d606aacd5ba3637714a6a7ff148820f2
dop_1621-22_2023.tif	8652133	3eb47fd1e200ac452bc59cb31d9fe64073e085d1773234484c7e6787f1968096
dop_1621-23_2023.tif	8925695	347bf8676c97afb355954647ca7f03936113605ef12fc3722dc8019b839014a5
dop_1621-24_2023.tif	9545303	a4fe68fd55025bde01c06026e4c89ca683c6bebad15770b1b7fb85e7c2ad9752
dop_1621-25_2023.tif	10666993	52eaaa4d8f2989f76a1644581cb7be947aa8ea46451a9c7032d1ca851e424441
dop_1621-26_2023.tif	10589373	f61b4fcc710350774239740165fbd4b1f1114e8ee8bde7321b80c8f7ecc8240d
dop_1621-27_2023.tif	9757007	d5496c93d7ca6980630dbf7ea637eec5e206401f457871c8bf75b66c462afedc
dop_1621-28_2023.tif	9495609	e1947460e0e677ebdacfd52d7fc9116686093eb6fb9c15c8095374ea9df178bf
dop_1621-29_2023.tif	9088447	28a4ddbe9c9d963eee60e6c45f6c92fc2c9bfb38b91075e69539d1837160ab1b
dop_1621-30_2023.tif	7991737	31352acab4a8638553382a8a3e61f89afd4fa2e19dd83faf77b7d6cabcdbd57a
dop_1621-31_2023.tif	7763348	7633a9f7db022a54b22ac71ba94e443bb0aeff2c61d0a45a76483b0705ebc6df
dop_1621-32_2023.tif	9497094	deb30dd553475aed3b25c6d68b69aab0503690a6ad05b2b8f3b11c71f9b3b5ea
dop_1621-33_2023.tif	10673192	01fe4d5e22c3753f3725ff5feda627b2b07dac9fe5a5b56efaaff91c71a80890
dop_1621-34_2023.tif	10402629	79a89d4fcaefb87786bfbd88f63f36abb7c09670b61801a7619b943917083e51
dop_1621-35_2023.tif	8262443	c3290ff19652bb0b420e32e0bdc5469b5568689bacb1818cd919ab5f55242c42
dop_1621-36_2023.tif	8038382	18086e648ff5d98aea1f45f3eca2e0149540a175902c4bff8273baa13aa7d0a0
dop_1621-37_2023.tif	7869754	5ae7f96d754e6601cafdb7a39719ad1fc8fa3616b6985ddb0fd6352e7b4b1c75
dop_1621-38_2023.tif	6897104	541d464dcfaf45d125f942c16228b013232b80b20759b59baa645dcbf6854d1a
dop_1621-39_2023.tif	7701653	3a60c32826344b88f13a207d90d14b210596a389e41b3e5446a1b8ca823b074e
dop_1621-40_2023.tif	8330779	a7b8be2ef0d958536f2b30b03450b25ed0fd6f4b828a0fd7916ecab13aed7c94
dop_1621-41_2023.tif	9351960	5f900afc4f8242708c68f4b03bfdbbeb6d69580df6ceed805e88af66dd7576c7
dop_1621-42_2023.tif	9086075	875d745a7c4a934ab1dedbf5e721f62d917ef24e2f0e0a440549a59bccf1825e
dop_1621-45_2023.tif	7389656	033242b8ab791ff769b70adab24877353b6ada839c5da0bfe08d2d1ada4bb7b6
dop_1621-46_2023.tif	6153704	f18d3786959a0db4ca4b8b03230d6c63493d2b8ec11dd01e92e1775580df3ab0
dop_1621-47_2023.tif	7578789	0189c967847207a6288041e20f288faae7a3191426b3cd86c1967ec522cad134
dop_1621-48_2023.tif	8368256	d8420a0ea709154d0014278355cf99b7264015fb0448fe03dcc8936e17c3f010
dop_1621-49_2023.tif	9477374	d5be838d536534c9251ec0fa57cada0777d2806844377ccb72dfe04c95befee8
dop_1621-50_2023.tif	7865321	367f9867d478df0bf0febb6ab9f53ce09da332519ed740a5b82558f3791a3a31
dop_1621-54_2023.tif	6906427	91fff8aad91618dbda543a1d7396e133efb4c7be078ba653526d6c690f636510
dop_1621-55_2023.tif	7922729	79e4b18e128c0f1281e0fcb4235b0ca6a23982b6711b48b8b8e8e5e7e99cb18c
dop_1621-56_2023.tif	7653929	b023080694bd224cbfdcf01b07498f128c11eaa7091425cdf4c93506e8ddea0a
dop_1621-62_2023.tif	6680336	3714b383717a6e45f18c1d3df84c1a25c379fce70393265cddbf2830418b16ff
dop_1621-63_2023.tif	7682604	0ffc33a6d11443ef307b42d5987401b5175361d14fbbcbfe3fc40046cd9729a5
dop_1621-64_2023.tif	7080924	174946cc93b51288ebae0d2c9a84156c5d56cb9b51f62fe409eb02689dbea09a
dop_1622-01_2023.tif	7068958	05ef9637f6ab46299e0002dd04c49d7e000f72efd42e2cfc1d0bccab3327aef9
dop_1622-02_2023.tif	8424858	5d4becc3556d00d61dc3c91888730f94fcace58af07bf28bd38ff12caa213ae5
dop_1622-03_2023.tif	9732695	8b6c1884ebb7f42628fa2985d212a3095d042eea663879ac32c109aeb2d2eda1
dop_1622-04_2023.tif	10061526	ab4d3118d5f9568f05382de4c8a45e1969acb24b2b0d2d460923b3e2aa4547e4
dop_1622-05_2023.tif	8130809	0cf3928738b9e800f2b72d697143acc811a339ba42eb688f07fcca455229ef5c
dop_1622-06_2023.tif	7510463	2506b9b220c7797d686d3c809b017c26a00fdc7c552aa324af18cb7a437225f3
dop_1622-07_2023.tif	7771704	025810d09c2ae9b05abe0730542b0f19727d624ce8151d0ae943a936464a82a1
dop_1622-08_2023.tif	7441796	2d6c848e58620aaa2650bba50d8299f785d61dadf54c270c0b245ba1df0bbfd9
dop_1622-09_2023.tif	7020833	0f92c97040c58256600b2d3e67a0b2057146c04f9873726c3d046c48150c38a5
dop_1622-10_2023.tif	11070421	d0909d6a40e6ba5e3e6ba914a9adb90df292193ac26ed180b3e3b100d09800c1
dop_1622-11_2023.tif	11360219	d048ab40261d5eda07abd17a47a8f6fc58c75224d0d85cbc19b818380e4c7dd8
dop_1622-12_2023.tif	10366193	5c768179a213bf163e5372a5821c96e808695b00bbf7536a02a4666ac533588b
dop_1622-13_2023.tif	11403483	4173247db7d440d7e5d6a32cc83ae0121f4bfb900f0b811ce18d46628f36df8f
dop_1622-14_2023.tif	10135316	5ef14c4b8916343ce734feaa3a3309c3316bf89d8063470f5607aec9d160917d
dop_1622-15_2023.tif	10902384	fd4685332413e79a37fbfc67f5d8dbf2b4b536034f3881aacec2224e0fa617a7
dop_1622-16_2023.tif	9282551	6b0f785753afce3e35924029b0dc53ee39779b52c27746622379a9f951d3f92a
dop_1622-17_2023.tif	8775678	c1a7c1d6b7e411e7c353581bd2a2fd4c3970f394e0631935b9209c78eb462ce5
dop_1622-18_2023.tif	9304375	53d1193c83ee55fc146da6f05dc73dbf71ce102f2fd2e2f9d992ffbaa6bd3801
dop_1622-19_2023.tif	10516092	2fae569ccf9678cf6dd86fc3e74192ec106b5a9a493abe2c140ecbbab74bb918
dop_1622-20_2023.tif	9523176	d618eabb6470d0367d72b7526d23e581bca5a3e26021167533fc17d9e8ea024c
dop_1622-21_2023.tif	8631586	f34049a948812f8a9f79bd3ad622c78808ed850afd378d5b05c0142f5afd6bcb
dop_1622-22_2023.tif	8102431	c5ab29c587f3729674e1aeba02568df12253b949622d4b8c9e8daab103334092
dop_1622-23_2023.tif	8271448	211075a61375b60796a999aa852ed6e2a9237392f96c42e4229843955c09a008
dop_1622-24_2023.tif	8330653	abf6e12a0ee2d48e989ee77a4e20e79949ab6fb4351867c544afeec26e90eecd
dop_1622-25_2023.tif	9480429	d68748523c099cff212c04d2a701da5493c825f5b4846d30c87a6d99c51b250a
dop_1622-26_2023.tif	8699179	86c8d93b957d0752299946f0e3d2690ad796f1771b70ff13d9807057c7c66900
dop_1622-27_2023.tif	8997029	74810647dadd7459b956637b38847c31413d70caff7b26d800eaa640658ce872
dop_1622-28_2023.tif	8003085	a09f12af8170635b44ccc0e678049f98c65a03667d212636dd506b9cb48dc95c
dop_1622-29_2023.tif	6571663	f47de2b5654a853ff00de516a901f7616564707929421b2184a1e3afd43ebbca
dop_1622-30_2023.tif	6676274	3d09c521f3a49dc8a94cbb3204b064059b1fce077f004108fb17eaf497142c4d
dop_1622-31_2023.tif	7413330	23a4569363b7c002a62253b5379bd576ce9245792cf465d562b6083a803ac592
dop_1622-32_2023.tif	7564055	56d335128effb33675700a6c0139dd5361f1667d43e7c3429d21146c15cbeaf5
dop_1622-33_2023.tif	8424091	c0eac56d57cd3e669675d3761650e1b2931b87354909d1078f6a59514a62177b
dop_1622-34_2023.tif	6792819	566c8b4ec357d2ad9558d381b5716bd9bee1a9dcc09be60ca3cccb64d7412fbc
dop_1622-35_2023.tif	7693587	b494252ecbc9652e81302caba1c479c34e8ba9ca9d295cc27b1f7c43cde8affe
dop_1622-36_2023.tif	7663261	8c80be5a2129c3b0d0adc025fb1026b5f493dca4be56073cf3db8df7c5a98d7c
dop_1622-37_2023.tif	7180232	5d20309065f83b485f767e360febc2986245cc458d61d5e0a563bd5fd4a4fe0c
dop_1622-38_2023.tif	6900042	ac9293352b4b535aa3b7aaba0d93af1c25ac47cb9d2b97cdb2bfedf2401d2546
dop_1622-39_2023.tif	6469250	dd2c79f8b746970932115e08cadce2667bfee014422dfc3a893b3b600e08791c
dop_1622-40_2023.tif	6276601	0305050b89bbec334fa32f16351da6e24242f68f2b9e4aae4b9cc5cc166fb9d8
dop_1622-41_2023.tif	7582986	0159cbdd17f59054ca470342a06b8a0083824df308687817b2ebf896c128bf4b
dop_1622-42_2023.tif	7393481	9655fa3e75b55255d72602ff45ba818a8fcb05e64936689292e21618812d949e
dop_1622-43_2023.tif	7219736	7aec7998a93f99f795d57b734004e41eca90a8756771418bf6fdfa8f0ff6d564
dop_1622-44_2023.tif	6487883	dac72b6f3a4c02ca719330d3275071dda294ac33870eb3d485b3ee5022889b30
dop_1622-45_2023.tif	6254251	5e3f646ba5f7a5a82ba7da77a9f3cc0b4340a7f4c9db0f31775f7b0be8ffb7cb
dop_1622-46_2023.tif	5895830	713fb8221098876322573b97a4b00d90e42575acad0c938666ddc6325af81ce2
dop_1622-47_2023.tif	6027678	091e16c7c55b7e35666efaed1e2a3e0f3d6b800b6938e4102ffdfce432776dae
dop_1622-48_2023.tif	6416507	3ea152652ba3dc9d679ae76b512af48d0894498958d913a53af3e3e237d55642
dop_1622-49_2023.tif	7559037	af94f6dda809cc9afb8acdd8d8ae8ed35bf1fe9eee3eded814fc4a5019437479
dop_1622-50_2023.tif	7580937	44d647066030bcb314e4e2add819f0b8c1bf2305c4473a7a65cd449e2927055b
dop_1622-51_2023.tif	6410174	9cad114c164df81521b30b0e54cb3aa10869a101f89dcd300ae4777b6815206d
dop_1622-52_2023.tif	5675620	8d2bac6699d4759bab1c263d5facb43eaf79b2a5108db785b6cf37d0c447c088
dop_1622-53_2023.tif	6410491	4a5e63016c26096e3c24d947e63c4757dd7352eb33161ecbb4406f9d8f503e08
dop_1622-54_2023.tif	6828973	ee3d117c0d532d3b9217113846ab22a212af13878e785b70cbe6dc3fbd164adf
dop_1622-55_2023.tif	6962465	d14efb2b9f3845e781ac886c16bb6d137213d30043bbc292d6184eafccd8750b
dop_1622-56_2023.tif	6909419	f2edec81bfa87ce998a21ca5490ca2001999c43bd2ce423e9c1068e71f4a40ab
dop_1622-57_2023.tif	7395893	1445696b71e242f2d4c1fe575383fabef335205a5ce8a2d6f71938f77ec4e484
dop_1622-58_2023.tif	5385366	e7bb66ced0086b7ab87221e3d74cb3ddd25c9b47c3a39150341592c931b3d3b5
dop_1622-59_2023.tif	5567423	e411dac6181bb93ae3584af2298b59868ef153f9eca449a04c58c677fdfd0c0f
dop_1622-60_2023.tif	6741076	c1bcdfe902bccf6415f6d24d8ea72340452dd7fb195d9fb7e5a93dfecf9c9bf9
dop_1622-61_2023.tif	7846291	bcb158faaa513d3cfdff543b58f43546818952768927f21484c9871f042383a5
dop_1622-62_2023.tif	8203102	769f08ceda36e54a618241c0dad03c3abc430d510c583928cbed8d657f5c4125
dop_1622-63_2023.tif	7692115	67060113f958a3aee39712308b5f2dc0634fbcbc4d3e406fdb5108a3d34334cf
dop_1622-64_2023.tif	7804594	ac37434dd9031629a27fb1c8678b8ce7f3ba044ccca405df81fd4b7f3b0513c1
dop_1622-65_2023.tif	6005731	526a6130a15e6ecd8cc786752f39cea741762ef31591aacc0769d20a0255b7c4
dop_1622-66_2023.tif	6151521	b6c81541e100ce7f8af2efc1af21daff9020c2c35e812c9642ffd6d7450b21f6
dop_1622-67_2023.tif	7175958	065205d1e1e40705a5dd086367f82c0fac344661f87ca538c3b5f2c42ba44488
dop_1622-68_2023.tif	9570270	2b4cd419a5b01bb29729bcbeecdbcd7c085147281bdf247de4e4ea5ac1f803c5
dop_1622-69_2023.tif	9414287	18b8c9ba7284990f605e6aff5921e6f39b76934f6acfcee2dda6c5cf830940e7
dop_1622-70_2023.tif	10748194	40db9b67e2e102ef08c5e769706489e66639a30c98c3fdbc894a0df78771b9c3
dop_1622-71_2023.tif	9315248	aaac30fb94b99b5d5330ddd5b181d02fa40a3807328b4c0d8f8efdf80dc1e133
dop_1622-72_2023.tif	9905306	2cf12da819735f8e3cda20674fb08466f7f0ac1f98653fed7bdd9024eb8355c0
dop_1622-73_2023.tif	6062377	ed1f1a6068a58d63d3a9d0081bb9e3d97738ff29ca592dcad1e28b65e5ddae83
dop_1622-74_2023.tif	8806530	9c6e058aa75524790c18f5bd9e6beaf561ef0a23fb48cef0042df66821f7bb1b
dop_1622-75_2023.tif	7531668	e6d77403a92a1505a9664843e45314f5002e78817e7ed33e7ae2897a82c11dbf
dop_1622-76_2023.tif	9543731	569698c9596cb36b820af463b85d0e141721966184e9826dd245b4eeffe64268
dop_1622-77_2023.tif	9085115	5f0c93aca784ca59b1c10111d8191dfc77d4119a451e2a5caf411d88fff51f1c
dop_1622-78_2023.tif	11196055	a4595e6b97458ec96daf1f0967d943f2f830740c8b3e9df160bb575a33a362ae
dop_1622-79_2023.tif	9105219	20dcd4debea2b579ef77a8b7cce89b151b6b318d7806a3080c846b084bf9b6bd
dop_1622-80_2023.tif	10272334	4dea6e129a8c41d90fcbe0bbc5dc5fd7fde1b11468f19b82594bdfdd0210a5e4
dop_1623-01_2023.tif	9477313	92a0a6eb0b04267f5969f6405302c4d6fca295f652fe027d39e521518ff230c6
dop_1623-02_2023.tif	8592250	d1085bca8190f598fa2d84222ba64e40efe3979fa78336e8b1dfb096b11f7613
dop_1623-03_2023.tif	9455468	0d9b54c625985a4ac514684058c037f9f7f9c37b55e4de5ca2da19c792ece931
dop_1623-04_2023.tif	7562208	9c0678f2fc22ad0c93d9a64f4c6ab2f87f3626c972827bce11f01c8da62c2ff3
dop_1623-05_2023.tif	7094714	f1351ab4f2ffcd64e53ef9c7633eb5af3c428c839360615f3c7f63bddd41b5f1
dop_1623-06_2023.tif	6523413	a507d107d34bc8768618edafefbc7f8340a08d71f0505795cd04b1916c598c27
dop_1623-07_2023.tif	8912855	58c91c2e72369d163112da1474e9a4882ac0fa53a9a22c2c1bd8750dabc7303d
dop_1623-08_2023.tif	7517326	cac55736421ee166c827680b08e0a464779bb7a33a06afa657290cbebf38401f
dop_1623-09_2023.tif	9522179	7902ab80571c64ae4f92d3808e0e1c3467bbb68903600eed3a2a4aa14b7ac8b7
dop_1623-10_2023.tif	10639370	2a6f63e740401f29e451cca48ccee8c87f5e57ddfcf1a238c147c12b9dcb8a06
dop_1623-11_2023.tif	9589570	7d387de93346149d4cf91f725ac65f7120211a2dc247d30c1a4c76f912227c70
dop_1623-12_2023.tif	10217258	8cd274a5c8f6daec9d80c330da815676ccf448f782e6590332abb6411f4fc461
dop_1623-13_2023.tif	7222117	00ba4f36e9c4860602053bcc56b51542c336c36d11aed1b3d6b0c55503f9cf64
dop_1623-14_2023.tif	8333447	69a52315112199b0c53402f278a4df7a248ef1732f995b2bb4845773ca00c425
dop_1623-15_2023.tif	9595672	e5824fdfb3a7d7df5e991dc8a067880e33b8653467d23368c7414d657f3f7f1a
dop_1623-16_2023.tif	6668357	414d4b96e03cf0f8f727684e124a66cc1df929920094bd649f5e359bc0f096c8
dop_1623-17_2023.tif	7874989	b517193dd52ea311192054113a9217f045d153d306703d3a8bb4f603dd9ededf
dop_1623-18_2023.tif	8880615	b832c5c1d8075f22b554f2209a87e0fa676d7cb3f60465249e432a2efe683c55
dop_1623-19_2023.tif	9179320	3d64e57052072af12ee20916716f762c1e2b92bd37e301894b05b722ceb63db8
dop_1623-20_2023.tif	8899918	79345c22c1aae1bd364dd26cc51a51de126585c8ce438cd228fb86ffea0df8bc
dop_1623-21_2023.tif	9627359	f32046c685989e548154af12b0b6c1604d28e18523f9282d55635a69d6e277b4
dop_1623-22_2023.tif	9973619	01ab9d2b41c97b086fbe1d2abe282acd2fef49fd3f07551da1d26fcc12bf12bc
dop_1623-23_2023.tif	9195737	3a17edd433364680f674b688ac44b8221b008bfc99612109fb5128183337592a
dop_1623-24_2023.tif	7921279	a360bf2ddef966051323d84ebea8d4161740b18bb87da56634c724213418b2bb
dop_1623-25_2023.tif	9101922	3f9b9bfc338c685c2adb6a3b9e13763e24a02a9775461f23dd49f0280dbdb577
dop_1623-26_2023.tif	8602605	9abd3cebaf245d54174b1440963d5f798fee7146a2975623e3db7e8828a8c343
dop_1623-27_2023.tif	9221294	eb7018cb12b6e34c3aaad612fff84e62e938251db0560e2c55dc94060d30df1c
dop_1623-28_2023.tif	10344533	71972ed892fecd5e16c9fa35fd1ad4080c5cab199f904455a7f3fbacf864cd61
dop_1623-29_2023.tif	10079204	47a9bfacbca7af11ab8d880624b6056a5728e3e5fa3317eea08a6a6057b4c796
dop_1623-30_2023.tif	9105117	5d617136e000b53764f1db567526c642529b75a1543b345a6c57d407d5c23077
dop_1623-31_2023.tif	9734218	a8e03bb0920f9a9d39b5feb0cb45621ac261d86d4838765d276f651105ae36f9
dop_1623-32_2023.tif	8996773	515675892a4f6bf67117f5f2dda065f2bb2bcdcbbe3d4f3fd0029e48d2a5a3d3
dop_1623-33_2023.tif	8870284	0206089a6d91d09c5b44df0bb3c40e80e9d91914c05dd7dd38e9df1e8df4ee62
dop_1623-34_2023.tif	9152675	ba0564cdec4c7a6c994bf61d7c7d7f150703b51b996a13354f9e42cd0b9ecae5
dop_1623-35_2023.tif	8471773	ec07e7f9695ad4ece679e27fb1bb8bdd73c958a6a889cd89931c814079eccf8d
dop_1623-36_2023.tif	8740803	7c60fff10fedf96003eaa6d5f67a72a60a0ac5b65bedd24e0f697e84acc242cf
dop_1623-37_2023.tif	8011782	a408e623ac5a2584808313af3deddb1471fe9d55dbd689aa63052959e109fe77
dop_1623-38_2023.tif	7681915	3c26562b392c869c713bc62896a17eaf0d8bd89a0dba329398538f829d4076a7
dop_1623-39_2023.tif	9448359	e7692e6aa5f7fb72f2b287473086b765654945d1787bf07301dafa27e91fe076
dop_1623-40_2023.tif	9577668	41f5796dcbad9e8f838c41d2358fe0c353fced91a397d3ee3bb0bdd0a8b2afed
dop_1623-41_2023.tif	7244238	8792533ba50ee9fa7b7d6847f17c4b6c29c851387ec8bee46b43933b9f2a7a12
dop_1623-42_2023.tif	8105427	5a2dce4fdccb302c4c149b8f1383f758baa11f7bfac7cf12069bbd82e6cf03dc
dop_1623-43_2023.tif	7497612	61690ffa2292c30970018ec41fc40ef75a56c31357c094531a0c6e77494c3f55
dop_1623-44_2023.tif	7622043	ce4f83633f08900e7f4005d962544581a64624dd9767027705266e7cfab2fbde
dop_1623-45_2023.tif	8059667	7fdc6be49dc72fbdfe07070363d33a8052f49e7f7838e917c7a023711d6a49db
dop_1623-46_2023.tif	6765342	cdc06878c3fa2ee07de03ea723770ec9bf71a6c05967c39ec1a2b57a11a03e91
dop_1623-47_2023.tif	9540412	0c9c0526de5b1da30bff32db0d77508add3553fe48111209c7892cb814b30092
dop_1623-48_2023.tif	10033149	9a955c6f72c62fe6f308e447144dcf76236459da76732d4706f87ba0852359e4
dop_1623-49_2023.tif	6326194	a20247934ec4541b3de69cde8289588ba102356f8b5be9d5fa32e1c5412f7f07
dop_1623-50_2023.tif	6026252	d05a0995a75a3b123eaa3c37c30b517f34085a4c925dddaae3ce4e439adee7a5
dop_1623-51_2023.tif	5900392	8f3bb6c8e4b410bc945c03465d5e291f7e2cbd8572d5c392e0e254b97d9b21f4
dop_1623-52_2023.tif	6034392	1d4996e1019c8cdb29390dbfa6231f245129a6187cef3ae1a853f129aa2f528d
dop_1623-53_2023.tif	6451233	7a6c5c0eca32eca28ac0703450d7ca31d98ca23bb9b24706f881d743ecc9007f
dop_1623-54_2023.tif	6588353	7aa5945106ed6114d98792d3b83a8953e9dd3c35d45a47699c72977887f578c2
dop_1623-55_2023.tif	7447295	57402e2e16abeccbb3da3458b2b03321ddb87bfb3f53ffd682f6d11b25a39e55
dop_1623-56_2023.tif	7547703	47c9510a500b80b4b20a6880dbb5bd3d426d8fc15bd3c5421473dddb3e8fc594
dop_1623-57_2023.tif	6200113	26026932a65f86ff2979e89f1c3d7f7bcd4a80c488926cba56e2a0d5254f7599
dop_1623-58_2023.tif	6296116	5f870716ec98b7d6e4921597b31e67eb811ebacdc55e5f1357c8b886356c5d09
dop_1623-59_2023.tif	6546342	f3e0490f64571bb0256e7f65b15a57c503144950078b48a397b7809eb7c67953
dop_1623-60_2023.tif	6777382	c1c580c35ef613f18a10905585d843bc2bcf62166ea7b8ac0330c0f92bfe45ec
dop_1623-61_2023.tif	6725034	84d9b904b0c8cdc22087726470b74b3b18368cc0b18f97411bb8ea094538e87c
dop_1623-62_2023.tif	6231278	bd18b1e2fcf26d18b13e52f52a4f2caed65637ce8650e95e1cbbbd39263b565c
dop_1623-63_2023.tif	7211831	0f80c8227a92c7650fffdf26946f7acd1573d34e9731de0539d910911534099f
dop_1623-64_2023.tif	6858603	edd8bcb8cf4f0695d04667212109b559f43837b07a22bcb858f486f4224cd955
dop_1623-65_2023.tif	6918635	4e31de6145931172952216164ce08ba841bd6c5025dcc5568ce9cefa8b4d79fa
dop_1623-66_2023.tif	7328337	461b02563d336c910c84a0d0dc13c2829db9b197540fdc02c2f4548cb9433e67
dop_1623-67_2023.tif	8689230	6e0f82a57f77bcf7f4a6ef38c2fb9cabd0d8701b7fc0af59c357f7bce48a7c96
dop_1623-68_2023.tif	8565411	61a912417b375becf892f0a133239935c3497c8a3c96ab11f3fbb976039489d4
dop_1623-69_2023.tif	7393125	acbeb03810c95c9d3e4969f1f638678d045e7b82459567833c8e07f6bc6945eb
dop_1623-70_2023.tif	6810541	9d4acc8cb31324a3fc6253b55f82b0b0dfafbc2c73b22d54bb0a50adbd68ea02
dop_1623-71_2023.tif	6933055	052c47c3c67a23a10c253f6750c316a372570ba4376a779e846f2aca14a5bc22
dop_1623-72_2023.tif	6715163	76e9bc35364f0a2a2de2981f63dac32e2fa0dfcb7ea96d3ea98b7942506f8852
dop_1623-73_2023.tif	6867933	e6b2b9837c8d74b2fce28df0af8bd4f51919a693358a266ac81a2a8ac45567f3
dop_1623-74_2023.tif	6758550	ea106be41c38a0b8850780bdd923556d0a21f346bd967138f4183ec86adbd491
dop_1623-75_2023.tif	8181413	b6011d844f0c4be60faebc721683e77c4cd3cede3069c946cdd797e2951c6118
dop_1623-76_2023.tif	8565884	3d550da406cee33b8b0490ba52b82c6fefbc3aa9eb15d3f8fed0020895cd1576
dop_1623-77_2023.tif	7336924	b2284cac343932e3eaecfebf78b8c14dc694690cf1ea3d269dfbf553add55c83
dop_1623-78_2023.tif	6561635	90322d48c832601dfe8c2c117ee5e3b9dfa2fea2be16138b4c638bbebd041868
dop_1623-79_2023.tif	6408430	62ed0f71e0d5662f78623b7e0afd0d3d91163150b2feddb1d93032915768de0b
dop_1623-80_2023.tif	6399073	4e7ed118c2078c6f9cfcfd6dad6a644d5a599b46139730f63d21e4a3ea29f37a
dop_1624-01_2023.tif	6925767	56b508e646327e6f90950e1f3a076dae1f8eb35a106d6e75666b2eb568975c7e
dop_1624-02_2023.tif	8542874	0aa49512c705148998cb728d4e5181a2198d4e6c634aa66404729d68d4b90b19
dop_1624-03_2023.tif	6774651	59b5ef93b898c9dbf8e34a20da11b5da8952979f6b37acee9541c5ae98d6bdea
dop_1624-04_2023.tif	5708339	28a91872afc70574402cdef92c85a054deec8520946d4fbc6f66bb950dcf4345
dop_1624-05_2023.tif	4806923	dffac0140571f0f54da3c168a12feb82a7b46ec0344e624b46d57cf161bb8c51
dop_1624-06_2023.tif	5269420	552fb91577f42ec7f5bb894a6e77aa8d2a939767138ae4b53db74dd746aa6ea6
dop_1624-07_2023.tif	5081833	f7ac46e7ccdf3092db6a0bc83121b57ae988a397751b090c40eadeb157235c9a
dop_1624-08_2023.tif	4821941	de925263efeb2380ea7b60f33ea81931d045f470cd2fc6ee2568ef271e448f61
dop_1624-09_2023.tif	5813921	05b2ab682130a652c9bec63b9068c25e03f744ffbb93dfd5e109f66f9a8b9dc3
dop_1624-10_2023.tif	6661116	11e09c673a0d90665b31bb6e4e65b462ea0730e38da0fb5219395b3cd6425c80
dop_1624-11_2023.tif	6360584	368a0eb1aa5d5154284db4a6a39ff22ee0f7792989cd4efd772e42ec8ab9eca2
dop_1624-12_2023.tif	5818603	8665c7d483dea05db75c78b77fd0d6afd42abd69a3a923bf4b603420f72941f0
dop_1624-13_2023.tif	5675592	14cd75f18475dc5c23a93dcdc7c76708c18244818379f62999848938a753b744
dop_1624-14_2023.tif	5062253	d7c506c329c3cd7c12da3fdaf85618ab8ec7400e01039c3b1df3174c7dd17868
dop_1624-15_2023.tif	4156309	b220fa8649375dff298821e89ecc2186bab22c20c8df86b736683b876cf9587c
dop_1624-16_2023.tif	4187631	0edac9b8c441a3312d5aeb7b26ceb6c1ba49fb2ea3f8f96fea3217a737dad158
dop_1624-17_2023.tif	5830973	88e06805cc6a3c62dddc7c3399e95ead963cf66954efba946b2b55e15da8cad6
dop_1624-18_2023.tif	6227034	b06d947f659d565eae703864ae932f0174cf507b87f99d02c02871c7926ec260
dop_1624-19_2023.tif	5647794	aebf93a0da33ce1bf63a16c9a04eaaeff80bb74225565b8af12bbdd51ed08e77
dop_1624-20_2023.tif	5372378	0d3ce474dd385ae7ab759986014032c5601dc71985d6aeaf32d68fcf564cc7b0
dop_1624-21_2023.tif	5306894	c7f22ec62e138333de928ab2db95c69bd75363d7dd710a629b913172f76bb807
dop_1624-22_2023.tif	4155017	33c88e5fc12836c7af3190dfeaf565bd6254cd64d736fc3b2ac549b886936e64
dop_1624-23_2023.tif	4664515	7a2b2402c8c64760a7216902d7e514fdf75f085698a8d87018af690aa84317bb
dop_1624-24_2023.tif	5948123	e2a2421b843d580abddeff844053bf54dfa471c042904612a9a1fa943393b282
dop_1624-25_2023.tif	5134961	6096c2193fc315d62155cc696e3dacf84f4074901e74bb4a8afc5de738c34188
dop_1624-26_2023.tif	5493092	9e077917f0a1f95a15c495ab729d4ec46acbd7f5eb03eb055269aa2e755129a6
dop_1624-27_2023.tif	5774999	81a123d10caf5b9e09910920a1e8517c851a2a254bd5571cfb6ca10c93d145ac
dop_1624-28_2023.tif	4499320	d50323e81fd4a98fc36dbdd71d308bae63c2613b7be8915b4af2d5260195e969
dop_1624-29_2023.tif	4402971	45be74da69f13c1f6fa98fc309732657a0808affb75b83a13e7dedb1a4b5a8f3
dop_1624-30_2023.tif	4939058	7669b8fce9132b3407bb8a1184863a573389a630a5ab0dc1f05ff54204c3ad46
dop_1624-31_2023.tif	6197872	9da841d9820eb6c0266cd5ca8285175ebe2e7fa7f1606c957afc442f24513870
dop_1624-32_2023.tif	6526062	6b17f42ac15a373dfaba5130f3d4bd0bdffdc522b2f1c50471d3ef0fe0893358
dop_1624-33_2023.tif	4567586	5294d95559e6014e62d7288db636757fddb0ffb43b076df61a4a62d4fa8312d9
dop_1624-34_2023.tif	3612926	971fc488021bb95041ea6e845a7c318201c73f269bfb5f380c77ef95b2e19a10
dop_1624-35_2023.tif	4563241	b8731946abcb8bc40b1689742ff1b515e298bba5f9d601f0ec6435a8033d9ef3
dop_1624-36_2023.tif	3971759	2bcc634a2bb296d29c5e286d6e0e65781911208ab75f8b4d7413c96552fd1d3c
dop_1624-37_2023.tif	4750656	aa31379985ada17c0a5b951449328ee24b8d655d05a022838680d7a97bda7120
dop_1624-38_2023.tif	5493837	32ece99124da611a2c0db6ff93005af3358fa576bc2e44c7e733f76476ca3792
dop_1624-39_2023.tif	7037736	d3d087ca41d514305be0f704814ee48928f18bd223cca1572982c685c2371970
dop_1624-40_2023.tif	7289942	f07fc9db7da687dfd0a385b216d3d2744df7bea746f517c71e008d88f71742c9
dop_1624-41_2023.tif	4247627	be3780bff1a2b41be8d956e90170a747e29a2a011d6cee8493f29f76d00cceea
dop_1624-42_2023.tif	4642788	31dabc15f1aa224619dfbd79cb540b1c222cc14c237ae9cb6864a293c49e80bd
dop_1624-43_2023.tif	4924053	e7438837616a5a791c6a5d6440d644db2e71422f1f6b9b7296809dc60df9929f
dop_1624-44_2023.tif	5681450	a9b1d7eee1ec73e796f63126e909bc3672f4dc3126093bc6b585f72182fd5fd7
dop_1624-45_2023.tif	4602433	f1b1f99acd3cfc47ef2d4632b5321d804fb34528356a04120a0333abbe138d0f
dop_1624-46_2023.tif	6209252	a03a354f9bcf803eecb1ffe9fc7e2f4a436f0afdd24161ddedf167b551efeb76
dop_1624-47_2023.tif	8142450	1e9026e8b9e5de53a18db39cb9e59740449a5933e7a7b005dc6c3d5a87093492
dop_1624-48_2023.tif	8831577	80566fe0ca9bcc904cb5ae7e4939aa0793a19a44a2c1f7ab7d5ab2aac98edbc0
dop_1624-49_2023.tif	6907349	fe53da0a0035933ffee0f89a2ddf65615bd3e192a2b0fde46a7bc5bc2da26d0d
dop_1624-50_2023.tif	6123864	5632367e6257c07124f375a32e637da39a2d1a8d7a7f9f9c5e7c2e4738b04b0f
dop_1624-51_2023.tif	5686157	ecfa5862ae69dd0e455aa8f0211150d2b94045681e9086f22d38b1efbbefce56
dop_1624-52_2023.tif	6676867	a061ba3de3ec3f027c6af4aa0cf96ea70c33cee8bb7d726d9273d469c34f7c6d
dop_1624-53_2023.tif	4712692	c141581cd2470a1ad645e9d92046be27cc59f78c32ff7b306575e0a7a71c9bf7
dop_1624-54_2023.tif	4810759	d34d14bda6ec52db29b5e84bc9af8e1d20bd1b66050a45e86ebfb117ddde4def
dop_1624-55_2023.tif	6361703	2359ba03bec4dd801a26cd761d3a51f0fd4ba0c4c838692a9bbd13af875f8b1e
dop_1624-56_2023.tif	6373956	fac8a27d929a4d4cab2f6cc66850b9075285a7fefcb7ac75ee1fb7e9c0ec7d3d
dop_1624-57_2023.tif	7377796	68369d2cbbc91daa77bd922fcddad543d3fc58dc64ef73bb26f884a47a0ca275
dop_1624-58_2023.tif	6387452	96bc7f827cfd706f5ed25595df934e8e3f989f00769cbecf94191620207f3412
dop_1624-59_2023.tif	5951561	43273bc5248d96f00bc1f7d6cec7a63ab4d1543554e7772aa480b3b8132f8b88
dop_1624-60_2023.tif	6412605	5f9351ad0f78e80c4789b2c322888f524229b8bf49c511301ec8dad813b52a0f
dop_1624-61_2023.tif	5157890	b7382190f45da159d456fee2996d9c5cf739811b5d63f887590d27383778e949
dop_1624-62_2023.tif	4803024	1f75e4d0f68f418ad06430c7057e239cc49d4be95183b8d12d2442ccb98985b7
dop_1624-63_2023.tif	4052829	138517b306f09a09a5a03ccbdb7fa6e8d0d000b215a5a1d4155f29e4b44f633f
dop_1624-64_2023.tif	4837556	b8f3906cef6c082203c187e6617b898ffeef2db442f03b3f11892a6b55f6c69f
dop_1624-65_2023.tif	7406436	abc0826c86370e0b19ac3e3beb20f1d88e9a4ff896ebf5b4aaee681af1c64542
dop_1624-66_2023.tif	6627084	1f87c57292d77d1b9463c902aa2feb693c7d02ab43cbab6584ae5c222002490d
dop_1624-67_2023.tif	7143782	98e3ddd64c57180efe2f73086b495286a206a8f1dd1539d9c554f4382e690c47
dop_1624-68_2023.tif	6725906	c188ad8bb97746d804985d89cfb623232092f522ace07e85a85a3494e47ccae7
dop_1624-69_2023.tif	6520669	19f562b73d31afe26f101b7643c178a7ecb6a92ac9668a8474dfc266f0578c0a
dop_1624-70_2023.tif	5164436	888da5f1ec99df20ce674577321293bb75ac5d55a3bf27a54361f2067e72d0fc
dop_1624-71_2023.tif	5361260	f6b0bbae3402b6bd39105d90ed5a6c7937d13f1d51b7456feb14242593ab2f49
dop_1624-72_2023.tif	4046401	afe7cf315bcf7ac2ae726e6dc158ba62bed9c402931881657b06d29e8fa4910b
dop_1624-73_2023.tif	8246109	e64809d936fc066fda9f2f9f884d9bea4846af4e6d13e89c397926b61fd5f97a
dop_1624-74_2023.tif	6704402	022ef39a1dedba37eac13cab364b88995f069f6694e8238b0f904d8740ca07fa
dop_1624-75_2023.tif	9118382	7a73a91ed6ea434b0a179f3d89f5e7a4661bd1a6556659571c3d9e9dfecab71c
dop_1624-76_2023.tif	6434468	bb5ac2b0c3fa10e89bbb6302cd4278a5538e669bb659b107ff0280b916038679
dop_1624-77_2023.tif	7329025	0348cbd5852dc9ba0351550b7ea334edc7054285edfdc93a01e029c60520b484
dop_1624-78_2023.tif	5971112	5dc21de88747f644d564ed750018d934e48cfafb92c6818f44c17ccde0c4f45f
dop_1624-79_2023.tif	7605514	1ba7b2804dc942a581f3ac1e9d6554368ceb1b85760884855a488e2f95a658e8
dop_1624-80_2023.tif	9089545	9aca0eee739150aabd110a225da02c41c8ee4684ea87ff62a7771c6997f6b814
dop_1625-06_2023.tif	8031337	98e36428c293c8e9741a985a8d3562cb86ee227088c93a08236e3822c07b12b7
dop_1625-07_2023.tif	7376779	2f4b73ed0e457ba1ff3f6e0cae03742a0d51521f2b792b2b03147fc6e7ce9da8
dop_1625-08_2023.tif	7067012	f310be5d9cb00f04941de4e1c7d6185038c712c4a432838c366f716a9f192442
dop_1625-12_2023.tif	6713357	faa887361d33fa7e32f61f754412d3806760e7b5285421d9fe5c38e03fae3157
dop_1625-13_2023.tif	8497468	73a0d6f93646c54f67de2e27171c02c0060ce5dc679776b23586e2bb04401b18
dop_1625-14_2023.tif	7723394	af725baf42fc27786fad97880ca47fad6d9de34fb2accbca725468f71a272787
dop_1625-15_2023.tif	8343876	86103254d9f256586a7adc679cd046d16d7e47c1095c652c9b72d04e20ec4664
dop_1625-16_2023.tif	6823178	f9b3898e1f37e889c8d5b3e21efeefb34fe321ef85f462a1fb563df76109836b
dop_1625-20_2023.tif	8764076	a72df34e55a2efb1392edc06b57871114840c95a8c4d5ed18af335807a88dc73
dop_1625-21_2023.tif	7410643	01c8a0e05d50dee6089b599dadaa753f50e8c66dbc31b63f0e062ad8eeffd533
dop_1625-22_2023.tif	5944342	4b58457f4cd6fa53bd24c911df4a3c8b6666a0c0d9b041db47b9db44661098c5
dop_1625-23_2023.tif	6459005	3f7a722617dcea5af6664dd0793394581c22ca30e968bdcde51fd6e38810ea75
dop_1625-24_2023.tif	6490304	3ba60cdfe0f28750a2e98b3cfe5464eeec0fe2803476cbbac5a206f773b734ca
dop_1625-28_2023.tif	8288016	ba3b79fc1735847597b282056b9c18e7b67b21ccc625b0f1a568b269b48c13dc
dop_1625-29_2023.tif	5197009	b3944893979a19de88f74d42cd81f8c9d1caead12e51fed2807f3d3a1e5e8028
dop_1625-30_2023.tif	6499618	c17206c5b5f93642eb2e0d72dfe2cd504ee0a66f9d9b1f1264ca61ab6cf432c7
dop_1625-31_2023.tif	5192336	836cd12c90d925a02b1f086cfba13dd2c19029fc7470bc31571464c9bb970f40
dop_1625-32_2023.tif	4003624	056c9789847fbae29349155f382cef359f74dfe03f148164b7da918eaf670c32
dop_1625-35_2023.tif	7023698	6b484d498e0309d186c41686df13ef9366d0533f961289777cd6d88b00bc6b29
dop_1625-36_2023.tif	7403341	0ea9b1159baaa1585d7d803eded9b0ef4a122df69d2ea94d2a1bf8925b93371d
dop_1625-37_2023.tif	7005999	cc49b9d68cea3080fbfafefe06f126fa79c18ed7ac64df69a4269372270e7723
dop_1625-38_2023.tif	5851820	0cf32715ca509c3ed649faa1caa3ad4250dcd0ed53c28158023f6fe2921db79c
dop_1625-39_2023.tif	3549859	011d9355cda8004f80ee5989976c2d6fe71171096d8f07f02fd3b3b8a0b77e28
dop_1625-40_2023.tif	4090998	c650b6c46d96b6d8f70a714344c2f9759236584d565302636a1c811c67b9b69e
dop_1625-42_2023.tif	7028228	f0318e928a5a09a84de8bac5ce2708184d9bc164d76f8c064d0804b19e48f1e4
dop_1625-43_2023.tif	8562687	63e0ddef13e8b2d9813d6692f46ff7d4b0886992ef934f243bf33db657272ed6
dop_1625-44_2023.tif	7161931	852192738f338d9c17ff0efe2b1dbdcdbada1ed0a4102a46d2e1ceb61042f8ff
dop_1625-45_2023.tif	3760558	eb9a1ebd8e47477487661b272db82664ee0353e374f2d2a2bf1ff78743d01226
dop_1625-46_2023.tif	3852549	feb8c159fac1cbd6637539e789acb3559884ed53b09810d9679fa9786fbbba49
dop_1625-47_2023.tif	5584064	3c2b8829b23598410638dd996928c5f9ff175df8cd5bd5c94b1ffc457c3f90bf
dop_1625-48_2023.tif	6965062	90302f65cc58eaeb83d9fb6e6c441b7751a1848daa645d01761dc0f25ed7f028
dop_1625-50_2023.tif	7789382	65123e12b1234f8efa4ce8f951f013923b99b13cfee45d24d8def17856427b2c
dop_1625-51_2023.tif	5447637	b0e2b0f2474d95388dea1c1d12b67142cb6785f82d812539c181ef98e88ba55e
dop_1625-52_2023.tif	3797136	20c69a6891d66a08cca40f6c8fa6a449d148b8d5fab32ed9b3fc0601fb3b47d1
dop_1625-53_2023.tif	6150302	72da6861d91ae5cf6095ee295f9ceac2d9b8888e05739ce90cc88eea5e20f522
dop_1625-54_2023.tif	5910489	80daeb5f797ddf1fea9bbb47e89d6402d8cfc863c813eb23f77677672d66656d
dop_1625-55_2023.tif	6618319	d974263e431cdf696fd3a42fbc8d2b212ede815abf951ea13a3765d3a363dca3
dop_1625-56_2023.tif	8550496	4d89b3ec99c325c2e24a1af1dd7f735c07938e202c4f5d6adddc0799a74a57b0
dop_1625-58_2023.tif	8345379	f4eba9f50b58765fcf30c97c7b22d4920d86b0faee4e1f73c2126ee9c5d6fdff
dop_1625-59_2023.tif	7098188	12a15454b5a5578e6db09c170c31c8debcdc2473477a9973601b93e77cb07a08
dop_1625-60_2023.tif	6785225	71a166a32ac945e8347566fa2d9ca1c2c9150bdca9284d0093e1c51adcbbfbf8
dop_1625-61_2023.tif	8483996	64883cdf95eea19b8401bd81983448f7981073397fd5a4b02718f5d840702ee9
dop_1625-62_2023.tif	8924337	2bdcf0a6c54e453aa77863755e3f6ba39e856ec76e1e3e4297773ca0bff162d6
dop_1625-63_2023.tif	10255762	8c00256fba32f5326cbd8ec8cb6f9ac7d4763545160e13aca5bdfb383ab65f79
dop_1625-64_2023.tif	9346160	b19a2248bb25517cb298a8764fe93c10929761c05fe8b5ac2d73c9328af3b2d2
dop_1626-48_2023.tif	7142311	b15a046b2437cbc1fd2cafc80611adf60bb0813ebb4161a2c364b4f5ffa49bad
dop_1626-56_2023.tif	8002777	e215409243c89567dca8d4ed6102092bf70398419370978d855a4c6d283ad6a7
dop_1626-63_2023.tif	7936437	7b2b0e17ac3ea4f3ccc58ccf419b9d384cfeae3de5b5a0917d1a0188be962f2a
dop_1626-64_2023.tif	6859725	b931b97920f552f281f10c9cc7ada16fad6f331993178f420157fcea1f5b0698
dop_1627-08_2023.tif	5485242	18567f0e275dbaf44cf423a2b098be67fa8d943e1d92d3beeea58a862045feaa
dop_1627-16_2023.tif	6127102	085228d15ff3856f20c98d94a786c960f68c16bc8361aa3e1450352676728e62
dop_1627-24_2023.tif	5722988	4fdb2944d8dd7ed2e012d7659c763d938ef136f0a1bff67ae9e325673a664d7a
dop_1627-32_2023.tif	5186660	57740faef4751de37852940c539fb48f0e879ce924b106ceb8cdf51d440a4606
dop_1627-39_2023.tif	4684834	ecb6324346a5f3c0b7d7bed09c0a0d932dd9af5c73d76ff8e4034be416f199c6
dop_1627-40_2023.tif	4839411	a2dbf6acc8895176b25300deceb386ab2613464940928aed6613a6a5963ec014
dop_1627-47_2023.tif	5705180	230ccddd4537c771b631466bee377ce37bd736443e069b1bcc28c6b31cde30e5
dop_1627-48_2023.tif	5625683	251bcde5e354b2d877c15499526b783d5b61c22935f06e54197181eabfffb8d8
dop_1627-55_2023.tif	6723221	c6908589780783ae775e7930e79c15b7d772bd935cd46c065b06d2a625553ec2
dop_1627-56_2023.tif	5839064	83a7af187495bf550b38e6a8d7550f363c31103450ec02c578ad3e817856f8b1
dop_1627-63_2023.tif	6633818	7cdd1ea2b0876523e6f3f51e23611c2c629d78a150efd65138c882c1137e7637
dop_1627-64_2023.tif	5805157	6767e5b185e2fed36081316f45801712610064f5b970693ad8a5931cd5314bf0
dop_1721-01_2023.tif	11640062	163d1f32830c793c7ec5aaba9b54ad4979dd59ec4c2cae6a71a1daf784bad814
dop_1721-02_2023.tif	11433323	a8682d6e3a708bb6c8177d7757da8c5f0e002ea8cca955b0d835566f2914e0b5
dop_1721-03_2023.tif	10220734	d1a29cf2a63ce54b83d7c412711a7baf878e37c044d11fa2a49116546537a93c
dop_1721-04_2023.tif	9882000	977c9ce91251dd12e6673ee38f27a1ba6fa8d827d5a38f309fd3683f6e9a95e4
dop_1721-05_2023.tif	7839927	dbfc960d1b7ddf51391595ccc7aee0330edbf6c60b53ae6369ff61439d0509c9
dop_1721-06_2023.tif	7207912	2c45872ecfb19dc4cf8d93892f9c985700dff712595d367b0ba96df85690b6fc
dop_1721-07_2023.tif	6972317	37fd8526f04127f97a6460558b6680319ecedf871bf1acfc21cfc967fb2af3f6
dop_1721-08_2023.tif	7557705	968f5980401f4c70ac84d4194ab68144bba967c57074c431e1ea28acb24b2468
dop_1721-09_2023.tif	9297426	3a5fc03b2ae94ffa4a09749c0f892b0f0735a08eb2b7085486373a4474332c35
dop_1721-10_2023.tif	8658847	f003977892491856457be0052d0225e5409bceb5df31fca811380980e08123ee
dop_1721-11_2023.tif	7952561	0b786a632302ce8261d4ec78056e2441cf4c01aaf1ee0f85f8e5022ca65daa56
dop_1721-12_2023.tif	7742517	7899973e864e406ade04245783ec51a79ffaff50c96aee69950dd3f84536a4f1
dop_1721-13_2023.tif	7499347	527be26135489d1cbfe4d16fce4c661f1a0afa1f928dfdf5c4182e1b4e609c35
dop_1721-14_2023.tif	7429953	ab9127d4625bf05b8f456357c02126e86d994a7ad92ac8d1f1733f8ed7169561
dop_1721-15_2023.tif	6433938	477b8007e34dab0073bb885e68e87ac2748b0dd8222d2b6810f4b3ee1a7ec478
dop_1721-16_2023.tif	6715991	21cd1a0bf2056ca3f31c0f3d37890d278e2ed6faa598b95580378c627a411f45
dop_1721-17_2023.tif	8957111	db3882cd75a099199e3716d95f32d114883d13af1afac202dbb68b20a0634e33
dop_1721-18_2023.tif	9072372	f302ec6cff63283864f3859d9395d90189ce059148d4c84caedff5fcae41b6ec
dop_1721-19_2023.tif	7642279	c1d465ecc35d954b7afcd4e2ad8d8ed87590cf8990f2667f50e738ce9e803cec
dop_1721-20_2023.tif	7533656	975f88cd4b9de8d208b430dd90307a22b285479c87982467800aef87ab9785a4
dop_1721-21_2023.tif	7330345	97c64c5a4e86271cd5036a432d50664558bbcff93a3ed9ab50e4a9cb28947c69
dop_1721-22_2023.tif	7083837	127f09b2c86069d642b1439f59447d1c524bd039c43c9660d7f1889f26ae47cd
dop_1721-23_2023.tif	6972496	229ed272ef42a6f7feb8ef6d32add19b5d8edb7a14ba23faaa8ac9d7491e56f5
dop_1721-24_2023.tif	6344541	721c2139e852e656a138923f7c5064c27a140c3963eb646780664dfc4f6a50fb
dop_1721-25_2023.tif	8658488	2c1353ad9b88d05283c04e636b677aea174f39938ca90eedb94b7a6bd81f0e21
dop_1721-26_2023.tif	7912909	9c21f45436e17d7e2d03e614cdad335b899b61daa6db3ddffacb5416774ac517
dop_1721-27_2023.tif	6773616	6641e0da1683f6fb1d19d80bf47b86320743936fbcbbefda6bbd2a073d8f19c4
dop_1721-28_2023.tif	7321361	b6e9f18b38388f37eda2aca2dfe1c5bd4b31d538c08f55d799a866160c5cc374
dop_1721-29_2023.tif	7278196	ee4e3cd3864f4619e6fd4e17325ece3afb3ecbd944ed9561a96aca584ec6be71
dop_1721-30_2023.tif	7098573	527af4acc4d534e4be236f869afdb0dd412b1ec9b4f51dfb4b50aefd742aeee9
dop_1721-31_2023.tif	7030989	553ba9628ddbcb6391ff4b8d06f04fe7dc2422696edce9f6483582f8b8948897
dop_1721-32_2023.tif	6235093	d1b577fbbf9a4d7c81e90ce4639a14924980f724993c0add1200f02879a02341
dop_1721-33_2023.tif	8062162	7b6a5ec0e71fd9f3e082319931a0d5566d5fc775ec667110c329946b5fc87da2
dop_1721-34_2023.tif	7370423	61e7a91ec1f34ceaa174f81f0562fadf436f486d97dfae74ae56fc38600f28fc
dop_1721-35_2023.tif	7139988	8fe829a089db35936b0500c8e8d262bd2203f8b3c33007e4b00d6bcbfd575a70
dop_1721-36_2023.tif	6933928	4ac8167d5cb8ae419f06959c823fbd29b039d9b15525e46b0e06d1fbd738c558
dop_1721-37_2023.tif	7305399	860d8c0b001d124f2b21d05546ef9efa8ad0555fd3743a5f579c7c77133385d3
dop_1721-38_2023.tif	6929970	d746090ab38bcaa0153476a9d8924f0c5dfb668c9eda53390ce8f16a9259ab48
dop_1721-39_2023.tif	6244412	ed22f786aa1b9128e4c8f272a833e0554c501d8b0d6a1270014b2f9b939e1476
dop_1721-40_2023.tif	6850992	e47984676dc0bb2d03f7eb0652bd23625cb8b17947af48c7caccaad6824afc18
dop_1721-41_2023.tif	8701221	d52c3afd41abff3e21781609ac09269ffc38b29f5e9533b965cd93868f0f21e3
dop_1721-42_2023.tif	8292298	e8a1a3a6af592e0d5c98c55b532816ed7340c2ea202fb7340038fd57b0de822b
dop_1721-43_2023.tif	6273207	e56323fedc077122fe5a48dfadead512f1dd41118a89510ce3b189bbaa1bdbba
dop_1721-44_2023.tif	5957669	49aa110c7966f3e5ea74444f982c959f75fc0fd8c398bfedd828a434c02159e8
dop_1721-45_2023.tif	6765705	320e618723f4187cfd774276bc281f0893cf5b8766aa3eb6f0d0b73f3b01f0ec
dop_1721-46_2023.tif	5976806	8c798095ecf04971648694b97f211232a9ca231f2ec27b30657b41135cb6d93a
dop_1721-47_2023.tif	6659429	22ecbd8e49b1702a48652166215ebf3adb92555fd412da6dc8e1e1ab29ab8c66
dop_1721-48_2023.tif	7304442	0f2cb9d1633b5083ef4a4292f97616b031cb878b52a0139ae329de2aaa197153
dop_1721-49_2023.tif	8756621	a009902096ea81e3d8d71092e5e9fa6cd78d5ab0fc28b41f0b7bd7a015d1550a
dop_1721-50_2023.tif	7107075	53e221e540e2d4e557cd7640b50e846bd4bf07162d1164495adbf28656507411
dop_1721-51_2023.tif	7376391	2b2f86de1fa2e727dc960ef8c89642dcd65aaf0bef2115d0affd54ab949c1b61
dop_1721-52_2023.tif	6891710	f3c6158296d7cf5537480e9bbeb28beb662c58908a08b3de32a3574335c434c8
dop_1721-53_2023.tif	7065720	9aff299a6427031f63281590b4c6e7fb7242dea2caaa822460641b1cb22ee9ee
dop_1721-54_2023.tif	6140953	96c95cd908b5b9c408912d1e358f332b79d1f3d243cd82fa905c4386a48bca49
dop_1721-55_2023.tif	7556356	c867aef28167a3247a53c98f0e05c6715d9ab18ab3f2ccb99c94b87d1cb352dd
dop_1721-56_2023.tif	7292737	6a985dde06771c041c4e74702505ac6e46f61ce475685dd0c8bad7a44a5658e5
dop_1721-57_2023.tif	7233249	7097082564fdba3e8f06191724371b818f8af13b29b0141babca8c2558a894fa
dop_1721-58_2023.tif	6607191	28fe420dd3cee9bbe0b4769938fcf198efb1d2557df6715522a18e66b3782b7e
dop_1721-59_2023.tif	6540420	848a9ebba9c2a4e27db303168b820ca56e6af74fbeacd6f02acf32d7dcb638d1
dop_1721-60_2023.tif	6223318	d04755ca21617cde678b6b4b18072bb501560a15233dc3caa0b103862eba4161
dop_1721-61_2023.tif	6162745	56bbe71b28f91079283f8c37d6539dc1a06ca34e1642e957e6e27d0e716b0ada
dop_1721-62_2023.tif	6081309	484803e11669156af73535dfc9dd87e6570c650fa06421351632e12048f8b057
dop_1721-63_2023.tif	7743922	4123542346615bda927a76bba36c435fad4e51dc2cba92b51d7b82e689a3fa0c
dop_1721-64_2023.tif	6892638	ef887de359c388494116c63058d8b4e92c0de6fdc00cf04eaa061d34da5f07c7
dop_1722-01_2023.tif	6952171	47c602c1272906e3c26a95251a36926d5ae7d7dda83b3df7f7f03ce4d81b70e9
dop_1722-02_2023.tif	6181891	327e019e3aabd5b5b370b25047e2a732b678153424f003b069b9ac7cfbc4103a
dop_1722-03_2023.tif	6191084	5147d7edf569ccace186406e16269e6006c56ece61b6b988213b1b362e6bb80c
dop_1722-04_2023.tif	6810507	28ff4a70673556d8c54eeb3b99b30069181e90a5135a64abb12aae8b918606a4
dop_1722-05_2023.tif	7480242	524ebc54fb763452dc2e08fcc21a55c46a5bf71ea2b494dc2bec34e573b500a6
dop_1722-06_2023.tif	7151695	69974b76f2872468d1a2f744117fd2787280e03dd38d3895aeff255c4abf640e
dop_1722-07_2023.tif	7388974	d0c9b840d5fca48dd23109561c8fdb7d5d9e86fd9e4e58b3e598fda5641a685d
dop_1722-08_2023.tif	6761988	843f41ab1cbd2dcfd3df51ecce5819273ade90fcf9e5d09e530b0b43067218e4
dop_1722-09_2023.tif	7872297	dbe4e0581220fd172f176676ac3fb276cc5b45255ef721b7e8adf55807f0b11b
dop_1722-10_2023.tif	6510479	c4e22556a8a962c498e1f0a2ee8affe69d0ca26e97befaf2402d8556362f474e
dop_1722-11_2023.tif	6491771	185ebeef84ce6a97757328d6b77e3e3f6108e54748c3583295a0096d229da1cf
dop_1722-12_2023.tif	8071386	f8ffa21d583856821c0c80f64d25ed80c32067d2a2b50c3507b6a9ff02d78954
dop_1722-13_2023.tif	8873079	b05839224a40f07ae6b62c72a5d0e8aff43a68328c7a26fda3b1a749143bb1da
dop_1722-14_2023.tif	9289234	c13a2b88f128d12cf4558e8d64de37a4025e13056d2ef90b504e6785582bc763
dop_1722-15_2023.tif	7790869	9628dadfd54ff5abc31ffab4c438baa3d0a1dd24281399f8450b6ac545cf4574
dop_1722-16_2023.tif	6940772	05554de9eecf9a583349a8efc5c41d4d6c08407b23abde00f0f5a2437ac3be8c
dop_1722-17_2023.tif	7411053	a61499c8d5ba381eb51cfd27e677787381e926c9e535779e633c11eca75572c1
dop_1722-18_2023.tif	5986237	0e786e4c44e30aa5fe1a36929c081684fd1ff40e6b6a03f26c338865c2498642
dop_1722-19_2023.tif	6624908	750efee9b3d75dc7dcb64e646dfcffa93de94051689d87bec2969f8c130852e8
dop_1722-20_2023.tif	9000810	5b63b739eb51d7584cc350f40c2028d9fc63b68999034b246f186c4f4d820b84
dop_1722-21_2023.tif	9885373	98ba469a0488be27c2cbb476e7f51acbb3eb3fff098acdfdfc472af9761cd34d
dop_1722-22_2023.tif	10321466	396759a15be422c57260452794cbce1b65f7ef02ccae5138f3d6f00b0b9304d6
dop_1722-23_2023.tif	7674751	a47c424658070c758d74885811fb2d3c06d3c442c7dca5fa2af731c22e4f02b1
dop_1722-24_2023.tif	6899777	15bc3de9f8709bac820df3b2a36fe3ee2cdd99dfb8e2f96fbadd889fc75f9eb8
dop_1722-25_2023.tif	6022300	ae185a3180ddbc1279bbbba720d169966c27f23e28a1d5d37d13c0cf0255b874
dop_1722-26_2023.tif	5839559	3880d22bbc78d992aef76c694975a58ddc0829734478961ac9455e5fecb349bf
dop_1722-27_2023.tif	7532076	1a893442d7cd7894fdb0cb1e10771061707788a006cba9ea3bbe60bb70882722
dop_1722-28_2023.tif	9665539	efe7107dc5371d0bc988284ca4d62a1fcba76e8f2389e665b3e9e844e66bff31
dop_1722-29_2023.tif	10487662	6de50fd16dc86b2daca782de47068bfbca157eeb0c67240f504595f800c00103
dop_1722-30_2023.tif	9926558	0c8874c6e5e404ac9f6763bba13c40b22ab19f23fbfeaa2ea59e37fefdef868f
dop_1722-31_2023.tif	7293511	6f3eb5de3a69cf0a0c970fa367a514f6fc5c018a0f05813b85656ab4f0535032
dop_1722-32_2023.tif	7538614	e714b3be351e3fe84d0a3b01d28e5881c1a12762d06a6bd5dac4bb522b8af102
dop_1722-33_2023.tif	5818702	240887b74689e016d6bae5153aed61539505e09a8763c100e4d0dc28ce8fa826
dop_1722-34_2023.tif	6731215	05af49e7735abc127d08736dfb678a2d38c7d98771744b20fa2925e9826a6c32
dop_1722-35_2023.tif	8066150	43a40ec574ba08495c76b457419454330115a928bdd9326fcc0bacb39c1a0bb5
dop_1722-36_2023.tif	11016865	8701788a71ee69447ecba572f3bc8f3510674e0a11bd0c592e3062a7918aa236
dop_1722-37_2023.tif	10178429	4b59ccd928e9411708d1ae6d87768ebfa49e8c0ac7bf5de936b7c16ce6784f7c
dop_1722-38_2023.tif	7928913	e481d75b593850357178c14f3d875cb387f34064882ee9bac229b89a8042d0c0
dop_1722-39_2023.tif	8713031	c7dc4be9c09397e2ba17d5c8898fe64d4aba561bdcbfd2783db84787e29f5572
dop_1722-40_2023.tif	8635606	a96399b121bfe9a00b6549a8e1484960400505a7b89851d74fe5c7eea062c1b5
dop_1722-41_2023.tif	6951139	e67ca9513b84bff11cd2ef97b37396e5687971a4949cae3057bbb9dd053fe9ee
dop_1722-42_2023.tif	7808307	0eea6d6bba1554df58ce4296a224d82862330d47bdd1b06a0b1907c3839b4836
dop_1722-43_2023.tif	8584789	3c7fcc3f97c9bf61719c768d81a228903c249bad3ecb3a72f8907d9d27714bcb
dop_1722-44_2023.tif	11369651	7de206f7d91e42590400cefb08ab7f699892ec421ba0d12256d432819a96d67f
dop_1722-45_2023.tif	10085495	dba286614b08ed2ace77a5292638207f84e50167daecc14379967e9fa4f705d0
dop_1722-46_2023.tif	10527935	8a2423e398d03e08f124190dfeccefe90e264535d6afe0d413770791e6395ab9
dop_1722-47_2023.tif	10589313	7855097d19d5e7e949b2f068e0269997b7361e9c984d719a9dc38b7646eb8300
dop_1722-48_2023.tif	7507762	8a1124142beabe9c2e9be3247b8bf84f720ff972525d9b5741e9125232bbdb3c
dop_1722-49_2023.tif	7090461	b38385f09c76058f6c595ac7d74ed24f72569de513d9593b60768baf6fbb2023
dop_1722-50_2023.tif	7969167	00e03744022af6f00aabaa0c8b128380103ce83637b03e2d0d044143f7faab38
dop_1722-51_2023.tif	10898475	ff447a02e7feee287f9f6ad720446633467e9ee1feef962c9f51eaad2aa57b72
dop_1722-52_2023.tif	11637652	1d95bc094b6fef398e52fd02b28ad9ba2c6c0047cbec7d17d9debd72b78f9316
dop_1722-53_2023.tif	11717880	362fa258b8dede8ab785d4b927e693eaecaee89c9b243ae96555b95c4ef6ead6
dop_1722-54_2023.tif	10916603	d6c5642620106a9d5800793cddb9f518c7930aea9fdfa3a9bf6289a10163e7a3
dop_1722-55_2023.tif	7209655	4636b2b9f7bb9808ef3620474014d0786ffb1f57dccbf56b7a80316a866156c3
dop_1722-56_2023.tif	7029535	ffb8919011435c629ac58f40688ffc5e91059211923b068af665c963d8749e33
dop_1722-57_2023.tif	8779439	3dd38bf1634c2837973597c76db1412be47aa0f0e5158e7278d51d381ca7b1d3
dop_1722-58_2023.tif	9636332	aade491dbb8abdd2196fd01571283bcdd4b48be8c2580fa9a5acdb30dfe09062
dop_1722-59_2023.tif	11661044	d79486f5052f76458a8f89f39231e4ac5dc8f41162413ba3eccd741737130a03
dop_1722-60_2023.tif	10913676	2aab1092670a4776b20b53c8e64f8432dde0c43629db8efa9f42a1c90bf863a8
dop_1722-61_2023.tif	10285704	e0a9ed7eb8f3775bd299b5bf9a9f1cf1657d00cf852d2ed80c798336e2454ac5
dop_1722-62_2023.tif	7883534	5fcbc17f21d50cbafcf8d6778454bf5c7b18be532bbcb1bb4753539477b0b628
dop_1722-63_2023.tif	7109345	547b89f7ff32c5627c93361f7f66260a0b8c769dc3700933c029fd660c3c62fc
dop_1722-64_2023.tif	6823588	bdfcad1ab9a93031ab0755d1244103d88786ccecf7dfff78d3cbf3f888fcb647
dop_1722-65_2023.tif	10941714	f355bf2efe6867adc5758804253cf5106f78c369dee3336c872927f4ffe0ddd7
dop_1722-66_2023.tif	10837293	7a04dce6612ac39fde66f53e154678dabd3465ebec59614aad303a39fd806b0e
dop_1722-67_2023.tif	11984759	9b1117846066da13d17a2b188f245e8ae320961ca8f01a4d87eaa476fdcece46
dop_1722-68_2023.tif	11687690	67b5786a90c17204bdd4e3d797de1f52d1e14e47454ce734d18b2d1f08c6ae29
dop_1722-69_2023.tif	8683320	8ebb5e52dbbcd4736bf184a1707d0ee2a258953b900f72f68a7afb2945c875f4
dop_1722-70_2023.tif	7059708	c9d678137ec89d51c64844d1568cb0112780f52e65992e70aba914f918313556
dop_1722-71_2023.tif	6913248	b90710a4e5ada203b0ef60353eba3beb98fb02a591d84b4ed7ae4a4ceb42466d
dop_1722-72_2023.tif	6785635	8972ee63d2a61df4cd763fb0a35621e66c3d5382fdac16d27c78bc812fd5dfe6
dop_1722-73_2023.tif	11209100	d355c2fe1e9744ebc874c7dc1b00d4da0948584875b97b15fa7b0790187bbee4
dop_1722-74_2023.tif	11362631	25da33c29166af1f7216f9d5f20b36059541ba12726f7ad681388b91de16c737
dop_1722-75_2023.tif	11280457	9301bd288d812ce47ea93241b240467fa3f3a51ea55ef5903ef9dafcc8d21b95
dop_1722-76_2023.tif	9518500	40ee0209f4bfd2aaf63ac428edd6b31acf866e6acbb5d863c4f93dc8c2429c53
dop_1722-77_2023.tif	7382513	937c97de0fc460f0a31b5df3ce49cec414b3bfed835140f26ed6512637808f51
dop_1722-78_2023.tif	6971232	8e1858daa41592c0dfeeacd144922db8a5ab5aa3fbbc4bf08e3044abc1e155da
dop_1722-79_2023.tif	6758900	827fb8f932e1df04574233c7a3a44dfee576ab10c3dbfbbcfabe78eff30f798f
dop_1722-80_2023.tif	6873676	d17160378b2d17109f6a53f6e42b148894ab0f13d7124970d0ca9b29d6742369
dop_1723-01_2023.tif	5649855	a83c28a2351672125d271e7a6e5f5b55fd3f5c8118cf6b8ccc76f9df61c59630
dop_1723-02_2023.tif	9595794	599cfe2975c15012bee899c50d1a0abc5c819e4c3a9b391612eb769de04d62fd
dop_1723-03_2023.tif	10545363	9f6c9caad4393d65f1de5a09b476e0cd6388d9a4bbd753e921d0d0a6730fc9b2
dop_1723-04_2023.tif	9967431	58171e0924174c46413911770717bda7e0f1f235f5c581fdbfb8fd3ca924eb29
dop_1723-05_2023.tif	8821788	c2a60c3de7c460a4c7186ab392e2e15ac84ec287e82f7d8b1cf4fdfa0a38ec93
dop_1723-06_2023.tif	9433873	15c43746887bc1ffac48c158368c2ddad8fc3bf618429eb1ee78b03d90069c14
dop_1723-07_2023.tif	9038937	6f225544f8ff3ba4db6281c009b8ba7315fef23898a6a8f7a619f045b94cb3e7
dop_1723-08_2023.tif	7010428	7b7d758fc8b096748b1690e7b31b58608069157e26cb29446e92be85e8bc24ff
dop_1723-09_2023.tif	8217990	2bd42ceb904b9163fe7ab30f60c2946950855684357b6cc29fcfb3b0d24ac268
dop_1723-10_2023.tif	9373122	185a7d72a95534f3ae0eeb9b7dc3f4d913313ac206e99546fac40dbb751c992a
dop_1723-11_2023.tif	9125725	0ef210d9440c79a650fed9e8a2e7b9966cc13c0ad21ae5276ed9b82f09ac5272
dop_1723-12_2023.tif	9691207	1b25e32e4b2194916b2a1f2e545672bb84ca4e0c57384b318340fb4ce8b6f793
dop_1723-13_2023.tif	9214648	fe09c1fa870050519ffb7c7a35d254465bbd0325cacc364b8c3d2ebdfc14da42
dop_1723-14_2023.tif	9448675	de417927dc7f128e541f68033c3e64038267bd386f04fe003f53f5d172fcb629
dop_1723-15_2023.tif	9323516	0132cdd11cfc614456c6360a08aa0698022ddcc50bce74632b377747355c22eb
dop_1723-16_2023.tif	7284918	a47d9d6a3caf55fba6e45705aa34ac757b550db47001493ee27c17077e8d82d3
dop_1723-17_2023.tif	9243562	ccf48ef6e7442b591df7b768a9cdaf1c348a1e50fcfd9620a63003933ffb5ec5
dop_1723-18_2023.tif	8909388	8d86833729ed2770afeb0a694774344e1bd07512a9c666b9543ec962536305bc
dop_1723-19_2023.tif	8804355	9fef7dddfa300d65403aa63ddbe1065cc983a07610eebd425e7875d0cd334d91
dop_1723-20_2023.tif	8139610	13c5dda2de9b6dcaf65f6c2aa3b15b6c00e9abad98326d023d5da223cfaa9d03
dop_1723-21_2023.tif	7472712	2fbebb176aefb0e44ef0bd454c7c9b3ea7f730022ca763a6d255f9f9fc5a6825
dop_1723-22_2023.tif	7158135	297b90aa75e0d7ebea6fa0a5dd6e9bee11c51805c9e4f0addad97f1cf69d5fe6
dop_1723-23_2023.tif	8514860	c0c4b409f580ad22a44a5829d046fd657fcf63fcb33f7d858f4e40c13837dbb4
dop_1723-24_2023.tif	7947661	fb4e252086573fbdfebdcdff943fcc5288599b23e255930f10d36d903d057086
dop_1723-25_2023.tif	8958661	dfac7c114000526324f5b24f11c588d5207a1ea1379ec55c58840346fdc5b5e7
dop_1723-26_2023.tif	8544633	c3b88a2fdb65886188ff1de8e9ff05f011cc11e0d76eea6379786791ba27b616
dop_1723-27_2023.tif	7777644	c10899c0e741d77879e19bb7d9a2c1ab8802e01ac9e15176ad0063084842ba0c
dop_1723-28_2023.tif	10264603	94e9adbb77a6f50771abe1c0f70df6b4922dbb698d592e6db75d69da63600a10
dop_1723-29_2023.tif	8860444	0042c5fabcf2d92f001a4cbeed74aa290e00097ff9dd2d8972f13126bc16ed6b
dop_1723-30_2023.tif	7290685	8d62498e520a580e69a1f5edba0665bce581b7e22655d023111d2b54c0eaa301
dop_1723-31_2023.tif	7218639	1165b7755ef5bf07a064eb4fb177bd0f5268583cab3545e746d9ea7031bb382f
dop_1723-32_2023.tif	7740217	0b498bf6670884cb4c7432b5975441754ae6198a56359f10a44484fa12ddb9a1
dop_1723-33_2023.tif	9017403	1a5b0f26b0d217d1b5eb2f9a63e7a516f2d8250aaf7255fd1bfcd53d47e09252
dop_1723-34_2023.tif	9758019	154e7e1594c41eb4e5e9db581f11afc89510c60b79e3503375cec861bf0a0b42
dop_1723-35_2023.tif	9953566	c5c657dcbe3944eb37448edef809db041b0d842e7dd2560f47c086059469b450
dop_1723-36_2023.tif	9257777	71f8bb784a851dc1cb0a8242927b43fce2ea3db1c82e20ef9d6ba095ee88785c
dop_1723-37_2023.tif	9946312	d7bceaf13a73db0ef5fb9c3ebd4a090bb9c78fc32107f5ce33db07aabae1dfaf
dop_1723-38_2023.tif	8484891	bde409465c3d9ce250b1b8d1ee139c6b797899306670bbde621b1ec3c543b532
dop_1723-39_2023.tif	7352002	535565da3239fb10e6403df85049b7ff7d28feb648e7ace900b5cd068be0aba1
dop_1723-40_2023.tif	6749425	a3461459876b645971eed512ec8be9d9de61128cd2d0b006b04b841c2172f1be
dop_1723-41_2023.tif	9887410	bb42121425ff0eead9c5d1652a7501a2e96d58bebce7870b77ee5adf0968a580
dop_1723-42_2023.tif	8645571	50f782ecaaef25679cb083d8df6d164d3c2f45510be8569ff6ab5230e16a4b07
dop_1723-43_2023.tif	7756033	e71c66b544f853874009591b0eeaa4fb549880a8f7ec0e751ceb4b3342d3fd2b
dop_1723-44_2023.tif	8134254	fe6e519f128395520b8d316f5f59f3d2ecdbc2d167868f3b8c0f8a2958450386
dop_1723-45_2023.tif	8138626	d6b73769e624ad6e564d1bf8374fc9f4fcad8ea4845a080abb605ae508cc4616
dop_1723-46_2023.tif	7787397	585c1db4892458b5f0c278e0df2c0ba26ea57f22b7d16904209c780b604e60e8
dop_1723-47_2023.tif	7101627	c836b264a47c365921a8d5504062fe9fa4f4aafaab2348a5d83aa763babe2b5f
dop_1723-48_2023.tif	6412469	c4818ee035ea93e850ceb1a874208426f0247ea8a8cd576572a1a0647b27fc81
dop_1723-49_2023.tif	8078776	dcac05a68232a7dcae6424440a69e81ef71c7018e2b61b11a4aec517f3d03063
dop_1723-50_2023.tif	7427825	a187dc0e0fcea471358e174bbd0de04565db919c3484ea3601866687cd202cbd
dop_1723-51_2023.tif	7163464	0f586d70d2ece6390415ab61b3893b5834d4bd435b83c9e7e4ee8796c3a28549
dop_1723-52_2023.tif	6881771	6f713b147f0ca2984811eb1370660709dd1c4f8fca3a95eee5ebbf20278c34d1
dop_1723-53_2023.tif	6680917	bc52584cb46f561f5a9e5c8cc43bf4dd6a88f90db66d6414232be4f203acf134
dop_1723-54_2023.tif	6542331	49195d0f4f77a354005da27fd7a22b485388679a0ce7c98b09d0ad48a5e94a88
dop_1723-55_2023.tif	6206055	dfd6556947a2b7c18838dbfc67127c6a28421b6f6811ae788740edba7e63f14e
dop_1723-56_2023.tif	5844556	241ce4082f9f6299f9209ac7c1f7fb2a7bedabc537a293e9474ba3c9c0bc42e5
dop_1723-57_2023.tif	7206656	6de005307cb584f3899328b7484ee824e125a1f20056eceacca8021e651968f4
dop_1723-58_2023.tif	6834005	1845caf95f4e0f84b5801adef1b5f76c4268caaead7acd2f84ccd83de574b1cf
dop_1723-59_2023.tif	6691522	ad5a13fe73b1d3f1b7bba4f326872571cd173252b9a532e60f610bb66eef411b
dop_1723-60_2023.tif	6489206	c55f3bc560fb3f5f007bf7fc5a2274ea4c8ecd37206c83bd0d5ac84fa17e76fb
dop_1723-61_2023.tif	6331564	b167364d97779d1fc850ac51267cb330dbc9ab8f2aa0f2523c300d8344ea9fb6
dop_1723-62_2023.tif	6530706	6cb9c002e6e1ddf384ebd891b921511b4e961476199bd1a2319bd2da8ec3edb7
dop_1723-63_2023.tif	6282666	9fb6475420b5e6a30576f2c56fcf3eda4e3000ef3a8dc7c272d096ae93bee709
dop_1723-64_2023.tif	5924742	ecf58f5286d08064d3b0d29f13bd79b2a9a552e88ce4a63697bdf9eaade5fcec
dop_1723-65_2023.tif	6779775	8d434bdf3c4029bbf5b888731997e030b09b4518763bd63e6e96a04d80a45ded
dop_1723-66_2023.tif	6851656	e4eaefee456a6d0871fcfeeb52e5ea1f0091d36ae8ccb38b394bf3dc2bb85440
dop_1723-67_2023.tif	6494213	c3bc1dad9312a7d1ceea9c7eee1f0fcb0ff47c86c29cee4e14c7b817380962de
dop_1723-68_2023.tif	5992274	c872429a2e1a9c112bb6bfe19a0fb42f17fdd67766205c5a16156221efe7252a
dop_1723-69_2023.tif	6166036	a41f6a5ba9f607d49799e826a2a01de53fbae8bffcbb87900c4b9433a6c533ae
dop_1723-70_2023.tif	6234490	e769f0c222db737a6943d9698d1bf193f45bb6f2234674ef834837acb4d90ac8
dop_1723-71_2023.tif	6686096	07eb482c796a2ba13ac372c7685f1965dd7a83500335a0d95d947039aeeb7049
dop_1723-72_2023.tif	6707822	e3c692dbf6495df1c126130c734ac4f5937003a574265228fbe266524f2e1ecb
dop_1723-73_2023.tif	6769113	8a78ea299be4a73c1f1e85015485b856929ab3fcdf9e8a9d34c83dafea0541c4
dop_1723-74_2023.tif	7238991	2e2c3ee0ae0e8c661449a4f05c1485774ee174adf5497d07293c230e522b9dc6
dop_1723-75_2023.tif	5987762	163dd81c83004eb421e75702db2a1038f336b697fcaeffc3e036af2d8f448a5a
dop_1723-76_2023.tif	5941921	48ca9cbb4a75da21e2eed2643b6785b5f9a4605c0d612d0e56948ba8b59e2380
dop_1723-77_2023.tif	6538741	294eaea46b3b8d387962afc1527983494f20272bb12cdf662d7605f7e06d027f
dop_1723-78_2023.tif	6946055	0d21b828330b459610f518351ebc334fc5416e87bbb1f6f94b79da1694111ff7
dop_1723-79_2023.tif	6409988	382d7ada29019b92ed846a0c14ac0e951f6d0cba6c11c8b294031ef9fd1c39e1
dop_1723-80_2023.tif	6348613	7b57c3fc6d5e0751d83ea2529c9edaa48ece11117f7f26957ada8500507e7655
dop_1724-01_2023.tif	4027435	37b23f9f0e3ce40f0d9b26c37b93e1f4515c67ca2969db1150b48ba732697c62
dop_1724-02_2023.tif	4666860	6737996568f9a038b655b8ca5df3c209f18982749be980689366c6857541ba48
dop_1724-03_2023.tif	5667977	84fd7b6c9420c792d02471e7a650cb627b7d28e3fdd68f944a546d11b34ea296
dop_1724-04_2023.tif	7005703	4c903139beabb0c498432baa0acf7af88e5c71f5d676e12a4e423738dd908a55
dop_1724-05_2023.tif	8733132	93b203e50173af6a1c38d156d58d5bbac700cbe5a747e43c00093be146ad1eb8
dop_1724-06_2023.tif	6471352	02edd319e22565fc0690304cb27daa30869c24ad819b19ec959f49301dccdc01
dop_1724-07_2023.tif	5565265	ea0244286cca6d287581a6636c88f847f32cdd4796172cc09f998eeaa63a9ffd
dop_1724-08_2023.tif	5557507	a8bbf92f4f872097db7f38546ea879658310f4d2aef1bba050f4d9134a2afc44
dop_1724-09_2023.tif	4956426	b2ec15bc22d6b5cc2c17cd84cbdbb3e42ddc03e4f179858bf5f169103229b16e
dop_1724-10_2023.tif	5596844	fd1f07e462d4f7c74328b0f207ec5b84c0640d19034efe7aa1faea170497357c
dop_1724-11_2023.tif	5344063	bbd4654fada20f7a5dda7e969ccdeeb7f702680160a3ecf3a1a00639592361d9
dop_1724-12_2023.tif	6221955	7ec3305f8a76707c3abead41e9a98b36459b85d5a99612cdfb2af9e2d624bfe4
dop_1724-13_2023.tif	6838103	ff41c3872037e26eba6ead081a9005854eb2da64888d93d586889a3a584af6ef
dop_1724-14_2023.tif	7746186	acae98df33d1700df06197e6cea018372fbf49fb7f6c519f19e7f0640afafe76
dop_1724-15_2023.tif	7380708	f58f428477f1fb3c68329c1e633a9d41258b7c6cc5716b31c7ac86049fa677b9
dop_1724-16_2023.tif	6626167	be7a06a96f407c671dd32a38fbed92de9047f7899a1032fc0b479d66165132fd
dop_1724-17_2023.tif	5592559	c2aaa5d49639fb60f1fb3fd51107c615ca18acfba9281b39b1cd3bb5eca804c8
dop_1724-18_2023.tif	7458168	5171b0d079d937cfcfd7e4ce46615a2bc182b77a2b1f8e9c44b477bcfb01d416
dop_1724-19_2023.tif	5388427	fad67fddf4b8cb8849a125e25e4f85e5d37669e27412793bbb231b8fe2e27569
dop_1724-20_2023.tif	5039942	97422fdf09c4ead01bb6f2d24761911858d6c37567b4a814f6c44839d9575bb6
dop_1724-21_2023.tif	5554903	dfbe23f92bce979a3ab277cfd91a2040155615d3de78aa7e795e944e13f3596a
dop_1724-22_2023.tif	6314090	679798282105b674c04dffb94f95e41101e285f4541bfe0f0f15c833bfc2f8ba
dop_1724-23_2023.tif	7194066	8182c7d0fbeacdf3c5803a8d011bb8da5e6a2be534e1fb768df1474577b7bb8d
dop_1724-24_2023.tif	5983479	ba9d80b4db141ca6d999324b7febf309c363ec1235d6ea4d40a3ecb0985a7e5e
dop_1724-25_2023.tif	5901115	d1aeecb0f3c8aac177dc04c696d80288d4527b04845b1346bbb8add417cfd3d3
dop_1724-26_2023.tif	7319560	611dd1143758f93b28f72cc2044e9b83081ce3f304414b650fcba7e211d92a3f
dop_1724-27_2023.tif	6316901	272b7ece7fd3f1519731c0700c557b594c7a25409dea195397eae515c7c60456
dop_1724-28_2023.tif	5207184	295d37c68119a0fb7d60c6076d3056e2f4b1809f1160590e4f2ba02f1bbc84f0
dop_1724-29_2023.tif	5097481	3707613cbc8a6992c3f8c575a9b75876ed5759289e5a97f5be3ae21bc4bf8932
dop_1724-30_2023.tif	6122910	7b749d93d94d4d129c6fb9977d07884c5950ac6c390dd71c544585ec76627a9c
dop_1724-31_2023.tif	8843847	9350e9ce16c3b4b30683784ab14fe1b40dfd8c09d0ae71330bc50ea590093639
dop_1724-32_2023.tif	6727378	b6dd9990ea872a6c3a51b8c9aec472a855491463a2779cf638d824f8a1b147b5
dop_1724-33_2023.tif	6094175	a28f6780282924da119b597db03da4d2a775a688ea0326bb64946220b433c688
dop_1724-34_2023.tif	7807134	b993385903dcbcf8c351f2e3bbc620d8b4b493306f2c5ec0620e0804b2740803
dop_1724-35_2023.tif	6921170	1d6053f49a973661e5461996efafcfaae72c5e47057d60c88f7bb3086e60d852
dop_1724-36_2023.tif	5811296	2ced9e67d73f3593e4999f40b26a735121b44e959b087ab9de1aaf93f747e2e3
dop_1724-37_2023.tif	5924739	b6d7b5d2782af53dcfb5481c103091627c22f8322df36b18fee7f6e77a742312
dop_1724-38_2023.tif	7614207	b470757e1f30907c5d17beedd31c9f5094e0ce4d98b69f9228ed362c73957499
dop_1724-39_2023.tif	8099376	e452335bfebd7bc58e63a36010d5c822a6f278ec35066f388ac4e4c4b9a9e203
dop_1724-40_2023.tif	5702600	575562c8f2861856e9e07eda01b50a710ec15f3d3e7cd7a3aae0c364e9bec465
dop_1724-41_2023.tif	8039621	721132770700b826c0a88fce8533d12471bc58264c788d7e860bab3a557a682b
dop_1724-42_2023.tif	8112959	d446617653728ac2074125261886f1fc663c0b929c3a6daf9e60fc97f83b061a
dop_1724-43_2023.tif	7706193	c5c7ca875bbb708eda359e0b61dd7942d843a996f94ceb103f1d5502323da8d4
dop_1724-44_2023.tif	6834344	de927182fdf4f0ff0d5bb2dec32bd30a6f9eb1b3b9c18ab262027cd3de82312c
dop_1724-45_2023.tif	6293991	6ff0288dedc3ece5c3ae45f2b6b3575ab43ef4b159385177b61e1924a58871eb
dop_1724-46_2023.tif	8752111	4fae53760ca321a8ac2f5cae9b701cc82673dab72dadf5f49bf50eea60830c53
dop_1724-47_2023.tif	8713893	7942a35f4ed8f260ecddb5edbe90806addedcc6ed09e40a50596a4f35077cf0e
dop_1724-48_2023.tif	6462857	1fe47442c79898a71f41284ec9a4f52a7b97ca01ae4ba1b2d8c9f647b58c503c
dop_1724-49_2023.tif	7122499	439805941395bc569ad4fc47f36a696102f7b221834e44fa1d3d5f7d00104857
dop_1724-50_2023.tif	8552922	860d8f31771f1d9bc77244bc1013cf8da61a791503d490f538ba206312e73cee
dop_1724-51_2023.tif	9037540	011e0cea3c6b2dca98dcf95516081e9e03c9543135317680e76f874879335371
dop_1724-52_2023.tif	8497779	0bfc59511f7af031430fc71137fe17ea4b1c6bd35746117f0f2bd15fd657febe
dop_1724-53_2023.tif	5655353	acae6cdf132a84e164cacf10384fa47ab07e9d3b9a8f49e93ba88d6298c16e7a
dop_1724-54_2023.tif	7215903	140d119c39291da95f6a5f5d5e65f5c3d443f8d8c69f44e21bc23b619deec437
dop_1724-55_2023.tif	8922039	578c67bb710819631683466fcc51c29a0a63d60f237e9f22b708d2f4dafca9b5
dop_1724-56_2023.tif	8044083	1b9da2b4605eb8b812a0f6fce726c6ad543f1d2897c7f3ec7965c376e6d0d7c3
dop_1724-57_2023.tif	5199986	466ed53e035958c0fb843d40082bec855cf34c6ba6f33f35dc82041cc1233fa2
dop_1724-58_2023.tif	7871291	7ba5f0af28049127fb716b904e05691416d607febc121a3a4aca9375968e8efa
dop_1724-59_2023.tif	8497978	ff4acd100dd4b65d64f0a3a1fa9fc1deacf8b099d615937b10f0fa93a87d314e
dop_1724-60_2023.tif	8792513	34af5ad75d1dd0bc4b1be83a786afbdcb48fa67b8c15dccd6f2d2c5eec772d92
dop_1724-61_2023.tif	6366438	583aed051ec0c2fa10018872a72b27b5a017cbacb24639243ca6b15e5fb32f88
dop_1724-62_2023.tif	7706133	186492ba54e7839a0b6d6651324be0e41ecf81e0a74bd70c31eaa997ca8abe6d
dop_1724-63_2023.tif	8756948	67baeabc1ddd4e59c508dc102df791b96964bd56890bd892fd64063524dac27b
dop_1724-64_2023.tif	7642181	3d55d46b7beea3fdb3d28c2136b4d4ed022c628954e7b7002921b48a47f68020
dop_1724-65_2023.tif	4642750	4b082feadf940504b89fa535ff7c395d1284145806834f030b5c71ac08f63f48
dop_1724-66_2023.tif	4103830	4a41a480a3dad059a7cf73c452ba60160513a55ae5fb2cf3e1941d160c4cdc0b
dop_1724-67_2023.tif	7511411	7915b63c8bc3cb98b88f4459a2c58e513f11d96c30507fec9ff0bebb5cbe5955
dop_1724-68_2023.tif	8740375	eae7ee8a7928e9358a7e6d3f3aecc35f462b57a67d5efb62dd27d46a9cc0dd74
dop_1724-69_2023.tif	9129259	9de1ed53439bac9fce36c5f6b3041bafd2c55c90afdbea02599fb38bb7ad5b87
dop_1724-70_2023.tif	8721462	360b15d756e7804a5dc38eb7e17d85eb9a94b0a8ca39cabae919bdde50a028c5
dop_1724-71_2023.tif	7508852	2f30133544ffeb3aae3dfbecdbce2f9ac58b7fc12330cfb459737dac902fe3f7
dop_1724-72_2023.tif	8235325	648a8162cc6bd64ee1990c716daad55288db1b62d04593edc9d621ca7436869c
dop_1724-73_2023.tif	6014901	e2b1bea6e2e8268df83ae41e0cb373afb145f36813d4a67ef7c0e71bd5072aca
dop_1724-74_2023.tif	8341324	cf7c668a0a90ca2c62c648015a79cba100d27aafa3e157a5f35b051333914277
dop_1724-75_2023.tif	7858317	3306103b41c9d82594ff8035bd8ae6e57fb45c65c82be08f178d2acbb6dd35ba
dop_1724-76_2023.tif	9603296	2be08292825e458e1de2376a761ac7ffeaffca1a5137ebdc568d1db4bf5c4f58
dop_1724-77_2023.tif	9543052	5ea8cd25efc93b148974af7d580c30e80e73f3036abe577ded8334a744d6045b
dop_1724-78_2023.tif	9525025	68cdd4a191e112b1d0daea99c497aa9d07bcd47deddefe5102a90d21776e3383
dop_1724-79_2023.tif	8573762	ee71e91019b81e8e38d91f8b49e72eedd7dac257ba0182b01e77b9d007f41357
dop_1724-80_2023.tif	7546496	a000b1feb41cfd9c716dd476ef7232ec5e0cac6395c860e211eb900888e660cf
dop_1725-01_2023.tif	8193115	5b07c572fc3326e68afe2b978859df9694ecea6efee849dc9aa240b93d808203
dop_1725-02_2023.tif	7217780	265dd369db1c4538f54f151492e1ab8edf4750c1836554f5500d1b65318c8994
dop_1725-03_2023.tif	7867777	ba51b7c2dea6dfc700743ad7fb1d32a53e1eb1c90fe37da4f2fbe9eacd4bbd84
dop_1725-04_2023.tif	6216565	6c16c59eb22357bd8fea0ac53f5898c7eedf8c6a5f1148ac312dfc69062a6a1b
dop_1725-05_2023.tif	4645241	aa7323065512c7bc3cea5e2b9c267e49f031dc0e4a82c9b4610786293362967c
dop_1725-06_2023.tif	4716580	a80ed16b72c09c4856c6b48e89fae9121c0ff971164f4977aed63c65e2da392b
dop_1725-07_2023.tif	3811687	bee44f142a7b7cb635f7fb1432b227e43f2dfad2eb1048814ba28eb0691a117f
dop_1725-08_2023.tif	4678249	f5ad73eb393774aad8f8aadb5fa6f62a2989d702bfb171676924f7147d199452
dop_1725-09_2023.tif	5935881	49de30b35feeccc00c90e5711d8d9571d553efe18496ba355290ea7fe6bb8f24
dop_1725-10_2023.tif	7368970	3c3105d4a56cfeada458981e58637c6f24262c10dd3c60bb05c2d7abe6545690
dop_1725-11_2023.tif	6671983	c5476f062607870791ea90c426208a0388356d9ddbe0986919a580c86ab33d02
dop_1725-12_2023.tif	5933070	67496b2a2a6573de08b280ca952b4fd98e82900734538907ebaeb9bc22c61a2a
dop_1725-13_2023.tif	4856595	aa56f4b2d23bfdbd20ee3370d49863e9f797ebc73cefc152b2a9557deceea1f8
dop_1725-14_2023.tif	4323947	811d7908d2f3bcf5148efa4c5eef64efa70a83f2c4fb56b8c50db55eb96ad7e7
dop_1725-15_2023.tif	4183197	5c22d5e394e829dd67259a0a3a5efdc74728eae10f6e4953953c86f654c33836
dop_1725-16_2023.tif	4558748	bdb10d3738bcbc683677c97d540dc407ee1231e9450ff8104876ef2fc71d6f8a
dop_1725-17_2023.tif	5639924	be349734bc7eac929cee68fae3713c2d6f33e034f53efab451bd910c2b019b0f
dop_1725-18_2023.tif	4734629	3ea836f979d1a970ff90fa8ea925ee7e662e795135155f6f71ec7c2987a64f84
dop_1725-19_2023.tif	4944671	44cbc9c9d7c87d16f03e9dc068e43df5a052235f8e529e1071ff077fd2e396f8
dop_1725-20_2023.tif	4957305	68ba160593bb237be20bd54854ff1316d515d60671f8a965fdb02e8cdf14478a
dop_1725-21_2023.tif	4993064	f6f4effd2a384fca59c110e195529364182a29068926cbf1ef9c92441312e8fe
dop_1725-22_2023.tif	4044880	9c4004312ccbe26315dfd2078c91145b26fac503df58a5a088962fca07e58cb1
dop_1725-23_2023.tif	4256694	1128b9ff2b413f5a6ae05a756515ea8acec8d934a0ad204bd8a9118b88880dbc
dop_1725-24_2023.tif	5393584	1fa5614cf1af5fce4315a0c6acb4922e059957b8e7cefff23ae34529ecca4b1f
dop_1725-25_2023.tif	3592909	a7c5232661e7662fa836f612c498a1f55234fa84439d6f3c172066b3be6f301f
dop_1725-26_2023.tif	3801583	070359a3998d082678b7d6f02fb8801c3408761ffbb12ce7f9658976505bb9f5
dop_1725-27_2023.tif	3981678	be108f3e2fe579dc357cf5834291a80f975321abf29a57816a24fde15ded03b5
dop_1725-28_2023.tif	5648025	7bf69abb565817c3302b7b94f176a8d4f4df375433abe6fd0da08515ded8533e
dop_1725-29_2023.tif	5417716	0ab4c3959d434254346cb329d1ac5006e1f298529d443d3cca547a1722fc474f
dop_1725-30_2023.tif	4083465	51b35f1ceb0a7018c95305287d82f903449406118ee30a954ea90953902398bb
dop_1725-31_2023.tif	5819847	8a5274c42539bb6436cf4341c4a44f7a6a894620d3348b80efb9d7c0b7b613ef
dop_1725-32_2023.tif	7275666	9156f4b0090b689808b823526fd649e6fc534cb1e79e502a4e6a597f369db0e3
dop_1725-33_2023.tif	3630698	9027bf1f94b0a294b1f511945bd210982e907f6f66c7e3d3204fb96513d7df1e
dop_1725-34_2023.tif	5738537	89f759c395b919b8fbda8df423c43ffa2050f6c7a4462731ea6534160af3985e
dop_1725-35_2023.tif	8357038	95b2bc8f39924a93faba9415d801f405b02d29ce879843da1edb684828ada3e5
dop_1725-36_2023.tif	6963566	7fcd65ef1b913f986eccd3fe13cb77d891515eb1fb236a567c8f8f25413ed51f
dop_1725-37_2023.tif	5319588	7d9b19f0699cd24f97cea746173fd4e411b76490c0f838b50ea5f3b5be563565
dop_1725-38_2023.tif	4176198	f3914098c8ced540866b8d936abccb6a65c0c00445797d5ce2b461c5ffcd0bed
dop_1725-39_2023.tif	6762475	2bdcf6add8e4ec303de01e1480808fd7180ff82d3ea241ec9f197c764e45c129
dop_1725-40_2023.tif	7530756	09eede41c9e823012afd4a163244c708969c4e15645eb580eb0a5afb11908e76
dop_1725-41_2023.tif	8367382	224f530e5c9770d05aeeea287e59748b98e2c6c4ae7064e7da44915d9dc61fd6
dop_1725-42_2023.tif	9336242	f231473dd87f2c3bf106d89b3275cdc3c83e2099972d8bc27ebfeb72662de4de
dop_1725-43_2023.tif	6969863	fb5991eb48d04d574d28499cba99b571903c6464713e8cdc0bf5965b10df754b
dop_1725-44_2023.tif	6524179	49c3312ee2289032e9e0c7bb039466d7076dda13c783472c9a61b88d24782a8c
dop_1725-45_2023.tif	4828204	620c8ab2d3461d98cf5e9466576ff82a760d8fd833fec37bc67bc1b514a6bc9e
dop_1725-46_2023.tif	3792613	ba93b6f720c218711b20b9424ea896c8611a3daa9b627f88a3bfb3b5357524fd
dop_1725-47_2023.tif	5372801	552ae84bbae8f0c63963cad37c83d3a6bf4c6d3a360b8f41d5288ad7e8d43181
dop_1725-48_2023.tif	7961809	ccc9d224aa808b52a55e1381435323dd9c0785f5e043c554347c1cf7de18c2a7
dop_1725-49_2023.tif	9263662	7486e988f3d8ba022986c42605299401cea0cd3e8d1188eb9c558fb24f69b927
dop_1725-50_2023.tif	7110639	157806ac5798ff04c7575adb8e8fd705803e9389ee1441e57bbfef4a28bbea91
dop_1725-51_2023.tif	6115944	454c884faebeafda8140eac44251d9563630ac93153f9efe4e9135219880deac
dop_1725-52_2023.tif	5589408	1dd8f6904b986661c4185798cef8ff9ac194d7288483eb38536be615797400d2
dop_1725-53_2023.tif	2930483	d46ffeaf67f8847a2b7819347980e388395fe8172caf57c5705de2ac27b29fcb
dop_1725-54_2023.tif	4042345	ddaf4c1edc0169c1250a6b1ef0752efbadd740da661ac1da7ad5ee5fb4ecb209
dop_1725-55_2023.tif	6879808	1944c4a9ee7d1aa7121be1d52df9ff50c4bfd3b24cf23a4722728d1b6b02ab56
dop_1725-56_2023.tif	7758623	b934a90caf0d88b3077a7a9de91df8d46a782f5d8e60a07d4a0784c04c6be982
dop_1725-57_2023.tif	6624250	b9d20d593064b8a36a1a5dd5b350111de114fb23f58378e1043e36e63eb158e5
dop_1725-58_2023.tif	6201700	a35c75d49e88977a08807f399e8b654d0f3107ea8321f0fb248ffcdae58486a4
dop_1725-59_2023.tif	5285866	361029c61a4b40d5f4ba885f54718a3f5678fd1ab85d05a8e6fecaedec856a93
dop_1725-60_2023.tif	3992266	3aa105ce9b925f6c7b5e6cf70595bbf9c283f14c4c13bb386063ba224e7999c6
dop_1725-61_2023.tif	4941642	29eccb6914ee0a7f60e841f32fe9ff84eba87fd2e3f1609038d99bd5fbfeb96a
dop_1725-62_2023.tif	6063087	1ddadac3153397f93e6ce02849a6ee8463a405dcf4be5f7ab47e82f1bcd9bbf5
dop_1725-63_2023.tif	6032251	9dfda228bf20c2a7e2cce8949a361eff0280c5658196bf57b0a4867bdda8ae2d
dop_1725-64_2023.tif	6694013	756a0bcf69521be649fd51ccc1abd586610fde01ab5df3d39dd43e388feec96a
dop_1726-01_2023.tif	9044235	5e26c7ebfc1951acdfcc247a92a6d52c92f57897908eaff20399543f49a97f7e
dop_1726-02_2023.tif	7402438	40cde0191d45eb95f730487e0561312acd71ae2b5f7c7f6bfc773d68e6b29b82
dop_1726-03_2023.tif	6283092	7c602203464b05bcd1763ede3e5246f4ee36809341def53b14a17b27f66a6538
dop_1726-04_2023.tif	5259439	1c4b1f1e2ad8bbd17d45dafe01e025d2eac4d775da857b8b4f7b1674e97f5168
dop_1726-05_2023.tif	6121215	891ca2abfe846e0e14cd5233fe69df8c2ec0c5ddedbdb91d83f3d81d5373e82e
dop_1726-06_2023.tif	5958703	ec26166d98854f146071e5f3af3507327217febffa3af26567ee49664b0095a1
dop_1726-07_2023.tif	6383293	e289596dce5e778c116ba0798603e31ea193d0f3077f2d7d695ec7689fa4667d
dop_1726-08_2023.tif	6320316	56d75466151149a976e54f78e6ca0625269d0863b908db0dc54062ecbd286696
dop_1726-09_2023.tif	9142107	3c07fb05dd5c075b088c29bdc314cfe5a86ca0e6c98a868094e261a32f0250a6
dop_1726-10_2023.tif	6811784	71067122974dc07aaf755db7cef1243a883ff8bfaa901124ba16bcdc2f872dd1
dop_1726-11_2023.tif	4174738	e82c8db8c9d35ee7ffa632c942f6360e98a32200aea5faea2bd58bad0e8da1f6
dop_1726-12_2023.tif	5612398	f1f9b617a10ece1deda14fcb6065645682f8ee4eb9fc45f7e519076f0c9f0006
dop_1726-13_2023.tif	6862921	ea8fbce27b263c3bd2cc13ba72687229a38babd13e03b8c1966864ead0cd9e56
dop_1726-14_2023.tif	7134534	41803bd415e776b5d115ee4715c1a71de499a49dc02e633fe683b99f221d6d0f
dop_1726-15_2023.tif	6779930	05eb218ccf0ab10924c56e315ecdd782be1665be42d1b98dee4608e85055c3cb
dop_1726-16_2023.tif	6257352	95f2502edc9b97e0a491a797568e772627d5f124a123dc89d550e5686e8f3353
dop_1726-17_2023.tif	9025239	3881dbc05af4b6828959006b865f848f4a5c409bf8e062115764c6204bca0e53
dop_1726-18_2023.tif	6175178	08a5f6f8b26f4c8c38c43e046277c0f64b73137bda19247037deeb39234149c1
dop_1726-19_2023.tif	6458974	774f236f38ed5169b1b6d7989261f13d1153154c53ce8754cd1022f42aa5bd68
dop_1726-20_2023.tif	6557099	1dd44a2e34d8cee2b5e18f1abb10ee16e44f165fc64d18868b47ff9c76f5c32e
dop_1726-21_2023.tif	6959234	fe2e7b08fd3794d173213247be285c284a688eba8f9537864ced4d56868fe018
dop_1726-22_2023.tif	7048551	efbef5138ef5d000e672be05b6784295b8aee96a74fae47b0b0cf0aac9846020
dop_1726-23_2023.tif	6526093	45cb8cd4bf9685a6b84fb38ee0d18dc5ebc003a4697f8611e79baa7b692348e3
dop_1726-24_2023.tif	6096842	2fa9292b88cab8092efcc66ee9672d06fd5b9c5651523e41a3f6a9da08759396
dop_1726-25_2023.tif	8052325	9efce7476a0e24317b6060578710d7052b25e0e1c8ce989b1aa745b191c27f4a
dop_1726-26_2023.tif	6698789	ff9ab52dc245b7c03f29e6ea20b2eeea4fa820745f087d87336b198f7a88c2c7
dop_1726-27_2023.tif	6482003	8ffb372023b07b09c6c32501ab70b62bee297fb0aa0fcdb3f66be51e673d7e4f
dop_1726-28_2023.tif	6348463	f4a20acabbe98250c1d49f5d669b78dc61b9f4471966ec1a4c70808e457c0fd2
dop_1726-29_2023.tif	6948031	a973fca1c4dd7f0440464edc8107702aa59cf72e199ea24d990175b6efd3ca00
dop_1726-30_2023.tif	7250720	4e8e988a3b9d9a7653e93f8802d85c0dc531b1b8a0a50ce208e99abddd99be26
dop_1726-31_2023.tif	6353233	66e8e2725196b01a5584822a36b62cb5ccf43f24697c2d20bbd9b7759c36c7c8
dop_1726-32_2023.tif	6101004	eab7acf3fb043c1a2fbf14f82e36abf6706027476d4e5dded588de657b08c6fa
dop_1726-33_2023.tif	5299625	5941c93dc83fc8219f015cbb17fb021f16c9aa29f4c5f1132c7336f9d8a0abda
dop_1726-34_2023.tif	6750516	b748bfb9000eb9eaea7f1d9e7876e7fc68cb719a4a26e26f162079633c8f36e6
dop_1726-35_2023.tif	7839227	aeb5abce5db266f8500dec5bc9376194855240e5532ed685a4ef6b11b479f952
dop_1726-36_2023.tif	7951759	9bdef5dea041ce64e12236db137e1547b12057fbe93c6631f14b25a9a322fc67
dop_1726-37_2023.tif	8630642	f06d27b0bf69bad7b711c573ff0df85bfc2e00c753bbbb0941d2994b85b54191
dop_1726-38_2023.tif	7777338	f4ce6d31fd03f69d7ab765de1cab6aa54e9711069d07c7bb80df55e3ac8340fc
dop_1726-39_2023.tif	6662258	105a7d43423a4ad81cc71224726afc220a59cc34f5c9a75ad919bc2932278eaa
dop_1726-40_2023.tif	6171640	21df081e7db48c73700602665c4257e6b5b4a1db3697a563f0c8f4dfe3bb6086
dop_1726-41_2023.tif	8128904	a644d63c0e0f9d6312bafc430353b25565acb72fe95847cb8665235909c2e814
dop_1726-42_2023.tif	7761500	61df6a055a1de33fa2f0133dbf2df78b38e32e9b119f36a715f521fca423e0df
dop_1726-43_2023.tif	6912005	995a6e9bdb9d06ea62fb789e7a9d8e05a24e14d7836f8266debf9fb854428949
dop_1726-44_2023.tif	7044503	18a630827fa94e73c649819ba6a8cf01a0527210f7ce750cfe89bd2a9471717b
dop_1726-45_2023.tif	6886419	95c4e5cea3390a14020489eac0268415484a09a93199d6f44a59008d4bc69952
dop_1726-46_2023.tif	6481140	82a9619b46bb8b2859345a5fdf0f7238e5f1e5a2a1e04dcbe0884b5ee92905b4
dop_1726-47_2023.tif	6179312	d7df40855ea382b1d333e5f41658f3e14280de4b240f48f211be47be0c916781
dop_1726-48_2023.tif	5319416	f18673ce7c47bd5f7fd72f2b471a24f7846aca55947f22e0e738d812a2029b49
dop_1726-49_2023.tif	6970212	f1c8d1d7ac0246dcadd41dcdabe4e24b289ecf4c07dbc9ebeb3d19a257c095b9
dop_1726-50_2023.tif	6947695	ad85ad45af9b0adc294ebef80032c644a8ea2df32f66878a22f0feb5ae885572
dop_1726-51_2023.tif	5815259	a14fc6b8202dca1ca56b4befda5bb4744fb71eb5009ce9906f2466eb6080a1f1
dop_1726-52_2023.tif	5665647	c6efc5f5ca279b4479475d23a7347ddd6ebf1f3bfcec3a90fb1ee714c6e6da69
dop_1726-53_2023.tif	5545586	ab7aff3177df0d5bab0616d1ea80707e364895cee5af60e487123fc2164cbc81
dop_1726-54_2023.tif	5363579	572fa267d77de681796a6ceb8faed1a918a6af9ed82b3449dd201d934f6eabf8
dop_1726-55_2023.tif	5400193	ebcc61eedf72222e2b2e281f70ebdb496e70fbf3d197584a398e5be1556e45aa
dop_1726-56_2023.tif	4216825	6b7570a4cf66ed79bb05b8668e64b0db015e28df854ee8dc3beca49f10926db0
dop_1726-57_2023.tif	6442801	865433524c2772508d64ad1e28e8c84a4b883449bd507e4ff6b5232e7158d09f
dop_1726-58_2023.tif	6022017	beec4fdda21fad56ae61117fa191002d94bf7eefda16dde8dd3a279e7a3b539d
dop_1726-59_2023.tif	4376394	9302a8db0d9eb8a91881f2b4c5242778f5d7da35d65c78832e517a1580fab8c5
dop_1726-60_2023.tif	3789002	4c742e475baf15bcfcc9d8905afcbba83e7077ab03a06602b7085c79cbe91b1d
dop_1726-61_2023.tif	3758491	1641e1f69f89593f47f102290a8b49a6a5cf7b59e080edd4eeb12bff280c4440
dop_1726-62_2023.tif	4083763	cdc6ceeca05b375c4f004fff30e92ee715de6342b073e4ee3dda7ffc6461fcfa
dop_1726-63_2023.tif	4580088	9d7f2a93ec308609bf8a80a662c47bf927974afb4a658735ebcbc900fb3a228f
dop_1726-64_2023.tif	3025350	503a414c4b24d2cb8f8fba552c2b6379de5369078d69fa8d0fd0d9751ba5e709
dop_1727-08_2023.tif	5105946	aaee3e46e5426043f787843d8514bc1a8eee347a238046c94c258c98aea2234b
dop_1727-16_2023.tif	5338274	3d74de7c502ce38cfceb6d4017573395fd0652cf3614499d9d15571fe6adcd38
dop_1727-17_2023.tif	5082293	4083bfc82388771c019a80e1d05b9b584e9aed1c493ef62cd0114587be4488ea
dop_1727-24_2023.tif	5826350	e4adb7fe610cb9f6844465137babaaed29b8434fd17f6844ff499efffc000b01
dop_1727-25_2023.tif	4943397	937142dea5d2df5b54833970e4ce58e2fbb89009b2bd592e2c00bc7e35cfd886
dop_1727-26_2023.tif	5693926	d1bc12669052c942df996ba565cb9301d861ffb9a5362450ef12c0f72f38559c
dop_1727-27_2023.tif	6009991	ebf20e330bc59876c03ccb75ddca99bd378f704afdd1bf9cd5c717942e8320e1
dop_1727-28_2023.tif	5265388	9f355c819bc7348963bbebeae7923c559f66212b131e381f5b0692116deb3a31
dop_1727-29_2023.tif	5213061	8f8caf3c8ca767b64ede6a5baf416ce3be845f53b43d88948d1fb8cbf576c7ec
dop_1727-30_2023.tif	5877506	11bdc74d0132bfdb5ec9dac202a17ae278fb828fa8f0145b31a03fae6ab42c50
dop_1727-31_2023.tif	6378669	0e744e37fdc899ad8f53715700db49b8f8b10fd8b6eb85d0f187c7c7434c2bdd
dop_1727-32_2023.tif	7184673	8e681cfd7b8452b7696def757f77e0aa06cb5a6743d3048bb338870c680eea60
dop_1727-33_2023.tif	5734233	6b1391aacc88e5d07af65a1cc46649e73eb81c0cba1d161d75d6da65852faf6d
dop_1727-34_2023.tif	6072810	967203d5f92a6d4f1fb65c5a2cc003e92c19bc9b9efd15c201ceba9dbf671cd9
dop_1727-35_2023.tif	5620578	8874c4dd941e0ab8a38aec9bdeebc2351b6bd4b1d8059ae0de191747d13c8d88
dop_1727-36_2023.tif	6031248	ed55896f29a4df78600bd16c8c36d79f880d89676fc636bc2e93c4f22092cf2c
dop_1727-37_2023.tif	5648292	dcd10bf3c37eaa06f4a95daef4265e0171e0882161a37d4bb09f4fdf6725f2bc
dop_1727-38_2023.tif	5658761	6370d58aef6f0ac0a82f18a296f16f35df7fabff7e054ca6445e8c955741fd17
dop_1727-39_2023.tif	5669729	a7a1daaa6f65f28b3102d94afd44dbda813d575e68269f4947cee56267d86de8
dop_1727-40_2023.tif	7115970	06a65a2baae0a49f9fd4c0ed40ec5fc1befd5923bcf29beb6cda89053206bcbe
dop_1727-41_2023.tif	5485518	7a10309a146a151a5891a704dfe6f426c821668124f2a7e625f2c491dedf6f58
dop_1727-42_2023.tif	5845279	cfdfebb73286a34c1c234301076cb74b53a3769b74b9df5f9322ee59f0ebc314
dop_1727-43_2023.tif	6015761	85640158ba3d328153430558985d956d1b8ff37b3c8aa799a8a78e6743b07074
dop_1727-44_2023.tif	7187847	5d81a7f714093637587820e3c0e1fc177b6de57d0b424b192b1e68a5489c49ee
dop_1727-45_2023.tif	6673255	b802eb681303ed6a7c68d28950a46ae48625e99d92ec3e5bc0945bbf9748b8c0
dop_1727-46_2023.tif	5347197	7cded2dadc89760ebfdc7dcf56da17b2442f0d92ca17e4de5e0631a1f0bb2df1
dop_1727-47_2023.tif	6339063	5f3d97c486b53604e090ef274524e8b9de9bbce7cde1e378a87b2b858cb0f22c
dop_1727-48_2023.tif	7461615	785d3cd570364198b3deaced0beb63e86970955bce5db8a72d1fb454d6cb15a0
dop_1727-49_2023.tif	5541366	93cfb0a6beed937b626ad21370359adf941b0b3f8f21dba5be09c2c250aaa85a
dop_1727-50_2023.tif	5437472	ddd9df1b22a1e64ba21d37f75c4bb9a2c677adc1e5d1dde5f3f9e0f49ff1a6c3
dop_1727-51_2023.tif	5343206	ece9963c5c8a2681e78caa54c50c1136c08ec40205be7b391fcb975ffe4e9782
dop_1727-52_2023.tif	5476662	476b6480c3f2ab855bc1efc33861e40566712f7a95d67e3266fcf5d17058dace
dop_1727-53_2023.tif	5473156	86a79e21852d2df40b09f3d8e4304c4f2a231ab9ca9ef2456f824183d49f6226
dop_1727-54_2023.tif	5445255	c7ebfbf75e3fd883371c37e8bca0fd5c7a0973bb16c4c2f7217656a46569036f
dop_1727-55_2023.tif	6111861	6a88bf2929baff31e7cc98959d1753dba574b6b45f5c5c9152a04a28f4b9af77
dop_1727-56_2023.tif	5848080	6c7c30b354bb50914e7b9c2b112680b3def07a55cb826ecf80b0e06d3db8176a
dop_1727-57_2023.tif	5708176	d10a577055562a3d52bb4ce4abdd9a40ae3e887a849e21038e7d938a27d3003b
dop_1727-58_2023.tif	5326956	308e347785b6ffd09632b6856674976ccb5f69a4ea5966d67cfbb36f6f0b6171
dop_1727-59_2023.tif	5346505	a0b2155892271f3cf3b9c1a6914c86fcbcd2006364686c81b5c0e559de01ab10
dop_1727-60_2023.tif	5479430	70ad2918f804954046e36ea0511fee403d9d59960620b2cb717c0ddc55bf4d7c
dop_1727-61_2023.tif	5092199	b0eea870cdb9d3eaa64d54c4e286910c9e9f6b5cde0332c79aadaf497e7cc52c
dop_1727-62_2023.tif	5577872	5057a65fe157e4ac0a9175ba85b290046aab4b78297ed3c3f7e180914554635d
dop_1727-63_2023.tif	5526296	8ba7189cd61e0499d955c216ce3fc766d7c568fb77f8364f2f2aacf6e219005a
dop_1727-64_2023.tif	5777772	927785bc4947e7c9b1934f2c8c6159f59154414efe252d9d77242ccdb590cc5e
dop_1821-01_2023.tif	7019829	da154f6554c89af51ca0c90b3cb0350f6ef446b527e75a9ed94bb28f04113660
dop_1821-02_2023.tif	5879932	00b8b2758850c684aff64409a5d0216a58814439769880da5a3f5a360a29f81f
dop_1821-03_2023.tif	6798913	abb82a00fe86a0b5718fa14f4367fdda09967bc597fb436908ce137ad22b8ffd
dop_1821-04_2023.tif	6638847	8b3743ec569115fd391a35a5b710dbc1eb988ef520343469e411bc002eac56c6
dop_1821-05_2023.tif	7115889	ce17a538df73f0d2790f4e5aa30de4682434c98e3326962c8670ea8c8807f238
dop_1821-06_2023.tif	7740517	63b0d63d5c9df9dd73bbe0450acd4a52e0a96a56c70169d254697e5726074819
dop_1821-07_2023.tif	9327148	99d7954927864b0b2cd7d2305801bc6516a7eaa0c33f15f5f775835c01a818a7
dop_1821-08_2023.tif	8378369	1af1f7822b3913bbebe4d049388022ec351a0b40fe83b29bec1f29dcd045e4bf
dop_1821-09_2023.tif	6209410	ff9a7cfcec82b21fdb2546523c27892ccf80121e33a5ee1bb9e61fb2f96f5ca6
dop_1821-10_2023.tif	6235955	cf9476e9d85ee98de331916da67868342cdaf86c88356f6b20763cfd949afc42
dop_1821-11_2023.tif	6761154	b70a3cf14415f63e7acee12057357ed3edb4c7c7c23ef17945244dbc1496e23e
dop_1821-12_2023.tif	7137636	9814dd3fcc7ac002dbe74b804f8f0db8e14d63517ec26f1b716c8dd19cd30d3c
dop_1821-13_2023.tif	7337464	3dbc45a6e4ff21b7d9b5841700ccadf9751855a62dd93efaa083ac0ef0824367
dop_1821-14_2023.tif	7602343	fe56410cff3c5d421568d24050536472e04847566145d5b00645b0d9275ddb1c
dop_1821-15_2023.tif	8912021	40d783d1e8b4d725a44a225062555060529501b764a375f1ed230a43cb76df9c
dop_1821-16_2023.tif	8038476	7a77b38fafb05553df0328112f6680650960411ae399b4214fa39fd97ac7661c
dop_1821-17_2023.tif	6040580	55330066cb028055ef4cf66720e029ef04d3a8af259cd0da3981f28acdbed5c9
dop_1821-18_2023.tif	6602324	c4b99c979a21136ebc3821151c9d5dc3255fed1689e9dbb8194bb78ba21c2d3c
dop_1821-19_2023.tif	7560332	554f256453a760875abf147e4948a39368d04deb06559fb6037c374be1346dab
dop_1821-20_2023.tif	7572527	d427695a9db95d5627e6bba629c7de61ac49d59646b362b0af8e3c08d1ab6259
dop_1821-21_2023.tif	8644495	97c76c7d51152b736230325173379db2dd77cff8cc288b1ad210286765e75e39
dop_1821-22_2023.tif	9211953	a455b003aa7f1caa49e54a5ca943835f8b33edcd674b46f78fa6d48a5cc7abe3
dop_1821-23_2023.tif	9665426	2cac487e7b39e819fc7132469ac4aa67f6a24d47bf4a3bb39fd4d2b1368cd147
dop_1821-24_2023.tif	9283386	7735f3433fe00ab30accee7b5b2f49e941aa959c1be3d39bbf5cf11211e461c0
dop_1821-25_2023.tif	6814963	263d34bd6d0d21055d535987d304cc6f4887569950274ed7f68aaad35ce54de8
dop_1821-26_2023.tif	6491474	c821ac9ca7c388e77a2a5f220b9f40faa1a020e4913f4f805881f57c1f801596
dop_1821-27_2023.tif	6750728	459a81d1166e29b1557406739c7bc3f53254b872b5742ab1489d418be19bfdf1
dop_1821-28_2023.tif	7907253	1e6d4f731b25053891cd79642b11761b126e9eac184d5b2b0bfb696b4a703f0b
dop_1821-29_2023.tif	9541128	91fc244c05c9abb3a97231275f373a60ce3b513e6f27ac654ea0bca74f82d3cd
dop_1821-30_2023.tif	10976466	219ebba45871c56d3fd86063c5218704f5b4982966660abdb654a987756991d2
dop_1821-31_2023.tif	10701021	79bbc60693488e7cdbc8f785aa6a1d18fbed7a405d3e72df744fa0af2ba74537
dop_1821-32_2023.tif	10757268	59bbbdd29f949ef747f01bd58cff310aca86ff2a3183e82ef5f386ee90e70f76
dop_1821-33_2023.tif	7204730	7d1d58bf8d0acbc8385f6c1299c449ac007ff0a77fdc3c0dee192265cfb9c818
dop_1821-34_2023.tif	7117319	b4a0d3922b6718d39b256ec17415ff1a9c5d2e5d6f97304da039b7d4bebaa3ac
dop_1821-35_2023.tif	6603187	19d261f2d593604e0751c49400ae3c029b99aa64a14ad54a109800ef91ddb7a6
dop_1821-36_2023.tif	6891005	0092fc72d6708bc6a7764c94bf76668f2d303a2c49bc5cab6c36d70a3bb304c1
dop_1821-37_2023.tif	9300188	7b5fdb7c8cae56090ddae92163bce2e0d297bea1016810c27086ca3914c88517
dop_1821-38_2023.tif	10344942	19c21ac97f70572e75f73406dc5d3f508a06879f8965a75552e31a80db9c27a9
dop_1821-39_2023.tif	11065243	a68e2d775d18bb387039d68a054e9848feb60739cec99aad8b7d13f7384cd56f
dop_1821-40_2023.tif	10634852	7746ed90d9a8e32219e690befba7116b12ce6182b523df75e7346bcc0bb28f1d
dop_1821-41_2023.tif	7079425	04c46e47f34a0c3ba8dd0a9ee3909137ad5039c37d67976df57c3842979346fb
dop_1821-42_2023.tif	6587370	59f5a8637b0dba020897e083f5363894288fab5f1cc31b0622aa266ac26fcd19
dop_1821-43_2023.tif	7081087	b45d7df01a35e6934755c4e27fee7154dd26f185e15b2d00e3a3de692bb19103
dop_1821-44_2023.tif	7246448	2426bc0172c615c2e92e04bf84c14546d051d328229180b2721c4a637165ff2a
dop_1821-45_2023.tif	8856329	dac88b01e57b35ee567337fd6fd769b6c93f01d124b89a4ed06ad1ea927eeec0
dop_1821-46_2023.tif	10836230	1a2fc5bb8636b6ba8c84e47255f9e4e321144a7af383f3ba1511bfbb462e117b
dop_1821-47_2023.tif	11637249	69099fb0788732be52d135c9e73feff4e4c553cae32b42a87a615487739c0b2e
dop_1821-48_2023.tif	8995129	77a3f6a027008e0e09ec068551899e9f7f3076bf668ea62780096b6a97c87ee2
dop_1821-49_2023.tif	6292276	196ca258a8e4192667c98762791c80e124249f6f69e61ba14ef4648811bcc1ef
dop_1821-50_2023.tif	8030405	f909ed51f4084e63b1f06452ae284291559fa17c6550c0eff500305699f5c650
dop_1821-51_2023.tif	8100491	96e72d27149bde82104256324bdb7b21675fc1504f06a51d4e1912a2227b4faf
dop_1821-52_2023.tif	7824168	0f0a51e74c0ff6c2585984bc152d7e48c082d8098eee194bf6beee12f50dc69c
dop_1821-53_2023.tif	10704419	2717393e81585dab4be885891399a1612507a1ca97fae632490afef801ab5731
dop_1821-54_2023.tif	10449141	ad3478e3c311694b9b100d49e6965314f16a7d8678bd8759864108ca1cc9d214
dop_1821-55_2023.tif	10260020	00b6bb2c539116ceb357e711a8f6a534c91a43baac5eb846a233a8e8ac72add9
dop_1821-56_2023.tif	9160439	16d5d35d3165466753a80e2d8d135fd90ec23bea9ee809b9aa80a91a130cbae5
dop_1821-57_2023.tif	6965891	1db26ddb7adccdef3ec0f2076e16b8f66ff7f366f18a608c4a5c7ebd0bd25024
dop_1821-58_2023.tif	8073445	a730c0b5b6740330a822ad546c1678e877a8986104d8aebf62b16bc4968c6943
dop_1821-59_2023.tif	8722206	69dda3cee5a2c69bae17a0b9968d18f05a8dea66a672739f88dd8519499da2f7
dop_1821-60_2023.tif	9285685	cd4e0a724fa5883dbb4a601b47235c9563d9822e3b962a8b5abb7ce455d7305b
dop_1821-61_2023.tif	10239458	c6a5bcbb605bb33fde32920f4d0f0579d7a65eac86aa56e3b620d4462315c7c4
dop_1821-62_2023.tif	10154212	e741a9594601810a99cd141916453c49d00c1515b828380f9b5abde4cc0b5a87
dop_1821-63_2023.tif	9428221	6f67e54a31c28cbeabbdc3b3f39fb97dce04dd263c4c9f1e3bf6004a5ea95687
dop_1821-64_2023.tif	10103684	2435670b7c62a3dc61da18900d1deb7279e0c0d77dca53fcd40fd5b58a44eacb
dop_1822-01_2023.tif	6330425	3ac919675038c379a880587df3d83fc22c1acac5ae3464f12d204a10b71b7546
dop_1822-02_2023.tif	6312381	ec5b1c5f62d048634fca51d524948612aeb610b4bdcddd7dcd898c9618600815
dop_1822-03_2023.tif	6500109	2caaba9cfbf5e7815745d2b0ea0890e57d2b8b1813268963c2ba661b19708eaa
dop_1822-04_2023.tif	6610725	e186c2da91f4887c121f2ee1f13fdc50664ed27cf2c5c70db457bc6d69b6fc0a
dop_1822-05_2023.tif	7185337	c9b4cd80d6ed678200be4fc10a38578abc405442435d68931acd36ca03af9cab
dop_1822-06_2023.tif	7240884	ae03333cac6d343d636b87460c0fd0c821d50bc6849c6561fdab36928ab1d11c
dop_1822-07_2023.tif	7057545	7b1bbac9b4e3b24ec9ca3928ad00d449093923f0009e95472c6c65ceb0f0622d
dop_1822-08_2023.tif	10632983	28b5e5f0302cca78002f47fad56f5a408660ae51a099600466d5c2a01cf7261d
dop_1822-09_2023.tif	6645334	3d8ae526576595ead406a0005157b5c51c52ed1d0b5a63461dacd87d76457313
dop_1822-10_2023.tif	6764096	1355a8fb355fd23d37328b55b418068d854e4356caabc60654e8b039776a84e6
dop_1822-11_2023.tif	6408319	57bab461ef924c44b931171bbabca09daa1dd7f27e785a9fe484ffa062a6ad24
dop_1822-12_2023.tif	6388587	f699837252f8cc9817c837e0c2258f68fd07b0cccaf85a86ca6d96951e59f510
dop_1822-13_2023.tif	6657285	072f2ca3f26a5c902f2b3554ee828e00e6473d28f542282ce9e7e2e0d5eb6610
dop_1822-14_2023.tif	6826342	3bfaef952807e893d0e462d40947f982ac1d57879ebb7525c5740eb75fe52ecc
dop_1822-15_2023.tif	7945452	7d558854db3724c192f7b689d269fb96ed2201d28b010bc61d303febe4f272ae
dop_1822-16_2023.tif	9683678	51ffeb65ca722398a22c75173c01e3fb2b81e7ff1d63ecea6aeaa9f62a51ee07
dop_1822-17_2023.tif	7085229	d03cb3bde9e9de00b3b406f06c43050ac8ec660d136de22180c0396e4450540b
dop_1822-18_2023.tif	7115583	1540b58339353140fcd9e1bad97b4c588e6652ff5d8c5bc6e223b2df7431caf0
dop_1822-19_2023.tif	7565128	708fc30087354bc24d16ab1bad884f89fb3fb2c498b99c976ace606260719ed9
dop_1822-20_2023.tif	7043239	24e355798cd194afd39d29f60d0cb5fa89a232f495637cf7da1f2abd10f7fdab
dop_1822-21_2023.tif	6507098	0ba2e56164c1fc7619929feb820d4833bcf0d5fb5330fbd2fe95dc1abaf50b55
dop_1822-22_2023.tif	6996433	f760c275981143c30a76d77b4bd0441cca48430d84ba890f85eec36ad2702d5b
dop_1822-23_2023.tif	7131333	ecf374c1571595b7ff2dd3e07f19fede0ec7f72395a4b66668d7d75268da12a8
dop_1822-24_2023.tif	8009991	e7c0fc588ad781b25a47f345c3b5323820eb4740b52d37c5b0cbba29cfaf0cee
dop_1822-25_2023.tif	7936471	e84c8e9ceb78a763284aad47896f6bf5341a1640c8dd7e2a1e9ad231dea5b632
dop_1822-26_2023.tif	7972444	85019508c2e9aad5688188fdd7eb025feab7819797afd707bc176c49545a13ff
dop_1822-27_2023.tif	7908567	e43fb3098662bd8b72d49f59fc5453fdecd44f837e13b74d2feb9f7b36abe43f
dop_1822-28_2023.tif	6511552	ecd4d93c40cdf8e4ead5f68d3692849bf61eeb2ba1a5f0f005f3f76f4ff32cf5
dop_1822-29_2023.tif	5852114	10a9975832e80aaada946816804044248e9d7b31b4cb9fcd3a93aa55baf8ccdc
dop_1822-30_2023.tif	6624040	a2e2d4b90f18f113412eaeacac47ce8d48bceae97f2da957f9020908b6d7823d
dop_1822-31_2023.tif	6233740	7ab782af68e832dbb0a8a9cdb706f885a5b30a57a011e3de0de38e39844a2948
dop_1822-32_2023.tif	7132518	fe42619f143ee0770561913ef9fa7a20c454affea26bdc62dce76b7b16571a16
dop_1822-33_2023.tif	8731427	1f6b1f739e0bdcdd393f5afffce6112c87439fd082cda35e8f224bedefddffed
dop_1822-34_2023.tif	7356197	a12d3aced03970bd4bb1fc7a950048e894764a263e01cd83e9692c2dfa85ca97
dop_1822-35_2023.tif	7455968	b54cab7c348d7c2651dd44625f3269de000b18f9717f2c4872f9dc00ffc6862c
dop_1822-36_2023.tif	6670195	bcdab1663c461b7c7ca71baa5444b701f1ee07f1c6f83813230ca0166b1a0513
dop_1822-37_2023.tif	6250584	163eeff722f07a517233e4b6037dcc6ef93018fd870869e26fea71b722af6a50
dop_1822-38_2023.tif	6133834	f316c8fb2a00e778f1c4a961ad17aebec75b93803a0156f75ddce43121dfe63e
dop_1822-39_2023.tif	5993162	9dfe046500804395f52bafbaf20f67229872cf6fd9efceec8130e3b7033fa2ee
dop_1822-40_2023.tif	6559640	90859426361cc6567c32d8f88a334309030bd34d16922382e52a978d40aad12e
dop_1822-41_2023.tif	7694057	8cbfdac8959e9544d5bfbaf2dca383d11685f34d9b33547835edef1ce7e4383a
dop_1822-42_2023.tif	7080779	74d8a29e6088516a4a0de5325f439ca4f254a700e7686b717a3ccc5260f03471
dop_1822-43_2023.tif	6255850	e6ad20d08f8bf609168b9275410bd7667652bd634794dd47bb08a3087293c85c
dop_1822-44_2023.tif	6406583	4151a27ff2507341b3a9773306e7f70760243bcbe529ae2705970a80491ff988
dop_1822-45_2023.tif	6214991	f1e1c748c89f0f8e3d614d004d0be39b299eb79a766b95e4ecbe94de743d9135
dop_1822-46_2023.tif	6360811	0035fc5ecb3813dc053e7f3c4d0de1eefd84fad7adfbb15eb664f4d1bdd58c2c
dop_1822-47_2023.tif	5993263	89ace1199f43572f77a2e15c84536a20f432d5c5f5b0e6230c40fec1f6bad3a5
dop_1822-48_2023.tif	6204033	9bdc7412e3b7bbb5e2382e4aa42722d1639cc19d4c985443f0d8b0dc28a235d1
dop_1822-49_2023.tif	6729543	0fe8e59a4b69d31cde30b2f3c888759a7e0c1aecbe548486aa18197e7951665c
dop_1822-50_2023.tif	5965362	6f923bfcda0708a4368a43516749c2a3fbb6459f4e62fa049334f4abe6c42b21
dop_1822-51_2023.tif	5834848	5968975e7209c042edc732a8967c906c407314da19098e6b942e823b6d1b639e
dop_1822-52_2023.tif	6633560	6fd5e984691a0a613d3a1b278c81b07e383fbcaa4126e38e774f1c10b9b59652
dop_1822-53_2023.tif	6431046	2a053ebc9ca1e584d2144571a1a73530be96d59783b9e74e8e2a35f23534ceab
dop_1822-54_2023.tif	6993388	8efb97b43b16a3b4685b3baf27a2242eef7ccd1fc9d9e1fd3f658c704764505a
dop_1822-55_2023.tif	7051009	0c7bf07ab85d102ec7a2c689468f27f7015a85d1a77269639c7d22653916790a
dop_1822-56_2023.tif	6714427	5c277372559346faffa2696560782598aad83900bc5929ba5d410fb907bab9ca
dop_1822-57_2023.tif	6891183	7942da4d74a2ad91970cab0287f2d5fd202b32b75f329794ee8d49cde8092e5a
dop_1822-58_2023.tif	6520647	b9203e13fdbf1e9029057eb0826cf92787fbbdc8cfa353e729cbc0413bda2074
dop_1822-59_2023.tif	6540817	768a9fdbfdbe72aff61946bec24e4dd90ee955af9975898dc3d13463240283b2
dop_1822-60_2023.tif	5663942	b6f760b4da444a56571d1f9d01b7bf797ef44a2891c6dad7c8c63d6f51b0f5de
dop_1822-61_2023.tif	6259914	17ed10ab43dd0029b227db2b49bee79a26b7a96207cb546017578a59f1e2b204
dop_1822-62_2023.tif	6143037	2b983a86f48fab0afff0b73a717113ac360e73ec3dd96be8c836e29fdd217b6e
dop_1822-63_2023.tif	7657976	9107b0ccacbcb56f3ac9e8462c48fc0c99834df44c4b3c084132e11dfb76698b
dop_1822-64_2023.tif	9363463	4570d2c8625708fdfd02928e6de702876af7bfe425259953d398a6cd7ed9a4d5
dop_1822-65_2023.tif	6271045	da86640a59caf4cdc6a9361b40acf8d4a34899b8e37c441017ee4d04369e115d
dop_1822-66_2023.tif	6273343	6c1a9c16e708c87fe4d1a7924e42d6839f0ebba2ae85c450e15330bf83bcb756
dop_1822-67_2023.tif	5924721	0eb38ffd0884f0681417b5ef24bed1d5d07332bd1d7c5b696970bfa384096c47
dop_1822-68_2023.tif	6328605	9f8940db884716444b78394aea023510a91fd4ed84d3afba89ce9af84b30a76c
dop_1822-69_2023.tif	6736814	bd5e634ae75db35e66db7ce19d95081e3cbdb59d55eb6645297ffbe422c294cb
dop_1822-70_2023.tif	6780212	c0805109c4a7454ded98ec96c982d44cbc44daa5cb9932d9a9d0089ea85ee780
dop_1822-71_2023.tif	7736579	512b8acab42b1072bf2891c63948e836c984bc6be583a8937911ac783333f0e2
dop_1822-72_2023.tif	10393138	3560183933fb3fcf27bb9e80e2147217809fbd47adf82c25444626cc4dfd8274
dop_1822-73_2023.tif	6572146	2f971bf1ce0264a4622c019812177a33ab13ae4541cced88b1fba7525e8fb919
dop_1822-74_2023.tif	6446928	ed6a3d34f17cfc776cf05b85f1b96d9751361c408546c3497599e5c0761549a0
dop_1822-75_2023.tif	5976024	361afe068c48c68ea9ef6f0c7fdae1ee5c9ee2a7b5ce6646b170f80e7778539e
dop_1822-76_2023.tif	6448980	d7f44f6535834429636593a473d4b1e9206eda9e209f81f8b0548d654eb5bb05
dop_1822-77_2023.tif	7171768	860eb328296ea7c18150f0028cb9773b1bc0bfa04663c76c0097dacf86cdec18
dop_1822-78_2023.tif	6964830	d733f71b4014ec272170f141fbe02224e20ea968d0ac4d338e18431b35a34dfc
dop_1822-79_2023.tif	8668139	dd6016656943363e37c975902869adec94e79c0d6072bc93c3cc17cae35ac696
dop_1822-80_2023.tif	9795860	40065086d041db48f03e9028cfca9d6d6f54f9e2bc08d7d5ef2fbcb16ce889d3
dop_1823-01_2023.tif	8075498	debbf1d461b6ac16eef119928782687fd9964997c3b1dfcd31486e2097681ee3
dop_1823-02_2023.tif	9032153	ab9b4cda4c100bacfdc8c8945f3d88efa4cd46724abf70be0368cac3e55052a9
dop_1823-03_2023.tif	7781021	d26fffe7a95a6d64df94244dbc7b61be47b28cb7e517b6fe9984e29ee74bdb03
dop_1823-04_2023.tif	7270793	5e249cfdaab24df9d8c46e3d1720b34a86c088a3341d232e89b0bd5d995a38c8
dop_1823-05_2023.tif	6312574	343b4ab1fba86a37961a10ac9efc4b634771f1ca77bd2b3d0b8df56a77af6483
dop_1823-06_2023.tif	5384970	383768296065c895b6a828efa6a43f36019d1a49e78eb457e6dcceb080699da3
dop_1823-07_2023.tif	5369367	5df04f75008f5f968246d9306921c25ca979fd5862dacb9dfd8cf89bb9cb2a59
dop_1823-08_2023.tif	5405768	440708ccaac52f80054df86caf0d0a22c969539e7a830173147072a841914cc5
dop_1823-09_2023.tif	7296312	a6bd77a3df341d99f23bf18c98586c21633c5a446a56abc4d330545d2812f59d
dop_1823-10_2023.tif	7462495	7a797624e3ba2be661f6e1a0d11a2650aeec6bb3997868a545d92a043b0b9bdd
dop_1823-11_2023.tif	7220290	52da38f61a1855e3303d76c324e93c243b228061ff24971b2941b9c34e9de3c8
dop_1823-12_2023.tif	5605822	a016b7abb9a110ebe36edf6a61af31b67a6bc935ec404934bad097ce1c51f57c
dop_1823-13_2023.tif	5443279	1a932e158cd6914de344a11d5d24ff6551c1e4f964ea3a9a384c11be492fb205
dop_1823-14_2023.tif	5673050	531250a07265cf8c3a58aa2f7d104814dff9f5369c04bd9e2c35d77f3e24db58
dop_1823-15_2023.tif	6292935	107f128f2cf2cb7307ffdf0f59fb03101d9db67f088c9b7c4c10fa11161dd122
dop_1823-16_2023.tif	6933479	60a52b8b2b3e13e17a69cc6e5b4c95811873368bd986aba9e462aba7e5c6eecf
dop_1823-17_2023.tif	7341145	54e1bc0216669133f8f24c390e1675d6a1b005985d54fe9e9903c48a3d3e57d1
dop_1823-18_2023.tif	7093190	115b2dce4658286d99ca631a0e655099fa6964667b738e6e4d3b2391521ba541
dop_1823-19_2023.tif	6052724	0645a58842394913089f6e7d99d0cb9daeca15f58c925523167c957c964e7e96
dop_1823-20_2023.tif	5509092	757d5a128858528a1ff14f84b1902e0d24141390cc926e923cb72e3b593cb649
dop_1823-21_2023.tif	6283943	9bd1967d398352099182111981436607807b551a80cedce1742aac54c476aced
dop_1823-22_2023.tif	6019274	7b63ac901509dcd06955c2057790796e87aecfccd4b7ad497e9ccb18675ce661
dop_1823-23_2023.tif	6639119	b14df938fe6259c3eaf9c4f861c782f8cc7275699afb089c0449f9f02a006a14
dop_1823-24_2023.tif	7767062	e78b5df0314ae6081eeff834b665e9e1a84022670698a111ca359e2e0d056d1d
dop_1823-25_2023.tif	7077443	492db5ed1c1cb11d3abaf0da81c03f258ff35899e6e19c34a37a7aabe30ff8de
dop_1823-26_2023.tif	5459931	ab5662cfe28e67e5c22fbffd831b29c138c155a5cbb02596d524df019657a05b
dop_1823-27_2023.tif	5471434	5fadd3e54886efe07db40c8c67d8a24dd44b5053d2178aea07801522ca159944
dop_1823-28_2023.tif	6024235	ca3c29672af0cfb876e95e3307821b47729fcfe8186f41f48c1aab57cc459985
dop_1823-29_2023.tif	6820088	2a8f5a40d514a0d5174cd4f7a7e9cb79495ce737af3d5857e6d8bdc1e157ac17
dop_1823-30_2023.tif	6194973	71cbb21857fc96c515383f8c875a9313ec560fc5a917280f4fddc114b026c75a
dop_1823-31_2023.tif	7410903	15424e662eec5ee9dcab143c93650499cde7f286da2a2e4b642cd92cc2202945
dop_1823-32_2023.tif	6408145	346c971acf20d47bfcdc04f37aba202446f31f90f96401765c21c2cd337c071d
dop_1823-33_2023.tif	5664586	9c5eb9cb8e42348303f66ff3224bbeb695221e735ac1fed152d0d8f5f39fcf37
dop_1823-34_2023.tif	5488310	065867a86f2f3a690a5c199b00b62a02cab9fac87288600bbf5c7691ae099934
dop_1823-35_2023.tif	6501817	bf3b6b2ef481dfba14a6c9534e9bffc3bd9e1b203bcdb99c27d680a53fa382ad
dop_1823-36_2023.tif	6403592	df8cedf42d67825ea0bc4792645915bc5ce7c026826f00a8e83c2be34bf64cbe
dop_1823-37_2023.tif	7882766	cb7d39708963c14e4f552b171ce399eaba480a1a61a1554af078147800643555
dop_1823-38_2023.tif	8443142	d9080f777e307b56787686c6cc5c0c6634862db96d50c755269fc41f04981dc2
dop_1823-39_2023.tif	7699795	489dd4192e345338a711912025a0b74bbab2e41746b2598c9f8c1f30d7afa2e0
dop_1823-40_2023.tif	6594449	25d3d12da64c75f320e4c8139433c26f08e6995bca1f4a289d2d5ab8650833a7
dop_1823-41_2023.tif	5932113	d5796a7e412edf523d8ea257fa33aa7f2e07656627dd1a7aca1dc802dc5e3caf
dop_1823-42_2023.tif	6652457	372a406ab4a6f0b9b81b1140fc8770a7a1c8219a9115c8bc788eb482379fe830
dop_1823-43_2023.tif	6780141	2e07e7d81b91ecb3a7204e448ada6d7a5f0ac19cc3a8f88c2a6e7bafc2b839e1
dop_1823-44_2023.tif	6730754	79daff0775e43e4e8c149bb07eba126f8e164d3f7931fd0495b68897a2d14044
dop_1823-45_2023.tif	8832443	781f1db460da857e50e42abaf7fa4ddfe5260472f15b2d4e9e3e1ad0d010b566
dop_1823-46_2023.tif	7953978	1ca6599be806e414ab68173a603e3c995f16553f8c888d291b64c84e995d4423
dop_1823-47_2023.tif	7523191	94ae88f5331010f5ffeacd27668f1f9fc18d8abfaa47b5052301bb4db7b020c4
dop_1823-48_2023.tif	5760894	6f9c95aca1b05bbc52312d33ea00546f9329b4f946004b5735f655d2bde3ab9f
dop_1823-49_2023.tif	6083659	1682d038d06f49a598688b2b89eb91267d941b0d7b1362a3dc1249436242f403
dop_1823-50_2023.tif	7069067	d46ddc9a3ac9b69d6c9b24699cbb293e81810695f4e715c0911dc560360b451d
dop_1823-51_2023.tif	7955998	bfafc8e0b27556d3be2baaace9234acfd00ac17b684b6d8668d34e48f794d801
dop_1823-52_2023.tif	8908234	6c8bdb9d19150cbe85c7b4ce75b64c69d880ce1d9953dde0e2e3d8898f17369a
dop_1823-53_2023.tif	9242949	de139e9ac5c855b02b93213e5da4282d8749128ebe3411940438c9965b507c0a
dop_1823-54_2023.tif	7582236	7f449c5abd4f7e125a2a4096f6531881b2851fde59e909130c77371bb6691616
dop_1823-55_2023.tif	6755987	8b4e512d6cefa37867b4a2f6e312951b3451d1e87fccc2e56174cf5f31c2c013
dop_1823-56_2023.tif	5668108	e35042d54de4a9836fc14affa644613af3e9200c643f7c05135718fbbf2806f2
dop_1823-57_2023.tif	7033934	6e36c99d94bc3c40a0251a095afa9d2c91e7f9f4698fe3c3446df4e97b324da8
dop_1823-58_2023.tif	8033092	78ee62afa26f58a56a9b95e952faaf286b8ce8798ddd8e5753c05e3b35d29ca1
dop_1823-59_2023.tif	7409969	996fab158963a78355c6e0546e42e67da4210805f67112d78031d911a705227a
dop_1823-60_2023.tif	7925921	0f785d69390ea96f3cf437ac66e5be979a80d5e61eda89b6ac3e0288239a56d5
dop_1823-61_2023.tif	7763694	c2998f9d649573a84abd0a96e490f35553dfc708c2268700c9b88b0428ae894f
dop_1823-62_2023.tif	7125743	3d94f21284baac155cf4185a3cca8e7f1dfa348c848211ab07f73bc3567db6b3
dop_1823-63_2023.tif	6612791	1308975f4acc2d5aadb305f03ff65e9fa8571094d4cb0a1f94dcf5de61c1c59e
dop_1823-64_2023.tif	6435863	66c6b8c1995a17cbd67d5ac4f2607e8cd3e05c7a4b6a86e48fbde4cfeeee8c9c
dop_1823-65_2023.tif	6854705	f1f32f2eb244eb4ff0897a74e1e73f489a48d93b67cf34d0bcd45ee0971b5a4d
dop_1823-66_2023.tif	7024314	9bef637c1e467be558fcfd3d7c9ecb86ec52b25f52ed637f931ae9bd63c7e489
dop_1823-67_2023.tif	6946450	f013da9e7f31a4fca1b76ba679deb57ec88fd47c300aec4237547d5a033d6c5c
dop_1823-68_2023.tif	7416614	840adf7d3fecf6b1d5a0878e01ae8c1b5bad288a3825c718e3ea3faab80961ec
dop_1823-69_2023.tif	7396804	dafd329bdf729dce341c02793c9c3da1d51d0e29c953df647575dcbf45431052
dop_1823-70_2023.tif	6723291	a0ababf18e8b38d4de562dc011df3872ed87e74ed207cee009eb0ae7ce8eceb9
dop_1823-71_2023.tif	6837556	cb65bc6bbf6cc1225b7ab8f47c504139e3ee7656d0941099f238cbc5e616a354
dop_1823-72_2023.tif	7070693	27fa0046c984c89a3535211866b1850559865b2ca293770dae464a56f5ed2758
dop_1823-73_2023.tif	6562065	23b0f7b06619f2a3fec8a10b23f765d52a2935ed0e5abb2317d8706bae276eb3
dop_1823-74_2023.tif	6605592	62c71ec3fa797c2782bc8a88066b185dd736a9e8ef08a11fbffe0febe8db5362
dop_1823-75_2023.tif	6199807	cff3d3e1b9bcc80715d00d1bc8e81abfcfe41aa2a1f9b6ba01ab25b48402c697
dop_1823-76_2023.tif	7025479	a582a5191695783ca8e0aa7ce15be03f09f9cfc9253745839d8fd6d0aaf9db80
dop_1823-77_2023.tif	7461982	4cbe4ada3497bfae9b77bfb1984346ebd69a5acb857737c8f101a7b5623f96ea
dop_1823-78_2023.tif	7004125	cd1d0abe30764ce17ce9229840fe9b543f052ca5a96a772953ad8e3a8beab99f
dop_1823-79_2023.tif	6907321	4df7366d82565f6764a77ab23da5ea1de9c892ee7ca7adc6447b22466adb7c6c
dop_1823-80_2023.tif	7444258	efce2b1776da71a04a23309ba2e254ab91829f352100b47c3aa5d58fb1550582
dop_1824-01_2023.tif	5426373	0c3bf11ac5b0725c2ad174c7372d97ece3ed1247e1a590c6d9ce5b18fcf58f65
dop_1824-02_2023.tif	5493467	6a4f732bf2be30bbb00f153df68aaaf714a0a2ac823038c6a1b1a9465eb69a5c
dop_1824-03_2023.tif	6333023	347f390e977bba2ba8aad7011bac38adac16044da543f695030d7164d70c3ddd
dop_1824-04_2023.tif	7099429	65fee489d31cbd6ce4efa9cad747592f6d7cf4b5d79df22c49994a60e437c92d
dop_1824-05_2023.tif	7786445	94020a8406855e16641b73765c0d6838f2f6d5a7c2c9c46d8eb54936e0f5a471
dop_1824-06_2023.tif	7098646	3320877686aef99e40d14b2187b5ea27f0445837ba6616363ef36a2def6c31e3
dop_1824-07_2023.tif	7251757	cd7e9dcf027ac3095b552a7e5331055f5d106496f9f8e7a3d14937e8eba6d336
dop_1824-08_2023.tif	6307608	1aaf58403c251d4cb6f8bced73a0e489e61677b05377c2bce59cd0312fdf8b63
dop_1824-09_2023.tif	5242201	3d10d66242d60232c520a860f0f8c64eb29a242514dc2e2360297ffe6994072a
dop_1824-10_2023.tif	5273417	de5217df48a196c03142785ca7a6a84452a42e2226e8605b5c078e74f35d3f00
dop_1824-11_2023.tif	5619270	9c1e266e406b30e7a99822f59f0ff47255ade7210e7dd7cf16a199c938adea8d
dop_1824-12_2023.tif	6495042	9f75b6d9e7a2c57131bec558578714d450e2d9d0b09de99211ee9c44f0bb9088
dop_1824-13_2023.tif	6803941	8181a7e2e8219ad34bb4881fd56333c8572a7b9803692377f436bd05f9565c68
dop_1824-14_2023.tif	6262260	a33371d5d3c94332e35060644b01e266a9906381aa5623a715de29bfd16b9449
dop_1824-15_2023.tif	6054916	bfc789922c525fd809eebcb8b0c32a6fab0c4a998b239e98653295b273ae5f85
dop_1824-16_2023.tif	5324456	57dcb65071a743013250f125deb51760aab62dd29acc4289b5d9d60e258a71be
dop_1824-17_2023.tif	5347269	f80a9ee2c47b4b10211274d73a5c8bf03dc991f115c06c52823e3660b7384cea
dop_1824-18_2023.tif	6148070	96e22aa4246a6c8b27381a852e7e93dd8868f0124839a90c3daecfd6704c70ad
dop_1824-19_2023.tif	7991257	b16058f002fd986442294a09c6851d2ead23cd7fe5374df28035ff9e17e81730
dop_1824-20_2023.tif	7832813	8b9827159c361ad9ba7c63276e0a6848acec28ba5ba8abdb31b3d7248c9c81db
dop_1824-21_2023.tif	7376902	7127118737334013de020d3ceb09d36e8c8f41ce2cdbb4e807ab61bf9862f430
dop_1824-22_2023.tif	7090702	71e6a1253cc0ca11f8bf7f99bb18385e16953f8fa77d3921a681dde86d80c2d8
dop_1824-23_2023.tif	6640128	19da86b6d6560883ab0a250c076048f636def6c2cd70606a2de48db319b275df
dop_1824-24_2023.tif	5406416	8dfc3083cb15ab6aecc3468dacf9420ec66b12e2ebbe911f55aa6e69f04e08a6
dop_1824-25_2023.tif	7004381	f575aeae7aea937ef5e36aeef0bddf5f7d6806a381253763a6847ef180208c59
dop_1824-26_2023.tif	7485653	6a67678cd74459c4092ff98b5eb6f3551f15e460782b043443187a163debf28d
dop_1824-27_2023.tif	8500671	6660b934caef94d426f8038a5f761c198b2e504e7c140e907baa50289a8fb148
dop_1824-28_2023.tif	9364178	a4bcb34406c699974f1529c13ee9ad4b977f4028b9fe99e54ee4eab1dfd2d802
dop_1824-29_2023.tif	8186240	572ac17a691f50a616951c26683385c014ee7b493bf9039cd6f0d114e1dbe849
dop_1824-30_2023.tif	7732603	f1671b72659480f64825d37f4f7b806e6ebb99fa6ad3ca5c6f41d47f14dbc1c0
dop_1824-31_2023.tif	6564387	1db36fa31d5e43f6e10f3dcf804dd8f27a54c909805c1edc1daf6d0282ae0ee6
dop_1824-32_2023.tif	5655513	3af07f1f3a87a7a60cdd44b4bee44b2bd2df34d142ff99c3f86b8d787a0f6363
dop_1824-33_2023.tif	7679831	383f3996d39f8bd5671833b88c6a128ee1aae677adaaf4f554b9d1444c88313e
dop_1824-34_2023.tif	8900547	5f35e1abcd57aae7c384d3d23db02c200a04c20a1723bd8d02fc3669b21b3812
dop_1824-35_2023.tif	9817178	2ca9418316f0dc79a6585a199b7f556d6ef12f5f884f37753cd68b31846829aa
dop_1824-36_2023.tif	9744627	999eaf4515f5dfedcf3f06f24e6e9a229cb5ca3172e4d563a9f711973453f32e
dop_1824-37_2023.tif	7070648	87a7217f2a1ba4412c05ddae1e84da0034007524134cfd7c458111b05618cffc
dop_1824-38_2023.tif	5381335	f63562917b6a9f70adfe9166bc35707a01f3852e4a58770d8307dd4be60856a1
dop_1824-39_2023.tif	5452254	137b6cb803c1f5bcd7c2e6cac36ee3a7fce344cdab3951fe571c92f787c2a4f2
dop_1824-40_2023.tif	5077250	7fd10d25e8deea675d40c18dd40389c794b5bf97081bb323bdc48016df0ed80d
dop_1824-41_2023.tif	8227400	ae54ff9c35c0045adf8d53b6067413ccd3f1400fa124b5b50a4381b4b50ccca9
dop_1824-42_2023.tif	9336159	d097c5efeea60b758b75ea7323cbe6072467348a6d2e04dfad7abb03d0d55fbc
dop_1824-43_2023.tif	9831905	b897a23430153930e6825bcb9358074d99f1a0afbdbcb78db574d6eebd09182a
dop_1824-44_2023.tif	9178909	1394034fd177e38eb634806398b53ec78ef280d44619ca3ab68e9864cddf0806
dop_1824-45_2023.tif	7522899	3d04470f834869d8c834fbb0c1e01069863bada89aa8f44cfe9bba1d8223b7b3
dop_1824-46_2023.tif	5164475	36af20016385b717f9216e39f4a197aeb856b72016cfd00ada37a8b11ce66dd2
dop_1824-47_2023.tif	5124244	630a6d57b0d48962174f4fead7f7b360dc0f8930170626ff2270c9292d97414f
dop_1824-48_2023.tif	4968226	a075afdd1c91a94ce84d0e309d16574f3d7e1c24aece16441f4de2fce678c613
dop_1824-49_2023.tif	8103584	ecce804ae5121e913d312a0fd0303470da6af500b7a4e3b618d291dc0d0e42d5
dop_1824-50_2023.tif	7319251	cad0d1c50d48db725bb62d8310adb5f7f1bb94b64ed6b5ac17318316618619ae
dop_1824-51_2023.tif	6871343	01be1f31daca479a7def8c68b2a1b7bd6bd46c80d08260b85217a22e17dbca05
dop_1824-52_2023.tif	7881838	b7ba84c7be1c9aab6c2752f31dd15eea939ab1fa60f2e770107f910972d4e794
dop_1824-53_2023.tif	6973947	6fa7c0fac0ecce9b1392d78d92fe25534b80ebed8a79736ea44e4f2b9a9e4e8b
dop_1824-54_2023.tif	5490728	16150b4ca5d8a8756e22899b6587bf30a320cdee3b204782763b9624b69ef6e9
dop_1824-55_2023.tif	5273793	d846354a4233566fa0ad9c7a1bbfc2588e54c1d425ec9a5837021de830f3fb72
dop_1824-56_2023.tif	5312886	5c59c27f6263648b7e7c37cf8f900bff333ce1d1a42b5b1db515fc4bfe4ab760
dop_1824-57_2023.tif	8187715	c07ced1c26c7c9927aa430e590fff55adb420306970a02fba2ea304ddb0ba335
dop_1824-58_2023.tif	6693288	23ca84d1e384cf4952b98019e75e117938088d1da7d335e9a9d27c2991db17f7
dop_1824-59_2023.tif	5247502	6c5c65bcbf377c4e02d8a88aaed6d7b7d3f57727e871ec54a22779e25612055b
dop_1824-60_2023.tif	5288713	1c9566aa53e7544312697749867241db58c2e1cfa88c4e78ef7bb05824193c63
dop_1824-61_2023.tif	7096313	ccb434857f575e4347f570df2f4e55209b9a3bed3481a6bb47e4948f946e33aa
dop_1824-62_2023.tif	6363356	fca3bf9791b35c9a7b5421d80ebb785313cf286a4003089d40e3c1956b35f3fe
dop_1824-63_2023.tif	5224207	cc6c18f10a158c79a1d27cb2d04b88b4a06e8d26be0cb0319c0966fa158507e1
dop_1824-64_2023.tif	5467491	75417dd991c0026cb9ee1c2344b4f068f1e1d8d09b6f4b596a19455da99cb3f2
dop_1824-65_2023.tif	9200634	dbd7553499c434ffb46ab10b7170e8d47d79e711e6d05e60ce0fe599156943e1
dop_1824-66_2023.tif	8589977	2ceabd35d0b2618f82a45e927232207f5ac5b7bc9adf41a915d14a36c8cf6470
dop_1824-67_2023.tif	7086171	b2d23a3784ad44fb87de0c6f84d075cdfa86b6807d6fba53174373b1d100cebe
dop_1824-68_2023.tif	4936168	e81903c9bbe679c463922f216147b0f20217caa1c17dc92fff918cb9bfd0665c
dop_1824-69_2023.tif	5809762	047d5630c8ae1cfa0393c0c27e18eab659d7b72ae8e6edd1370156d0536193d6
dop_1824-70_2023.tif	6031746	5a888d235055643164b6a85e118c9352df60b734eb7ed2d331c7834545d69908
dop_1824-71_2023.tif	5605245	fb57433be38ec9928cec1542c17c7d7b03bc9ce646a104c7afb259c48d1b1d39
dop_1824-72_2023.tif	5539446	0b9c57b76fe9fca4cd2931615994eab58c11cbd5f3bb4c88f95479b655e3727a
dop_1824-73_2023.tif	7519355	71e122700e368673150779d8d5681bb93fa967c1974f8a194ca13942c7c0fce2
dop_1824-74_2023.tif	10726307	bc6d85c4cb08d4cb479b86413a89a2beac29d97fc23455674cafcd56acb57725
dop_1824-75_2023.tif	9029173	3be3e155b24070705bbe491dd0ee7988a4a3f772ed49e75968d98520ad607250
dop_1824-76_2023.tif	8397956	b396be381782dc5b2fac886b41c24a5b4c1b2bcef872966cc9bae8c7c432331d
dop_1824-77_2023.tif	6779223	6cec99edabcd81c1517afd1b9c1189ce93a850e0afb7536a45281c2ae6386f05
dop_1824-78_2023.tif	7180611	d5ae041be7a42fb4c70dfcf983a9bdc22db5bcd3ed367bb998735ffaa85ec5b8
dop_1824-79_2023.tif	6134426	b350e045a674e1d069c4ee8f8cf5d4f79aaad84e3ce5a3826fc2517f9640b2bf
dop_1824-80_2023.tif	5484633	70df70d558597a8d7323f7f6ad9bb4a7cb3fc2db6f530d6fb07ef0a79315137f
dop_1825-01_2023.tif	4775818	f36663deccdcafeecf1d48de0dd2d88677b90872c959cfca551a433053c13cd4
dop_1825-02_2023.tif	5884674	5a483a956b004612d8d0f11cf14c37db0b55f2ad5ddae225dad2f013d97df401
dop_1825-03_2023.tif	7766837	f59f2e2cc90d9b28034cda844ac5edb4f33c28f5bafc6fb07fd0fcadb00bee48
dop_1825-04_2023.tif	5910634	64bc966ca8a4798494b4ecf25866f2c6e447ad16c6dc7dbcf782b2c3872c5a48
dop_1825-05_2023.tif	6810030	06d137554bfb36b284a4e23bcf40b3b0affe20fabfc76e1f7e8af0bb3d0301f1
dop_1825-06_2023.tif	5856499	e206a01182e75e71494b546e3921536d97195b10b68b44ec12d9a33af3cda97f
dop_1825-07_2023.tif	5682746	de8c0241960417a5b3ba3fcf7e070cb32542d89504e990e5c9b544db3ed84f02
dop_1825-08_2023.tif	5863552	ac02990b4c1341f31c5a13ca231e3953eb0b0986fc03ca70049ceca8b4c943a1
dop_1825-09_2023.tif	4227005	f9a1c9dbb356dd91ea1362beb3f3b005ecd19888bd57ca7b84fc8db7e76985fc
dop_1825-10_2023.tif	4477829	ff6193725854ceb929e9ea9b4bd7ba1f3e3d645ce81f9ce10dd5561e434c8e64
dop_1825-11_2023.tif	6655665	d8cad42b708e4d92719ad9fcdc98f3397a9be8c691119a9cf5168a5ca5425b61
dop_1825-12_2023.tif	8236545	7cd210848c0e05c26ee3db9fafe7e2cac464deb5b5e2a889ab80d2951b79e5db
dop_1825-13_2023.tif	6030890	363ef600911aeed93058f6f577802b7631e9385519d9a60f512c9a04992162f2
dop_1825-14_2023.tif	4742018	3ef1949578aedb28ce38d030069dc09baef0f506ae27a3ca80a28a73597fb05f
dop_1825-15_2023.tif	4204709	582e2ec6d8a0dcb8b5d0938eed484e8ad46a21d6e266450b1c4e7a03323184c3
dop_1825-16_2023.tif	4041576	f1fab23731e5a7e70d2aeb8644594f3063279d899140596aeb082bf35db15511
dop_1825-17_2023.tif	5829515	6566323c3ee951a2200029da3c585a53461709d603822ed0db031af7a63c5316
dop_1825-18_2023.tif	5503925	c11d5d36d1c9cfbf81acb8c92d54886244a4534c59cc9169207576ea3dfb7b02
dop_1825-19_2023.tif	4796208	e51c89e6fec78749f6cd04214acfc6b83c69b9e9671e4f3b2697d88ddde5a987
dop_1825-20_2023.tif	6267921	23fe70559a782b794a5187d00879a585340fdd9bd8692cfd2f61899c3100a939
dop_1825-21_2023.tif	4570366	0ba7bd0530555090ef2d84d915088d1fe8260bf2049a65d66d3c75a53f3fb642
dop_1825-22_2023.tif	3487417	d6323f2de130f0cc02f6976181891e77f318ae11198078805054410ab1511668
dop_1825-23_2023.tif	5611011	f29fd0ed271aab5574a2cf7ac2eb23d6f3827f0004458350aee3a39309eb0da8
dop_1825-24_2023.tif	5303491	6a4a947d3eafab47024e7ef0a0ca3ef12f267a8e081265efc701809a57e0fc46
dop_1825-25_2023.tif	6642393	268213ab506fdf1916c63a5b5490dc75869efc2ee0130e2143496f2b79a8b935
dop_1825-26_2023.tif	6817792	20acfbd939eb5b8e9cd8ca3a24a8c2d2542fd120b6a2e93c536b8fc1d19e6241
dop_1825-27_2023.tif	5125505	eded3545a51016c17ec6e4f898f23b192c71da95c65415b98052d46e7d321f9d
dop_1825-28_2023.tif	4995490	109b9859e402bb490c9fce35b6d13ef263b5c74f5fc5a6cde653176e917c1b1f
dop_1825-29_2023.tif	4025473	66869d695c7d181b9ccad03d54ff5f9f99757788fb714b0d2e39b46bee310a13
dop_1825-30_2023.tif	5613120	540ab264889fe834887e7ac562b45dd0f240806c8e2ce1562d06ba2730fdbb5d
dop_1825-31_2023.tif	7757623	0a01b02d78b2447e903c98520ea1ee537d4bd3336508472e4dc1110f100382c4
dop_1825-32_2023.tif	6260579	de615a06f69a04b6dacf499e60a9f966dff7e27100a3cd80c1ba2714bd981c6b
dop_1825-33_2023.tif	7119180	b59677aebb603ba56db7bde4d532ee6fadc041234bc43ff6d2a5b308135b1fa4
dop_1825-34_2023.tif	6005284	152e98a0bd8b95916022d565d99abe6a94ee99b201c96a751a74b60bef0655a3
dop_1825-35_2023.tif	4142770	512277705dc1d332139c4e655ea0a1ba5fce02e80b76000a28c994f8b83f2932
dop_1825-36_2023.tif	5086482	b95b4778521d5dc10460eb3c287d79809ab17e08fd0b2f331854a1b5a24b8325
dop_1825-37_2023.tif	5116153	e0e64ad49396cebe8930e436f0b8e1575a9c28dd32a1ee80994830f6d9459d33
dop_1825-38_2023.tif	6914836	9b53466139af3b322ea22708169c257140f195c04cdcbd55662edd1ac64b0a97
dop_1825-39_2023.tif	7353113	b469540323884616d48ce4888ec67f15ccf6f8cb04e3ae99c2c8c055ca7b48c9
dop_1825-40_2023.tif	6276363	afc014c646cf209bcdb78922a9cfe9488839d0c9e965b01400f378d84095a408
dop_1825-41_2023.tif	7257891	a2655dd8236add8cfd1e388d8b192d47a9442f30e0e70c4b92a4a7418be7def9
dop_1825-42_2023.tif	5391873	bcc439b0ad0b583131ecd5284a3190a5bc6b09e4df05c3c00ac8726e2ce5a6f7
dop_1825-43_2023.tif	6277555	9bd01c751583e3596595ce94299a17354665cfde5e3d8c510acd9fe2edb54e09
dop_1825-44_2023.tif	5595784	5cd1630ed73871fb13720101e5e5b083556745d2992c317125a6f8e07219aae5
dop_1825-45_2023.tif	4987078	bf891e459d8851b11a162cd8d062815d43f03313ec7443c252d5907d15c71efe
dop_1825-46_2023.tif	5904876	040d0e7c784e016ea38124ab67eb0a5549adbfa9330a446065c4446f6d86828e
dop_1825-47_2023.tif	6665308	c53d4b0ffad5a156ba71eb7a29d723390847a2dface1836b02b50100b7b8093b
dop_1825-48_2023.tif	5014770	003dc7b7c9b6fc710ace101751b5cae8c84e0cce133c6c761e450baf02254d30
dop_1825-49_2023.tif	6695159	6513c8fb57182392df3edc038b1673535554c7507c8664bd68dd9da92ecd0b6d
dop_1825-50_2023.tif	5574551	75c29730857f234ec27f4e599fdc12a44cec2a2eab1b7b258645a8cff697e38a
dop_1825-51_2023.tif	7493528	470ffaa3446f6dd9a64f7fc5c5f6a05a945976b184a4d42f18b381d2ceda2b2c
dop_1825-52_2023.tif	6892107	b47c52ef06294b1ca53344c22d4765b90885f2e7946ba68b1d17265a8c9bcc49
dop_1825-53_2023.tif	5594494	b604ffdb65b3ce927f5188c135773854a18a8860711bdc8e7e63bf85deaa9ddd
dop_1825-54_2023.tif	5657647	cedf4a6bf76d765b7a14f6536b3b582ebd2e9365aead3e8947ca7c8e519fb172
dop_1825-55_2023.tif	7848581	1f942605381a738f5713183052cca23cfbba147110ff22cd81549fa1d04e66ff
dop_1825-56_2023.tif	5348885	06b9f5b64032ce9edd0d16bbfab50772533733620f2b24687fd8a12a9d10e856
dop_1825-57_2023.tif	6433663	80f373d53d82ed2da5d0640a370705bb31cd2bbe12a51892fdbdd0c87a5386e8
dop_1825-58_2023.tif	6595385	ec21001ad24016f809f14997f646db6e6d352f2bb7d23a01f3af5d7c819d7acc
dop_1825-59_2023.tif	7623163	7b03eb50ef602a322bf36a0d82db24cca1a4c2ef04c406719980362320004923
dop_1825-60_2023.tif	7525943	3e0763f4b2370e977e7663710bd486d52dc655fda1be6d886c53a03ef8ad4370
dop_1825-61_2023.tif	5078764	e3dbe65e70cb2b906c3ac0e6aae66a1042c47af016ce962e4a9e62f24f4a3dd0
dop_1825-62_2023.tif	6735035	c4bace199c5df67b95b0086bc063fef1fe2959a2996de60bc3398c476aec489a
dop_1825-63_2023.tif	7294226	6c65ec289955960418cc79baebbee4f80c1abcd48339ca9ec7ba1c0422ee30bc
dop_1825-64_2023.tif	4937893	5f485804267de735e2eccbb068da6290cab047ed4179b5915176536b44aba0ae
dop_1826-01_2023.tif	6286317	74aec0f2ec503f2384416a9b110899da242c6d24588ac10a8d89e731207edbd4
dop_1826-02_2023.tif	5347323	5aa3748421092ffdd5adf52c758889170a5f225d317c564c02851080e1f9c13a
dop_1826-03_2023.tif	5938773	d37d3d455d89e152c02ce1d985e112b521cef06df6e12839545122ce85b17eff
dop_1826-04_2023.tif	6606375	b14fd2e7880076a964dd8d6aebe8da030d4ae9ba75e2dd971012d53b11288567
dop_1826-05_2023.tif	5646256	6692b324b7c081646aec520aaaf2e161fb2a8978dd9f09d6c9b63862b3dbad4c
dop_1826-06_2023.tif	5740612	841c932698143687233931bfe16ca9c01294717edb18eb6bcd4c86542b34e1a0
dop_1826-07_2023.tif	5574286	7b52ada86c9a37a2733307e345e9dc3c8c50c22741e44869728afefb2dafff5c
dop_1826-08_2023.tif	5439836	54fc5cea9fc696fb3c1043c74dbf5d1686e4688a2f392a0637d3014e818ea51a
dop_1826-09_2023.tif	5961883	4b03ce8a702cfaeca12d0d595f463965616f007c4ab345b55dde4f3d730c0c59
dop_1826-10_2023.tif	4960496	726a55993c4ef39cadf3e8e75a2a31a92cbd1aecea4dd1dc782cb246f7cc1d55
dop_1826-11_2023.tif	6687247	46cd976f2bf5f8cdd184b75e3028759be792a390d6bc30b0855d8d0a176665bc
dop_1826-12_2023.tif	7057097	5f293df4d855ecff455ec503769f09377952e0a4838a18cbd4d9d071cb6b037f
dop_1826-13_2023.tif	5618979	eadf8cdb1e7916204d28d170757c0a967c8307bd32d47c4e11263e6528aa73fd
dop_1826-14_2023.tif	5087989	1a2b5c40c7cec970e4bb9917343fae52af23b5d8bb1df405b1772dac8a7f420f
dop_1826-15_2023.tif	5326443	561848cb4e9f266bbcc910b6fe7f6c1d8a17395f8f33b0dd389087f71515807d
dop_1826-16_2023.tif	5505756	a870233beb4f83651aaf26e9e7a979bc7ea35757b3e8605197e3bcaca6063834
dop_1826-17_2023.tif	5871079	8508be95512bbba1f7ccbdeaa2c1a7b5fe0c447cb98c83eb6a587bbafd907635
dop_1826-18_2023.tif	6112810	b765cefe4c2a3cac79feb002fb1f1c0bed0f4cc6d683963b934acf26c63e1c5b
dop_1826-19_2023.tif	7154318	357d443010996ef3edc14d50684fbfb9047be9ef23048a4de4709dcdcd5908d6
dop_1826-20_2023.tif	7028600	c04d58a29ec05ca8c412fac480b8c239ca2bdb8171771a3818ef5015b679a958
dop_1826-21_2023.tif	5903860	63332a2f0ab84eac7f97d7d78fbd9ceb0ba9b6adb5d33b99ac5026d759be3091
dop_1826-22_2023.tif	6057716	2892b6216480f5cfa4b3dae49868046adc56049391c3b00b9c345514ef3329d5
dop_1826-23_2023.tif	6047009	f93a1c510d86c4f2c8a9154da0176b9fc58d52132aece5187bfa07859d3f9cde
dop_1826-24_2023.tif	6111316	efd42668cc84abffd30423b913fcf641d09e58feb0fdadb2549b3f9c0ed22943
dop_1826-25_2023.tif	6252115	fc32d367e877fbd5b310d8b0ad05fdc6e34b6fbf27d5e79f1a2373c5ba053aaa
dop_1826-26_2023.tif	5578919	dfab40cadf426685d89620aaddd8194d4f166fba463a27284275af9649bfa64c
dop_1826-27_2023.tif	5114168	1a329dc24726d0ca81ddfb3ff83a7f8fc4d4be5da660fe54a7a06376618ab263
dop_1826-28_2023.tif	5605090	92b417e5ea0351997256f1bcb39fc6a057994f8b93836ca481664f27ae349168
dop_1826-29_2023.tif	5734132	acae137c9fbfa046b6b33935a8b5e21c0c65e704dcb5e1d060655087a182f4ec
dop_1826-30_2023.tif	6005955	7bef52dc8c444e68a63ccd1ec570ca9c43f16eba84e2db91d4f99fac89c0e7fa
dop_1826-31_2023.tif	5785825	4e1d3e660b6838b7efa616448b5da6c294924c7c5cb32a92359a2780cb786ace
dop_1826-32_2023.tif	5676142	36ccb29ab4a05f00324a8508e265d7d59e8eb3ff7deda64e29fab01a1a08d7a5
dop_1826-33_2023.tif	5752465	deece08483a5210e57a03e09ba559474bb1d56990286fa757bda81346051152e
dop_1826-34_2023.tif	4861412	695995ee9dec0961bd60ae9c1a8ac536dc3138a88a5c2f60e25e58c450e3c3dc
dop_1826-35_2023.tif	5720551	d4d62e3a764a663837c7c0f9ed87580007a35de48ccfeba480da3362eee06540
dop_1826-36_2023.tif	5247782	70a30f1d3844de4490f906ad49a140273e8b74bb6245fe79bbe8703911bcf615
dop_1826-37_2023.tif	5625550	86408173faa43bccb84a1d77a1c0aa3cf388715d9cd69d66e7bec8fa63f54199
dop_1826-38_2023.tif	5819441	c74762d837690aeafb93a528554bb6d7980dec1eb4532fbe81e2dbcd621a59f4
dop_1826-39_2023.tif	5956455	a7df320952508c70bc9f70107a21fe4c3d3091e5c9cf19e958e581391c284896
dop_1826-40_2023.tif	6500119	db7afdae59b3cb23f888bd56007951e432078eab8ad2af9a69418d63c4b73339
dop_1826-41_2023.tif	5000351	ea08318e5b2d8a665778de5807bc32ee2b9cf430b201ff48cc1990be5e524a56
dop_1826-42_2023.tif	5515515	038794262992f12ac1380397b895462671ea9414eb63e1296c4ab9c8edaf0e5f
dop_1826-43_2023.tif	5856717	c407eaa4b4c5d09467151883f41f466f0c09a2e8550b365a2e1612385599f0e3
dop_1826-44_2023.tif	5749913	6215c59ec84474ca52a29441cce5974e5a60db0340c67ec958a3a12f3f75e679
dop_1826-45_2023.tif	5926538	8a6cec48eeaf7c8a5af58e6b2bf89938e30a5121f1e5e1bf84dfbd2cdf9c0bc2
dop_1826-46_2023.tif	5982734	7e57cbf04298bf66f6c8225307148bdfee28852ad2182847a4019d11d1b69a35
dop_1826-47_2023.tif	6436180	b1e20a8921675a35c602351d0c319cb172bdaf29463c70b0cbb19226f723dd8d
dop_1826-48_2023.tif	7930199	00719f44a636e3b9601fd7ddbaa532b0a8f7490b5d8d76e3aa6755349c29b23f
dop_1826-49_2023.tif	3911156	9f73ec7cc2ffc8db3665dc48412269751fb904cf7e492faffb99bd586d6900e2
dop_1826-50_2023.tif	4644798	2b27e345020de05ee52f54f364bc4d716db878811ada243b5601b9826103ea6b
dop_1826-51_2023.tif	5819198	c801771ef8129f6da97416dbf785566896ff9c5d395451ae99fc722725f07f37
dop_1826-52_2023.tif	5117372	b0eae2bf181f6c7bd5761c761e3d350f3a09ff7ee11b842d99227f6c6759c153
dop_1826-53_2023.tif	4201003	8fe676543d4eeae5870c84b5b4a272cca19c20deda49a693d2c360fd48e26f40
dop_1826-54_2023.tif	5117802	0caea2741de964919268285ad20251f32cdc0efb71a68660297dfe2a8c58e53b
dop_1826-55_2023.tif	6320173	e2c9d076d503e5a29be814666f8a76f3906f7e557859bf55bd78c6e301f8dcfa
dop_1826-56_2023.tif	7812483	0ac58ee075ed49dcda514b78d9b83010a80e1e46e61b24dec68ad15e13022d7f
dop_1826-57_2023.tif	3314288	1d0b89a514ff1edbe79915445e8717db424e8fd43441bead2f0107bd625736fb
dop_1826-58_2023.tif	5989646	99ad7001cd855164167befa562dcce93e7baf5ee5b8751d580aa08cb19aa257b
dop_1826-59_2023.tif	5777463	1e264f45ca0a96b60282e91cb8a08ebcdadfd7575e76d6aa4a7717d1f4530919
dop_1826-60_2023.tif	3876756	fb61372c60a10c53dc726c78afde3e56bbbab4779016bd43c54098108d1452ed
dop_1826-61_2023.tif	3063359	02325bbafff3157cd7e3efeaf4d8c71681c89f653e33b3b0b61621eb4cb5107d
dop_1826-62_2023.tif	4263588	bf29c23d5209743690051deecb7a068d44601b23aba8ddf3c80b8259635da301
dop_1826-63_2023.tif	5952960	2bd93fc278032e29cd9566d3fc9fbb96b7688180fbf8939df3215bc0304206b1
dop_1826-64_2023.tif	6191671	a7c1d398f6c7c12dfd03ad8b7389704ba6f1bebda413c6ca189b01b13ccb884c
dop_1827-01_2023.tif	5425879	2ec7aa59845158b4f8fcb2535d67bdb0a38f877918ea47029303727b431d0fc4
dop_1827-02_2023.tif	5683278	dd49dbf7c2696db00c569a3debe0d003279132f1e2a858307c10eadfb7344012
dop_1827-09_2023.tif	5039810	ab4a2959254349d39a7965371861a433214e14e23d7647b356fe34005e296084
dop_1827-10_2023.tif	5329164	1bd7455cf5f877d6df734a5f2b0532e1dcf1399e370c8c0557fe95f011e359d8
dop_1827-11_2023.tif	5190267	87533903d3b84a2ef24f66daf69dba3ef3fe0568d6aa0905411fc79627f5928f
dop_1827-12_2023.tif	5624425	9b2131a94fa14f9b06cf5b430e877d45bf780fd6070a0a0319b95b707a0db651
dop_1827-13_2023.tif	5323012	98db717fb1223e7114ef58e0e353bfa13f38d3b099b3c29194c00ddb99b5d4ae
dop_1827-14_2023.tif	4946769	5c1aea76469189069df5b5b57452303cee6fe94b98dc47f2cdc6e2a33b374d6f
dop_1827-17_2023.tif	6076208	28079a9f372e721d16c87c5e0bb1c7dfe79394476a6a3df82152322887666841
dop_1827-18_2023.tif	5498883	226c313a8b37261bd9f0b3dcf48e2ab6c2f6f6af125163b764f65825c2762428
dop_1827-19_2023.tif	4874509	7ca213ee5128c02de4b133c72d2256a300ab82cccecb511c163956693933f9f3
dop_1827-20_2023.tif	5690581	e230adef9d02e5dfb54af2c1b5b68e2faba8316b9380b3d66f032c19bf3e6cf3
dop_1827-21_2023.tif	5405856	9ff67d3eb2ab11ed6565950007f8291eb14dfd33b33bce53eb13af3b67488df8
dop_1827-22_2023.tif	5628652	8c0b3ffcad00548cf4efaba8cead8e4b9fa4a3cd8ae2ae54336a53bff00cb0b9
dop_1827-23_2023.tif	5523237	69a0830005387a38de24c73bb8fe178dcf296d0bd6e07288aa0b0e91e492571f
dop_1827-25_2023.tif	5633122	f8c48b44e4560f5a94a9c8ba7b9a2b70c4a7ccfb026b2f46067377583375813a
dop_1827-26_2023.tif	6023582	3e02dad54784932c98209edbb43137e5b1cf0baa34e7d63c61afeb1fb68cff5e
dop_1827-27_2023.tif	5550912	41aaa9ded7e32617c6affab1709df76074a93c16db0dbbfbce00388c3a4ecf66
dop_1827-28_2023.tif	4902885	e8d6f9f72b39230c078695eca3ba487fca5a40f856c3bc1c5deb441e6550dabf
dop_1827-29_2023.tif	5539652	c5400442ddb04bd3f67b97756c37f1789831dde23cf5f3b8f66d74c4f742815e
dop_1827-30_2023.tif	5014121	e102f4560d74eb206e9c5631424ce45d841d025c1622204668b26ff54a8f53c9
dop_1827-31_2023.tif	5378980	312e78210853ec879fe64a8f5b5e337bcab3da97e693f88e920c188a5816cb1d
dop_1827-32_2023.tif	5047620	8198fb0719824b410a216beb9dc04ad7ee5bf9b6a05f26f51d363e18c94f11f0
dop_1827-33_2023.tif	5382007	edbd2200e22a9b68c529e99c6de9ababcc1ee30c5b0b1218d60b14fc333c4ff4
dop_1827-34_2023.tif	6604247	f7b4ca470ff40b0590b5484f1f8202ddd0d20056ae2195c85f17865e650f827e
dop_1827-35_2023.tif	5791595	184658ad30efcc148c8655ff9742adc9d904117227dabcd38038cb1e211d8630
dop_1827-36_2023.tif	5945881	df9280e227ab1cb1ee9d5793aa9c34ce86db9175db22cf4076dcb2a67d80db5e
dop_1827-37_2023.tif	5358376	d086fa6f8ef697b9791455a9b6061e4a00feefcb1d1e3fb6e873b2af043bb3e3
dop_1827-38_2023.tif	5467711	0d28a1554a160b66cfa0398bda8972f9171ac302e86cc7c4711d48a48484db4c
dop_1827-39_2023.tif	5470652	4cd85c788f9802ec014227ae460964462907f651e5860dd8533b13d131097a69
dop_1827-40_2023.tif	5503005	f615c7b6b61b9e6e81b48ccdf1fa8fa4095c32627b461f7fc7a6c43cb937299a
dop_1827-41_2023.tif	6239923	93dadd9aa2b389e08decc5df681fc6861f8725335de7d82aba9733c1963a4b4a
dop_1827-42_2023.tif	7314420	36f812adca25a4e3720a287205de48d5cfc4af6698c40552fe1f782abaeebb20
dop_1827-43_2023.tif	7794401	2beb96cd91fc7fb5c2b109ae934c75d2b162c6a7d6da734f2a908e2c22ce14f5
dop_1827-44_2023.tif	6947085	b2ed5e4f7806d2fd60c3742f6bd784e92b0961575f63a7e3f324343f94094211
dop_1827-45_2023.tif	5737102	545c4688467deec3309c60e10aa3fae879db7bf0faa0c35674406519beb9a6f3
dop_1827-46_2023.tif	5632992	be0f0fe91ee14801702564ad6ff1222aa08b5e9590abb4a255e0c5bbe44e7394
dop_1827-47_2023.tif	5451545	2203edf6971ffc0b06308b05dc644b7f32297954beea769c572a576160388f07
dop_1827-48_2023.tif	5474654	19dcbd1f3b7346968653c9b5633f5b5480a93f8ff48aa27ed0b84c2f7f69c30c
dop_1827-49_2023.tif	7129652	062c9606d7962be7f65d7d82e5d06f3d26133b3dc861607002bfeb5d6cfdc63c
dop_1827-50_2023.tif	6827455	3f5c1726080c2b8a237494f6134eb84e956a586b7bb5534236ace703d44ae3ca
dop_1827-51_2023.tif	6545757	4c04e6f9898f605e7fc36a26216009f6fd2db4ed51ff66edf81e2a581a992791
dop_1827-52_2023.tif	5284300	30c773cbd9939129c3a63cae7dd8db922cd19980a624b345781bfbc7837b64bd
dop_1827-53_2023.tif	6197171	f5c6a8fcb8885c639429e67a37f065010dba9f120b9ca2913dab2008d679f591
dop_1827-54_2023.tif	6022731	a9082ca78ec29f0e88d09774b4cd16451931803f89a293eab5ccde96d94ca11d
dop_1827-55_2023.tif	5853797	008dff38d41c5336b178fc0c8a75eb116136256fac2e852b62baa37e20bae17a
dop_1827-56_2023.tif	5496657	d876e164685dee9b6191560fa43b54be952e17804e51b7c9f6a15da1d4461d1f
dop_1827-57_2023.tif	7532678	47474b1f1d16a7883421813107c84bac44cc9c99a2025c9a714e3e5f72ce47d9
dop_1827-58_2023.tif	7582266	856d132057050cc96a20d8d92d496c6056ecbe24f441333e8c80239296261ee5
dop_1827-59_2023.tif	6857897	1d8e56bb2e4480e3b82a3b7fc458d87328277b4ecee9cf32c9f4dd6cd8e97b13
dop_1827-60_2023.tif	7376686	a6888a6ddc77bb00f10900ee0f2a4ca70d7ecf0200e005ba1b3fce6b3adcbc99
dop_1827-61_2023.tif	6419094	6d3051ddc3ed4afc1663a5108ef755a254ed6ff5261b7c2b6b881b1750bf6dac
dop_1827-62_2023.tif	6089023	1da565a62f941363712325060e0b907edbd8d413d39b0ac7e1c409c39272c1f9
dop_1827-63_2023.tif	5656365	c0233fb8297c5ff0a4fcf72012568bb1458af7896df027491991616cf9441af1
dop_1827-64_2023.tif	5271268	c0f31408e1db28665108d04685d2b2ad78d5dac52cc31489490b5d7d0155c0ad
dop_1921-01_2023.tif	6545645	f915e29e084b0c193ba05f08443f8c076335aa728de205ac176ed226d45f372d
dop_1921-02_2023.tif	6293388	72d5fecf59357af6de109bac3d179204dd14858774364589698b8fea4a1a6298
dop_1921-03_2023.tif	7588171	6a39d2b3f0c52771bdd3bfaafcbd6aad732afde7c2aa59f2f929ad0be040cd36
dop_1921-04_2023.tif	9250740	f3a02760e424901f29c26da9882ef6b43cded59ef4d6d38b2b240ed861864bdb
dop_1921-05_2023.tif	9437289	342c6c10d767a9a5ef792ac690f4d79c2e99469417b052d38a94203bf28f0b3a
dop_1921-06_2023.tif	10046464	d2cc10b15085be05d3b4c405364f765a2b7a7f49c61614e2d338689c9084d09c
dop_1921-07_2023.tif	8612709	524f0ac4b70de541bcdced02d5ed2a2a6e6f29710412f7eade898065443f16cf
dop_1921-08_2023.tif	8418362	59c4cf70ec463ab3906975ab9fcc88ed0176ce377021b72224ebd24b517d9892
dop_1921-09_2023.tif	6523073	77b2e794ca4e77b652ea7d393a8fa903dd30591994eb296cd7b0648f4ea01408
dop_1921-10_2023.tif	6784584	891eff9f65795dbf78c8326e6423f0977bfc5ea4d59e27b305b5b34f4a275a21
dop_1921-11_2023.tif	9236849	8b8079b276d496bdb4cabb4e6ea99ad316e574df167da33f2f6956d68cb65d6c
dop_1921-12_2023.tif	8969805	d8998e040b8519c377b174720743750f50d5a34218943107a5728bde36907c10
dop_1921-13_2023.tif	8696310	c87e62bb0cf0515ad581d628d80012fc1473a00fd14296e730048bbbc9b4b8a9
dop_1921-14_2023.tif	9743323	f4110241bd1f4220d305d88415a4cffa0ea9797f3df55e87b9e20d4aa9ce4aee
dop_1921-15_2023.tif	9737403	f797c9612f2f266ed83430054a067de1358dbd40a8600072827cdf849ac603ef
dop_1921-16_2023.tif	7303795	efb6023ae249829ee4b5be32baa0c1279fc39db9167d022074d6fcb2b1b11048
dop_1921-17_2023.tif	5839201	b19574d1bda6e024f549d5358fab09f4c2798ab8f4364b32c7d6d3fe318446b9
dop_1921-18_2023.tif	7512130	f5ebe621c4bfe2b503b409b15f2b294508886942c5cab7ed357c3b7599d541b0
dop_1921-19_2023.tif	9313266	7d8947b1db1b1fa671a49eb1d3a70eae931c909d5816c3263a540678dccd0bed
dop_1921-20_2023.tif	9462866	0173c5b6b612d1fcfe53082fb5528d8ed3974b6c1ba78a6400b2c6e99b88f28a
dop_1921-21_2023.tif	9022435	afb165734b980e72be04817dfa8c2b585d53ee21566db9b0d6cf9b504bfc0328
dop_1921-22_2023.tif	10410437	b3c90ab4e3a02d0d1ca72507e5446fa62aed2172fba518628fc81fb22813a2e9
dop_1921-23_2023.tif	10026949	c77885044ef34e7e3302ad77eaad77fc4d331868700db247d99bb8d66c4f83f3
dop_1921-24_2023.tif	8014779	4e95f2aef8e4ed18623335ec0768dcf088403afcf397aab6f2f356cc88226950
dop_1921-25_2023.tif	6597869	ba1fc13469012e3dd658a10ee73437947b7b92cba0418f97396a20d3aeb4fcb2
dop_1921-26_2023.tif	8230813	e8084a8dbdc4ec60c934447b9f928984e7b1ae32abfaa6c9b0df3a95e049e907
dop_1921-27_2023.tif	9154452	57c7b3ec9d3c508c2ee911de2047f243e1506d9448e5ad38f03441f254394b2d
dop_1921-28_2023.tif	10471412	ecf4c4c93984b22856e768c85bc3da9ddd59b5b811901c2b25ef43deeff5e0d5
dop_1921-29_2023.tif	10007881	9dd84a71991bc0c23c50122f86e545d5fb0ffb5d241895887e0ece408b6a9e60
dop_1921-30_2023.tif	9466900	bf1c539fccce5a3f8639c1ba92004df534a45e91d9add08bf59e154dcf97c663
dop_1921-31_2023.tif	9500059	0f1850e0c0c4c5cc523b7d70575d99ba35a08bbcf55f76d5ef9a25bd397a3291
dop_1921-32_2023.tif	7707399	d8020b3afb36295ef374f95cc7143c6c0380fed991b07d5c6c774971e26a3eae
dop_1921-33_2023.tif	6420378	1022afe4eaf419e8008c8e2dd57638dfb75494efdd2f360bd04afa0d06569030
dop_1921-34_2023.tif	8206251	fb534c295ea5da9a8e67c7c2164a7796c5277f9371a5ce7887a96e60f6dafb78
dop_1921-35_2023.tif	10414729	74390a4dc7581d35efee36a6d402f776803d2db471f2e58512f28d9697d90e89
dop_1921-36_2023.tif	10502128	a64b8fcdf709b41c64336e4f011638112ad8aef0a0c751bedf3a7e889dc1dd4d
dop_1921-37_2023.tif	9229783	d941dbea433c5c51dff4a86e9d531f5ac57e07a8e5fa8c9955f054b3a70108da
dop_1921-38_2023.tif	11155483	6b955a863135db84b8e8147d5d0664305de5c817d1f047f04f39250cc5f097ff
dop_1921-39_2023.tif	9060327	beb7a96b8f71c5c1bc2dae28b607c03e0a999cceb2c880fff0067137300775f6
dop_1921-40_2023.tif	7946991	00679ac6fd8b3764c91d939d2e626661713e64f14072316409e4bdca59ecb09f
dop_1921-41_2023.tif	6416715	038bec8c92aa9d2f2479441610e9ec066b386c2e3086096275a88d5edade0a5e
dop_1921-42_2023.tif	8731868	d33a08e782fbd86ec09281d76429571c290518d33e1e1a1a91309170486f1a97
dop_1921-43_2023.tif	10306988	8a0ff09ea4131b3c8a2257fc76a5536d687c5f2a98a7cc5f567b27e9d2a15e40
dop_1921-44_2023.tif	10223699	a2d3e4a39b596bbac0febb97b9e368c8adfff3e41d396f097162e3edb7dd7be8
dop_1921-45_2023.tif	9407645	83e55a41237fd5dec1c39ce402925b2deb8c33b4646786a077e9d132bbde59a1
dop_1921-46_2023.tif	10332805	ff18bc97fca9eee3c36359bc817be2d653dbc6878568af19c110c0f99d06b389
dop_1921-47_2023.tif	8381470	ad0c87be84a56afa1a86ec7cf4b8fb150af58b10a776a6929ff74554f95f6f1e
dop_1921-48_2023.tif	8302997	09a2823dfd23f091e7eb885174f93d68fe831b6d51a0cc48399dba769785b502
dop_1921-49_2023.tif	6377977	09e954eb4bb83d4989e9b30853851f87e4bafcf43b5536a520846dfc4b16e25c
dop_1921-50_2023.tif	9106569	63a184f619cda8b93567d707e56ea32eb48dd5d39604db0cfaf89423337ae627
dop_1921-51_2023.tif	9695591	67db0751a7e41af755b28d84214de886c971c6d2c101a39ba947870dd255ccfc
dop_1921-52_2023.tif	10560133	f7fecab2ceb4dad90c86441b6e7bd81940e64f67a19b291630e590de813a0c5a
dop_1921-53_2023.tif	10304170	7271f1f3c8151c63dab7821ecbc31bbce4a8ae356546da4d23318a29de545eb0
dop_1921-54_2023.tif	9755845	3b4c3d9b69e7bbb2ca213c6d5be7086dc3a231d7b4aa9582d09ff0d077ba5eb1
dop_1921-55_2023.tif	9692288	7846062c3861bb0d10067114f10d6058f864493374addacdb56fef6626f60fa4
dop_1921-56_2023.tif	8047627	b97e410c64cf7b8ba643b7043bd24194b690cacd39eda56df9e3da8d8a70640c
dop_1921-57_2023.tif	5829875	12e877e17510cad499d13e78b05ad303726860c529a20cc494f6670509479da9
dop_1921-58_2023.tif	8217719	a91b62c2d4a5b7a98b5440f7b24332eb808710fa936f56cfc8351f3e1d625ded
dop_1921-59_2023.tif	9998719	233c6476c98e5ca36ba8eecaa22d9178b22a381045152f84f7abd99daf6d7c05
dop_1921-60_2023.tif	11023340	1ed30eec0fb480b039c5a016b003640116b2c38e7088007afee45d93a0ba5f9c
dop_1921-61_2023.tif	9762940	868c77f908f49e87913bb74a6636f5f4e3c6c5eb06b0a3c2e8191139db21cdc0
dop_1921-62_2023.tif	9830756	f37992d4b256aa975db151066ff0ffc905cac78cc99ba010f977ace189d39554
dop_1921-63_2023.tif	10123520	3b7ed6e50324e537a97d08f4824f708a116d1198c2f408fdb2728338987cf7fa
dop_1921-64_2023.tif	8219330	29d307186e39a61d7280ffb844a8112419e4d16cc3d321ecb34b851f2a8e4d6d
dop_1922-01_2023.tif	10186314	2ca58be52a6739e65938201a4bb6f2169a0888d85d83ce4b1031896ea7ce16df
dop_1922-02_2023.tif	7899963	1aa4a2d6133c2e55b8f0133ecf1f7e2334de9447ee7a9a6decc6d2b112b30015
dop_1922-03_2023.tif	8063650	f32552219a71a3bda4de07328afd8588fab5b3624c8d2816f832edd754319da4
dop_1922-04_2023.tif	7175478	abfdcffb45d64b11d77e8705d4fb4bbc05ada8cb19b724f07115af17ebea94a3
dop_1922-05_2023.tif	6685006	c0c89c6cdefb43b6d4d50a4b914c38159441a1c8ff583d1a4d9fbe04b17c2393
dop_1922-06_2023.tif	7649786	3d81c765243f67fbdb09a1c56269ca0c97131f7f5693cff4c7bc18849e762539
dop_1922-07_2023.tif	9269855	7ae5053240df14dc06a858160ad373fdfe14993b57b959c1e9dd86c134874df6
dop_1922-08_2023.tif	12221770	fb34e5b014d1d40ec64709bc6763ffa6ee4d0c5fc2432ad75b7e8139d7350012
dop_1922-09_2023.tif	10234657	9c7a931b83b274b46495bbe8e67171f0ff53c7e4307ca772d20e9994aa942c52
dop_1922-10_2023.tif	9189193	60d8d2f89e8b3d8ee8afc7e123b432870bdb648e8e0de80434bf6399009e5c33
dop_1922-11_2023.tif	8068993	b201a6b7f8bc0622af80a4d76f8d04eb597276b18feba8f34c7335f9298efc00
dop_1922-12_2023.tif	7442938	50e38ecbcfb8b01a4edc1fb1421cea64dca2932dbfcbfaf4cb226ee581c00e9a
dop_1922-13_2023.tif	7538426	2c2c2baa3cb1dacffe20318eab25eb4890b80d9e3c67f344de70a8c2b9c585f7
dop_1922-14_2023.tif	6723334	d5d6ef5668f6822f201e63cf5c97ffea4a98c346e25c84bfb3f201d70994db6f
dop_1922-15_2023.tif	8271695	ddfc98f296e00d2f26796578805d3f8e69d66013c57921ba0c61dd9266663aa0
dop_1922-16_2023.tif	9317555	32f24366606c7809fcd8946678b21fb10575ae52a3f3e00b0e14daed03c9792a
dop_1922-17_2023.tif	10040968	24feff635de7df2b79c3799198c036c834c02d8458537dd75601d36183836e0d
dop_1922-18_2023.tif	10477518	7d580a5caa442b1ac6d3cfacbf1276c7c0346fa574580d5b2484e230397d8566
dop_1922-19_2023.tif	9938812	3308eb34fa36e0979bd4e3a0264150c7292c10543d42406bd36dee57be9bad38
dop_1922-20_2023.tif	9859290	1e5cf86f37e696904bc0b5e2dcbc3da4062fda77cb92c159e2e2b1923af8bb66
dop_1922-21_2023.tif	8653180	62526c0db10203762dd510ce0ba2c6917cb32fb78b7cf5b523e475336711eadf
dop_1922-22_2023.tif	6813489	eb5fd8a7c25880be3fd9bf0a521b68216c7ce045b1771b4d741ca1d4a7811c89
dop_1922-23_2023.tif	7173546	6006ffcbae87b7b334e46cc30d480052a6d7217c9d7306b016396e6a1b118ca9
dop_1922-24_2023.tif	8733288	579250997e13f220ef53cfd17455c3897ffabc076771fa19255d4dab160843b9
dop_1922-25_2023.tif	8251027	868be41b6ca0fddcfa37ab18f67c3780c6f7d469c181cf1ca96c0d0020414c34
dop_1922-26_2023.tif	8963054	03eb9d64762fdfabb522017a9587f613a87d8eef4cce586edc3de53ccafaac67
dop_1922-27_2023.tif	11121258	82b0eaad5bc8604f447d395ab85d31fa07f554fc333ac0774a42459151f02a7d
dop_1922-28_2023.tif	9317034	60d48bbe614984cb6787f8c96e7957c8620c10e3cde56537019a9c0710c107be
dop_1922-29_2023.tif	8455899	be74fc8a58cb1fd132a7dc42d21e49a726a2c1e5a8e7fb2c8a51ac015f5dc797
dop_1922-30_2023.tif	7905044	f576244de3165fb5438f73d04d0e7df8c4c185d2cd38d4977affb722199a7a07
dop_1922-31_2023.tif	6760017	739daf93f7a9313ca3b6c8f03ce8725c97076111f749329d1be6820eb66128c2
dop_1922-32_2023.tif	7776552	ccaf64c400d63e556a083eb11c8c238f87a72b30ab6cc80406a05b7d6ab4663f
dop_1922-33_2023.tif	7129939	edd7382f6024f67faf970e0216ca93df2a4c37f5227bd9188f9d7a453b3f1b20
dop_1922-34_2023.tif	7497878	e82cd6eafe8ff9ff27b9e54be265eab5a6a2325c4d707ae15e03da0fd0863af5
dop_1922-35_2023.tif	9034065	b8826830c03badb5c34293d2d03bc04c7456cf9598bdc4b31034da982cf719ab
dop_1922-36_2023.tif	10677416	4d838a517198137846064b90aedb49809d8c745e597f194ae77f2919123f23ae
dop_1922-37_2023.tif	9852513	8810500c51aee43eb135631b3180e9b47af194eaa61436808941757af84d7caf
dop_1922-38_2023.tif	7497962	be853aabcd847bd211a3840a6c5976f8f0e8de8b25f4f71b98baa8b33f4bb2e2
dop_1922-39_2023.tif	6134163	a4e13c861db78912c946a2331ac97d7a6869e0fd03d64e0a67e4954231a600b0
dop_1922-40_2023.tif	7119179	372ade7715799f963e991664ce2d0516ee19c366aff4deed5a7b3952e349f45c
dop_1922-41_2023.tif	6542096	ad7d313fbd151e15a8546b32cb5bed223208e4d37d982c693bc18559eb8fec0a
dop_1922-42_2023.tif	7138140	7d9495760f3bbd993bcb354052ee86d122ba80b828c5e2da05e44a732693b807
dop_1922-43_2023.tif	7940711	cd7d2537b781a8dc26d90cd5f04b525cde06c68ea608c5d16de4fb4f9ca67d50
dop_1922-44_2023.tif	10194957	0387a000a5e91f1223875872c5a066c58d7f53e261cb47582b99bc2636418a78
dop_1922-45_2023.tif	9769333	3de3f8851aa650b75be220c5da80c617ff1e3cefc828378bd8f0085d6b433654
dop_1922-46_2023.tif	8389022	79fe2a753ae040cbcf17abe76936b674ee54b7e2c5d6159bb8f4becbee29097b
dop_1922-47_2023.tif	7161113	58ff791a255281ce78ce6ed327ef49ede8838a9ffa066122b287401f0d0434e7
dop_1922-48_2023.tif	6995996	7a4a47cdca453a337f720635ec0b04fd03db199999e57e00935b503f6483526c
dop_1922-49_2023.tif	6595501	ec846e6cacde980df0953f201cb925d224206724ef4574cea38a06b80f6ab171
dop_1922-50_2023.tif	6218741	1aed48dd3b3ccb5836c4c10cf71ffc85055f20a3919e55ef08af4a641910793c
dop_1922-51_2023.tif	6959268	248bb7047260e64952bdf72e75b1342fe1498c1677864d3f1b1a46d4d63382ee
dop_1922-52_2023.tif	9073926	ed67ac278f977982428df30c3499ac165244af2e8dce505c2c4dd4d88b6a07dc
dop_1922-53_2023.tif	10572929	a1e74ef05ab043397d909fd4c214c9f0760dd3c3c65a6d09985f9f952917ddfb
dop_1922-54_2023.tif	9698297	3883a4b4b950753d153643ad7d9aefcea4660fa71d1b9c6eaa429d72696bfd6c
dop_1922-55_2023.tif	7788842	a2e72b2986ab52b2c34524a830ccebb8238bbb4247b765fffe11efe0f6e23a89
dop_1922-56_2023.tif	6557310	c8ac4ed6f4bd2cc05c1618ff5d1429a27db3644b42926a211b27cce3b1ec7c20
dop_1922-57_2023.tif	7835695	67cb2220e46a9ce748132109f37cfa567a4c6a92a90e736dea261a7ab39eb587
dop_1922-58_2023.tif	5795615	c115b3b884997fc403316f99538f30695be2ee4874c643ac5b344ea7e08b39a3
dop_1922-59_2023.tif	7311030	c88274872532e77dfc977bc51e8b0f5ff21ccd9f1be881bda7086e27e3026a1f
dop_1922-60_2023.tif	9805315	4694211e4d2e1082c1c72e6aba7079be58e12bc6076ddf558bca8f996fbd964b
dop_1922-61_2023.tif	9308529	1a720a519030b71b41b26a0c49bce67ed707997577a2b0f28fcb2ff7f9f87e4c
dop_1922-62_2023.tif	9683131	db2e8ff5420e0a6b854d5270b0cfe7a2ebaa91e8e6b4e093c8e35ab677777d33
dop_1922-63_2023.tif	8148378	73d9bfee848df8b853eab485859b4e1d40575e06e9fd805432e1eb712f4945e5
dop_1922-64_2023.tif	6487400	9e0e390ee234e40f54f6987fb2db440391a9eeb89e55ecb401627fc991bfbb29
dop_1922-65_2023.tif	7883388	3c2d678cb0e567f563a148be2eda83bc1062225546beee5614c52652da3bf6d3
dop_1922-66_2023.tif	5430744	fac5960a549c641422986e5619e00b0eae9c2b89f4ccac4d98da79e07a5daa0e
dop_1922-67_2023.tif	7579984	7470e5648bdccaa33df80bdfce1febc169ab0e0fa92915561141e3eac121c3a2
dop_1922-68_2023.tif	10604334	2d3d0de2d4fe6931f5f443dcda8c2e6494085a1156b96204c9ac0bc8600c91e9
dop_1922-69_2023.tif	10007762	d597146c505b55765d6053a1d5d80a54a5f1df8d4e7ca29e7bd4423ef59709c1
dop_1922-70_2023.tif	9759995	2564b676d3627812dbc5110395f5557f56e48528c69860f8530a44ad35668272
dop_1922-71_2023.tif	9720800	7667e30c47ccf0e93c9fca563e602d9132bf5f74b3e6c9359d8e7b73a0163ff6
dop_1922-72_2023.tif	7694744	b1fd4a1b47e797a136072854abdbaaa66b6691b9b871dfc2a61ff6c0271e574a
dop_1922-73_2023.tif	7307662	6b7aea46275bbb3ccdc2a151a24486056a354ba663a02eeb778d6613bf11b25d
dop_1922-74_2023.tif	5657263	aae80f3d4270e72811261c556d9f9114e24093983c635d75935623bf3ec3159f
dop_1922-75_2023.tif	7899776	6a00203627b205434f70f89806b7ab747d018e04841e6c010cc7ba8f82f4feea
dop_1922-76_2023.tif	8129823	96eed71862b843dbdb8b3ea50adb025612350fd82a3188cc62f5c59e60dae595
dop_1922-77_2023.tif	9232784	d338b1b180145ecfcd83d8e1b5c888a1412c03abd9192a312b61f5a9cee8413e
dop_1922-78_2023.tif	8621564	a8d972a3fd52c7d0b611d16c3cbdcf192577a4c063f0c3ba576784ec8743c221
dop_1922-79_2023.tif	9977994	463b2982958244dcdf2a217777ca154177a2992c710c7021156aaef2580219de
dop_1922-80_2023.tif	8521172	a80eb4958196099ecf25b788e4d52c75998de0e7aa110736d43ae18eb3acb1e4
dop_1923-01_2023.tif	6632823	a3495eb0cc6edb9d86b419cf8218b2d67ecbef11ae68197e154f347094ad6ed5
dop_1923-02_2023.tif	6497262	aeb364d87055c692accaf15646cfb74b85c5f92a811992e5756e32aa29eaa909
dop_1923-03_2023.tif	5835748	48db5a9382014eaf81c317aa35ddffe53b18ab0cb86b5b4398833e638a415326
dop_1923-04_2023.tif	6081648	f8f2408d01ea1555d29adf8f14e920e454d9bc8982cc1cd2dc1eba781f479767
dop_1923-05_2023.tif	5707896	63ad127d866abbb2207678339e73af32c839fab7326ce22e6031725da81117fc
dop_1923-06_2023.tif	5912531	84e87ef67c7ea2e919e4c70e3b7b63705d52a11af2e67a5e4168ee08e548733f
dop_1923-07_2023.tif	6254410	fc18d5977a699cfed8a939647c2047a7b88764b679191c1a51ee567eb99bb1e0
dop_1923-08_2023.tif	6091459	ce75bd7accd64e264d62d6445290d26151f1ad1cf8408b473b4888c54ed34c48
dop_1923-09_2023.tif	7023459	f65e8bc0b186625cecd45035690f9f548a09ed4b4f6fc8b89a3bed34e479a4ad
dop_1923-10_2023.tif	6185828	43bd04cf20d390b7b77e4e2013d18b25328237a777665b3f4ad51f7bf41bc0ee
dop_1923-11_2023.tif	5697188	eb6152b2d5fcc0c499917ce37f42b50cb2fb8e4d0eb92eedf9e96224d30b5182
dop_1923-12_2023.tif	6091443	d9baeb35683320e20fa889e0414f44427dd921470ed951c3165639c3629e2638
dop_1923-13_2023.tif	6434635	b58ce63e6464fe69eec50cd7e31e928691a4a80d00b362edbaf0710c1902f33a
dop_1923-14_2023.tif	6161008	b302e33d56c061fae7d0a658196f573e18e9b2adf7eec9181212be97c6e7323f
dop_1923-15_2023.tif	6562208	24d78455b0bd08af31e872af449aade9094645419c6a932db25d4cc7c5c3ab1f
dop_1923-16_2023.tif	6738303	3edee95680be34c6534551c844a6bbd1abac29fba5fb9c973788b6cbeb4e8378
dop_1923-17_2023.tif	6820506	006aab7e68219294a4720740338d8a1b8ad9a01268f4ea233bee85957f206935
dop_1923-18_2023.tif	5855901	670b15421d38ce4610c83e856881608369856642315f98fa9583bb4bb8ec440c
dop_1923-19_2023.tif	5853636	b03378071a5fc32356c6500aeafd0cf69c5bacd9c1d380233d461c6a36a95c56
dop_1923-20_2023.tif	6769683	f0834188215bf49c127e12dc1ebed8a0aa345f45559e627cf8c4aab2ec7de662
dop_1923-21_2023.tif	6513888	14bead13f6cdbd774567fd722bf01ce099ef3a219e93bc576595fe9b13da6867
dop_1923-22_2023.tif	6162618	ebffe4591324f160a795b57a47a7e191db754bafc1d3aaacea2dbdc54a702724
dop_1923-23_2023.tif	7355452	4c8c0483a0f47e1617b7a491c0aa2b84b57ccc2c73c8b240914a7997226dfe86
dop_1923-24_2023.tif	8504269	f57185bb59752041708d145e81156a6767b1eb6234220d95f00939944a6cc12a
dop_1923-25_2023.tif	6144040	65356f41e4059427d23a3f0974625772cc76304bd0d494ba90b36dcb9ca37388
dop_1923-26_2023.tif	5448514	8f1be5ee459974a81547d376acc2c8e952f45a90804b04b0b5eebb9ef69b4139
dop_1923-27_2023.tif	6018911	1ef7b96facec5351660167bbd7d93d6b87cb17340be92da5d285f60e91d01dc0
dop_1923-28_2023.tif	7340975	5c2faa910c35996a19084a95c4447f6a59cb45e1ff720ab3645d72526513d178
dop_1923-29_2023.tif	6193770	bbc2b46ac28ba9d6f3f69e34b31c9203bb791ad6480abec44a3fd518b9062aa9
dop_1923-30_2023.tif	7159573	5974c365acf5db7da44154d2bc7553fdb6e56efe473519ad1d00348b09b0a77e
dop_1923-31_2023.tif	9198010	388a0d6aa1f3f5cf7c3827e119e9dd8adaf13e95abef605eb978190a93c637aa
dop_1923-32_2023.tif	11286585	23c75974ceed5c2f2f14a6355571cbebcd1de76e7a668255243f2afc044e3753
dop_1923-33_2023.tif	5981985	ed5b4e381531cdd8b4715cd7704be6237177799f066b02e3e2ba7cb9366caf0f
dop_1923-34_2023.tif	5781547	dac097155049d72a1ae776f245d38496baf70e9eefdf03b2e5e449254e4f205b
dop_1923-35_2023.tif	6808522	4c200776eb849ddb561b9b62c81ecb869a0b8128c3cc561346d2c7a5bae5075f
dop_1923-36_2023.tif	8563674	951189ea6febacddb13ff095a0f18c58360e2258786ce0ef00b2f588fe2890f2
dop_1923-37_2023.tif	7322937	65858bcc223298a16c155b312a47aec6ff6c1006909ba38b48b0263689f74ea9
dop_1923-38_2023.tif	9192723	e98ee89eff0dcc7c97d86238d8ba3f852c93c2a2fdb4a0e0da69838ac9877901
dop_1923-39_2023.tif	11459443	6cec2e8ecab7428f07615db6b34d566c5c8469316561ae97649467a16459d67e
dop_1923-40_2023.tif	10946929	e2fef31198e02784e9d8f3b5116ff1f6c0027a4a31f356eb1e1be3f7416467e8
dop_1923-41_2023.tif	5994836	d3fcdaff4a0e46fa8303b29059639f0e5d056dba4a9470eac4218378f05ecc75
dop_1923-42_2023.tif	6732126	7b9b058b08dfbf82cc4ed970f24198be04ef1f2c160d19fc0ee1544cd856f1a7
dop_1923-43_2023.tif	7730516	9dc700d876fecbd36f4b0592e4e5c2c51b03d077a15ec23779fa9bc2ce4361c2
dop_1923-44_2023.tif	8156807	4c8b287013a6975497939b827e3d22e140067033849e5a1dfbe4ee12f3c1e432
dop_1923-45_2023.tif	8767901	7a668bbbe2eb3500c92bbb9f7a31c5f04b70a834b9c1975da43463835e7b8978
dop_1923-46_2023.tif	10871245	c378727344c44f216f2413e410a5018057bb5635f50a4ec5f824179cbb78ef3f
dop_1923-47_2023.tif	11388405	ffc11c438c253a242fc1ea0e4cebf12f19c51980b0f8653a6874882fed4660c7
dop_1923-48_2023.tif	10145033	411173ea5d80907511f592ad0173b8f6e8607d17e4077947e893559b49012d24
dop_1923-49_2023.tif	6168309	7abc65da0dbb98d8b191ad68ebd86a483da6083726b657ea6ccc937f06dbf2bb
dop_1923-50_2023.tif	6366695	5367ffb5526e727d4d3301d78b89ccb80a33f5522673be629985de8322d18ef9
dop_1923-51_2023.tif	6463336	4caa6d271678b83b25eadf43d565a2411e6405c4c592a181e4335de6e5455c00
dop_1923-52_2023.tif	8467297	c54531451d5cf1610a44ac2d94105097ad53e81903e1416cebdab7e0603785bf
dop_1923-53_2023.tif	8915730	e3bbfc6f51a8119fb6188b8adaf94260c1f4848edb8b62b9740476719bdcc05e
dop_1923-54_2023.tif	9914253	dec2975ff6efe82dd6ebb59f9b24f1538946187f2b027d6f9300263b9e6f485b
dop_1923-55_2023.tif	10422847	44f98ad9352fe3db8d2dc0734790dc08bab5e0e311084ba28e184456f8313d9a
dop_1923-56_2023.tif	9861083	38711b82fa1ce46c7f4e420509c8d0c4a92953ea15dd79949ce790621c4eb805
dop_1923-57_2023.tif	7267581	7d6e81b7b69f8ee80a8ed3d84dfeb1816d108b4e49899558055db6784638392c
dop_1923-58_2023.tif	6794817	ffc07159f80d1d5f3102274f4efb6ff98fe109e8959ab60ff90e6c835d0c1b5d
dop_1923-59_2023.tif	7903783	47abd3b959e0e4124fc4ce6c2b36298aa988c74663df5d810063858603c199aa
dop_1923-60_2023.tif	8836413	263cd7842a259df7d5470791503f739ee78caacc053cbe8aec11f82f1c79cd56
dop_1923-61_2023.tif	10119406	740bb9f748f29b5524feea7de89fdb56247a60a3778bcd6a1d6abcfa2ec0d859
dop_1923-62_2023.tif	10378394	d4d7109556b21530a7e6db4b83a11195083bcd0e876e6b3234b3d61672f3175d
dop_1923-63_2023.tif	10394721	381ae5e8510f0281d70729c204ba62c50dd542c8cdc7aab7242927c637268c58
dop_1923-64_2023.tif	9380864	672e985c99fd282a751df577d41bb4ecf7f32de2c0d66f0d46722fc963ceeefa
dop_1923-65_2023.tif	7789807	75da4ec56140d392ddfc365e6c95ad95b0030a1dd7f2f8bb07ab933b7bc4b28b
dop_1923-66_2023.tif	6796197	680c647df5a8e2f1522c17b99319e61d42ae7c7e7e82e08629e6c26c3db77927
dop_1923-67_2023.tif	7414964	98145c35949312c76c93605eaf2630334b077c4755a159ce46106d09debc9f09
dop_1923-68_2023.tif	8352424	424fcf616fac0c47886a6eb1fc8f011ce11848baa9d0a1301390a4a015a348f7
dop_1923-69_2023.tif	8905699	55026cdbb9b935244a8ad117cc7d61187afe7258d505f7ddce9e0f9d226ecd2a
dop_1923-70_2023.tif	10200059	a9f5196823c6d60f900a17dc9c94d4a4494a832c39b69a71728f37213f8d5e3f
dop_1923-71_2023.tif	10170244	d063d585a45f871d459ad93b71e97aef8299f3a9193152dd51e08c650f7ea2f6
dop_1923-72_2023.tif	9457189	9b522d0644feaca6b812bb5419549ff21336c1bcc891271bf85b0c2c1af1ae2f
dop_1923-73_2023.tif	8834541	1887c3fa4e50f204a68331e17919f47741386a083537a7217e73b73793bf525b
dop_1923-74_2023.tif	7110193	ef04d9a35e4be6bfbbb116f44ba80eb27a75069065cac34b1b8f089835abdd1c
dop_1923-75_2023.tif	7269689	2141ac1d809c2baadb23dcce9e06a2dc09cb5dd0e209d4b73281aba960f63416
dop_1923-76_2023.tif	6925812	edd366331c5e9ce8bb71a44e905b6a933075d842cee3f77a84caaf9e2fc9969d
dop_1923-77_2023.tif	7871086	59d728446129017e3a66aa5ecc41f118b9d3ce819ef4d32600441a44bfbe550b
dop_1923-78_2023.tif	8471748	3caf5788d7152549e26ff8c6a50292b74e9a2abb50c55537a00fa91035f86bb2
dop_1923-79_2023.tif	9569411	66552a223a68cb1610436b78de1abaa11c3812ea5d78cf29fd682af8abaad0a0
dop_1923-80_2023.tif	10554154	dc2d1a136e712a6824b3006105368827a98d720dd802bbd9b78b56d926d85390
dop_1924-01_2023.tif	6503629	d8ee6847ec9049f618ff38f1459a9400c335a80f3e45fb09fc4eaa052deb994c
dop_1924-02_2023.tif	6843106	96587548e787671f266110679967099b5a87d473de7420d0c06fe08170ae5acb
dop_1924-03_2023.tif	6441733	17bc2f45a2ff710b8777faca147f12edb5953bec7a344b4871c9a38513d9883f
dop_1924-04_2023.tif	6024099	1f40523c87e70b6dc533aa66c59a52f102b0b4d4ebd767d03914fdcfa095e20b
dop_1924-05_2023.tif	5745157	226a19d4194de891a50acc30175737e35d404e6ea9f01d8bfe39c824dc1aa454
dop_1924-06_2023.tif	5910478	85eae9ac1c0d442200204c239e73fe3273db8204e6e7cd7bd3edbc544d211fb1
dop_1924-07_2023.tif	4832574	e344d5eda9b586277774bfcfadfedb2a410c1720e9c804c8ed9a59687c483ab9
dop_1924-08_2023.tif	5029900	2835b714a88dcec75067b699fc9f626b0bc38ced552c98d99e3c1659d89489f7
dop_1924-09_2023.tif	5054655	e18c1c7e41abf79a2141df733b650040bea5a45a7a8827914ad4a502d081a382
dop_1924-10_2023.tif	5489018	0bf68a8920d34dcf0ce064632c2c95a68822d6c6e728fc9eab4f275e56d668ef
dop_1924-11_2023.tif	5484237	d8481026af4adf5be62394287b6c961a7321bbff2d50cb00e2fe4a15f11e9306
dop_1924-12_2023.tif	5242603	9d8a0f861b436a547624f82586a4163aeee1d8bdcd59298737a6e4261cbbab17
dop_1924-13_2023.tif	5822425	ea0b5ae05b3b8f51086f25f44238325f4cc6dde39aaa89be1e86843c3bc1ca1a
dop_1924-14_2023.tif	4778167	d8f76ce56010d120f2eb5b1918f1f788156180140ec0e1a6d679ef11432c747e
dop_1924-15_2023.tif	4878134	380a14ea5cd2b1367764a6dbc641492fd0839c965552351b31377df34365c645
dop_1924-16_2023.tif	4650623	10a41c1341c05c576e7b2e0b7c8fd609c0a98db91b1c1135de18a42b7c4c66c0
dop_1924-17_2023.tif	5602013	84917e2afab361f12b1053aaef6e3498c6be1706b7aad0127cf1fe0635c75e54
dop_1924-18_2023.tif	5238442	0476f778f7d21bf77d2affe475434c6bcfc90a15504f18ca2b6bd3ae677b6a88
dop_1924-19_2023.tif	4900483	1d7cf69cc6464219a5a459f6fe4369dddb5b4b1ef88a5551969e65b1ba09a4a1
dop_1924-20_2023.tif	4910184	8fb93e27db5e47387f0782b1fe4c6de9e33c659572cd5db17f83ed083c675420
dop_1924-21_2023.tif	4464949	97590a34dd66ed04f389d87e3f88349ced429bb12f50ad399aa49b319347124c
dop_1924-22_2023.tif	5088105	25029c42bf9b65c0ba73781c8210869baa6f5c4e4c2bb5a09fdd850a0faa073c
dop_1924-23_2023.tif	4479563	b14ece93b70fd54ab62eb461342ec5f30ab1ebc33f07055fc6515c4d9cb86e7d
dop_1924-24_2023.tif	5248808	00cb609038759bf5df7f7581851c605f7b04f0ccfa1ea1564d9eeee05c16a664
dop_1924-25_2023.tif	4769988	a683acd27607ba80d02c654d641f463c14349a40be33e9a40e30517dd54c4093
dop_1924-26_2023.tif	5326942	7145f61b8a7a079b931a18cb3d3d09a5973b37992b7ae374d6da663d086ed838
dop_1924-27_2023.tif	4606184	4706e332d6598ac260a78ac61698fb502d067dcafa4b5bbf2eeb611ad47eed9c
dop_1924-28_2023.tif	3678338	f2270c55876ce54aff6bdcbf2df85a7cf8ece040930f65bf6380501d6cae6af4
dop_1924-29_2023.tif	4853797	b5b781aff896093014686d340538f2bd62ab4bed91de2ee4d6cbc1106228a31c
dop_1924-30_2023.tif	4600206	0f54077d5434ce27ff436ab577bdb4d0648633f87febc47236a06e3bdbd4d601
dop_1924-31_2023.tif	5028393	9d1fe02f29d279eeefbb665f1fcff2e0c47741d94cd4553b64b972d118ed3f6d
dop_1924-32_2023.tif	6047057	33349e220dd507990db31358fabcf1317b8f24a51ce5b64ad98850d37f6a7ff0
dop_1924-33_2023.tif	4995282	4c3491646f2eac5b30fe030c9177659ae7edc0384236527dfb870dffc1bb42da
dop_1924-34_2023.tif	4829495	68b07f8dcb99cf54457e796de831317f6044226f28872ed122c21caaaa8e92b0
dop_1924-35_2023.tif	4391419	0f21b5696d4716ba9208e307797f559063e6b5e48090204949fff479db263e77
dop_1924-36_2023.tif	4321708	4cb6e3baad4fb72e1581a03e94d270a9d4bdc3f3196cf8b2a970c2bac3548b0b
dop_1924-37_2023.tif	4738411	11bfcc661609ca746a2de7832ed87cc165403b42869c927dd6b2cec0c06bfd1e
dop_1924-38_2023.tif	5046118	d7f1223767832ce26c0e8a24fc452ac1413d78ace8697402ca57c7e25643a6bf
dop_1924-39_2023.tif	6471085	9c8baba841b330a7e7536e265fe35cf82a46473b115076268433da3b60992f44
dop_1924-40_2023.tif	6576496	f066d12ab50a30b0bea8ebe0e5a2491e1353081e7446fd84f85e32b131a635ea
dop_1924-41_2023.tif	5561794	2f98e3d2205b0490a704afb17431669d2be798153e9a8e8d65d186dbda16ba29
dop_1924-42_2023.tif	4237564	94380a5c461d637da82c708c62384ad097b7cdfa44e82a16e6a8f7e5effc57a2
dop_1924-43_2023.tif	4848824	502af84a48a402ac60488cb12df2b0ab8d749034181fee9870dfa301b06521d1
dop_1924-44_2023.tif	5252387	bc214e4ef0624f87e6aa55b9c72c479154f4170f88cea37c78d1027a75ddf8f0
dop_1924-45_2023.tif	6259009	55f6472c8a59b462cb9e18e788997656518730fef7c7f2a59837b8c4c5467ae5
dop_1924-46_2023.tif	6872270	575efc01c7eb63b6700ba79956d04efb46c1b51841ff27bd552b3dcbb1f4fe3b
dop_1924-47_2023.tif	6433826	f8b91b0ff48086b332db8902c23532465839cb56e5a1b1fd492bcee181d0ca2e
dop_1924-48_2023.tif	5607160	961e7fbc962c1ced682c5b09251173f05eba12a4c42e8090b163db104b0ba4fd
dop_1924-49_2023.tif	5825599	ebe71be51d9722b8a2dd274d3cb4f300cb68001bd8f091089fc4a973028442a5
dop_1924-50_2023.tif	5035040	e296e86955c8da5ebf2abdb2f01023170c1be564ef97b08c588481d7f91b7f04
dop_1924-51_2023.tif	5761825	1fde96ca7c73ce4d26eb043ff506192532d0d80b65836f64a1de8c2ff04b3b1a
dop_1924-52_2023.tif	7162368	e16f9d6840af20b065079e86fd665026fab146ab5204e95c0eab9b7e2be8f18c
dop_1924-53_2023.tif	7343386	b4e14f62ffe1c65f8c1776f3fdb0714e76e612010301d821a30f3669a2e3c1bb
dop_1924-54_2023.tif	7099688	f1cb146fcf044fc397aae8cdb5e878a008f8f6e3991a6de10e6f465ac3cba3b5
dop_1924-55_2023.tif	5982868	18c4414637114cc7faa75439a8697e6cdbb85428c15e9bf325f4973535b06550
dop_1924-56_2023.tif	5847595	d26c9d464a8c34fff837c736303e4c484b16173c28d1fd51c15234eb8feaf412
dop_1924-57_2023.tif	5576289	3a26c379ac01e4dbba9bf5bdf886f4d3cd2385918a2ff3bbdb34cf18cba3daa1
dop_1924-58_2023.tif	4938130	2e236a178694678f919d28d1552fb48f4ccdbc02864f1ce058ebe901de2ca38e
dop_1924-59_2023.tif	5600934	b9c2010c0e19db308df3f596b12e50001d5603e30d135e9b4940b9520e2ac6f7
dop_1924-60_2023.tif	5791210	5e9e7c5d545577eaf9a0a33384029d0e621d96a5c021755b75dc90eb0985611a
dop_1924-61_2023.tif	6163426	604b51c2d57fed9c58604d0eb3726dfe223a5aa030b04cf457f0a170e9613d8c
dop_1924-62_2023.tif	6003570	6d2aab37ee663167c297c40d9c9670395685d0b00dbe802023ab67aab7edbd63
dop_1924-63_2023.tif	5823442	8cfeb77fc67888f73b01c7333b50790a246a43c25b968b85bb6cb8762395de53
dop_1924-64_2023.tif	5603648	0974f14d8fd43b6bad6f7f0d51511b0b25a2449d3b6818cb4c5f83cb9e2bf612
dop_1924-65_2023.tif	4947113	38e17a6bc8942915b0dc19034deb0e7018069584c397d807c2f30994ee551b3e
dop_1924-66_2023.tif	5365923	ac4bcf96b08248e56baeb753455a9a9f9a1c9c445dd19d213abfebdc54e9dd2f
dop_1924-67_2023.tif	5163005	fd5e7ce616701d62bf20b9ef5384e6b8d1dbce59c874bcc26a1e067843556a4f
dop_1924-68_2023.tif	5779758	47a7f8a56e266e7c875e85861880621df39c11f998dd4fbbf25554c8e0b6237a
dop_1924-69_2023.tif	5505511	3f57afe2728aed63013e5c5252a6edbad08dad2c05e49670166cd458f52ce4cb
dop_1924-70_2023.tif	5651742	bc3b2604f7b929a28ee90197ad30b4d3d576087bd7dccd88d397ee3a1a3c9c8d
dop_1924-71_2023.tif	5659424	536a24e16b641b4993a54baecd7c046ffb0ada61a02bc2f2233c0afae274f856
dop_1924-72_2023.tif	5270196	5b01c9892a7ad6bf9455b715bea22b0df16ab60f4c8814497a79fbc54113ea45
dop_1924-73_2023.tif	5620941	3f346fdc0e99f524d00d8a912756d1238d31ace818dc71b450790645c84ad8d9
dop_1924-74_2023.tif	5959475	57c30c12ba82d808ca92c154e4c78d4484b88ceda372d3ed7d3c82aca08d151d
dop_1924-75_2023.tif	6268862	493cddb37a779cd6d85e591862b8689f5dc911253d17096178cc788623fc82ba
dop_1924-76_2023.tif	5853030	72e817b43027493940231ac7b5cdca5337d938bbe863f439051dabde54811526
dop_1924-77_2023.tif	6087675	54b6b5c46f69832e1ae5e4337a287ae6eff6d43bc2c0fa136572a217c63f6bfa
dop_1924-78_2023.tif	5830311	f9edafd1e40820bc9bd591d35629e2e96fdfacb775e27334f00ac2d583e4bd06
dop_1924-79_2023.tif	6290878	f5ab34ef0471a20a8b6d726f02636cbb83d7e94d15cb7d6318808e1ff4101b78
dop_1924-80_2023.tif	6562526	e5df9a0c313ff415c7eea47b0516c50d7cbbff4efd08af550c72e6f5a35db04c
dop_1925-01_2023.tif	5429011	b661031947eec0b7787a5eb6abb33bfd9f98d155013cb0ace6c1221bfc5af5fd
dop_1925-02_2023.tif	5985670	3d0cdd4f5e4f1e47271593f2c3d6c073bd4a6e0201968bdffea4f2f3887597e7
dop_1925-03_2023.tif	8894151	8eb91b1d4ae5abe4b5c034b784153af181d7a103d7d16113d217f6abf5666717
dop_1925-04_2023.tif	7385200	0e6695d3f5a55b7b2523107c42811e7e1f613fd086f3ff38902436300f90ee18
dop_1925-05_2023.tif	7925890	e518b9c36efec361e383072934077f4b3c5ee9689baec1ab41178223dc485c19
dop_1925-06_2023.tif	8951259	3f32a35651994ebfec089a3d3970f0d13b90c1e7fc6c737f3880ff4ba3dc409c
dop_1925-07_2023.tif	8754367	8cb178d38a13c691d68933f63be95b021d3bcc710fd6b6aec16c54ec2f89a8ed
dop_1925-08_2023.tif	6348069	77d3921409dbecd691352b45a9dc9d08eef3b7b74d1e99c485bbd8068e617d39
dop_1925-09_2023.tif	4653046	6c0824f51a41c8ab3e15ee6e4df1f75c02cdd878bcb965697aa71c7bff8f5dd5
dop_1925-10_2023.tif	7445250	430ba54aab600a788842df7cde62aa323b46ab73d96509b18f7aa2ca66357419
dop_1925-11_2023.tif	8746937	47c9b886a6d46487ba05b63df7965d3b712e7e85038009a1e65621e6f7f52e00
dop_1925-12_2023.tif	6399092	df2568add9838d390a65b3c7d6522defc58f9c91981afc2cd14ee2489ec8778e
dop_1925-13_2023.tif	5425650	9da96a254aa5f26bd0e680b27aa8e1b9ef890f14e8e2c390ec7ad2a7f071fbb6
dop_1925-14_2023.tif	5751773	73c0b4f85bca2f8b987708c87dc3bbcf046dcceb1d91a28eee3fd348eef38b6b
dop_1925-15_2023.tif	5642437	d1d3d09bcb111576a4cc91f261359efa819944062907c8b444358f95b3587343
dop_1925-16_2023.tif	5935524	77e5c2d8678e93adb17e908176a4b8e0c5dea7c91796b00d5f7008e3b9d0dcc0
dop_1925-17_2023.tif	3952155	a357a38d00b75c18f55ae481b3d2f84e93d1ed9cdd7d404ecc8ff5bd49c34bed
dop_1925-18_2023.tif	4515460	57b6a8cd66f239f999b42453e79c2e019d71af0fcc4a7f88dac98ce99acc1f91
dop_1925-19_2023.tif	7946177	7de453adc8361de0a41009399144e441f735b579e3df24e6a91be1ff5989a5d2
dop_1925-20_2023.tif	7510665	83391461d5098bc56ed1a6b2df5a26e2c01f01d25cddddb865a1ea8fbcd56552
dop_1925-21_2023.tif	6217295	da6e89858eaf22968b5b494bed6f5eab631768b04992556aa3f780c5864452ba
dop_1925-22_2023.tif	4955989	d3d85950b631d44183eeffa3a65945657b913ff03ebeb95bd9b3991894493078
dop_1925-23_2023.tif	4713063	9e42377d8040482fa4224a4037bb5ee21b9d3624f4f2da8e9f92804cce0fdc99
dop_1925-24_2023.tif	4087395	ff5d24c1a2badfe6e12d8c39161c2d167bf34ecffac146ac4a90e04b9804e2ff
dop_1925-25_2023.tif	4327741	6081ef566d2909a02276d0172ea064b95d699d32122252d31ed7164de7277618
dop_1925-26_2023.tif	5916560	a1c8ca17d61bf5662f0ae4edd17a7f63f6ed9db22fb5dff0b951e1ec424e3ee9
dop_1925-27_2023.tif	9795220	2c18b46598c08db5cb8b4e047dc43168e85758343217b1c78fe34a1cda8bc66d
dop_1925-28_2023.tif	8604558	26ebcab82e9ddb8e455abce92a8d066caba1fa44257b84a53354d0d0bf67fe58
dop_1925-29_2023.tif	6742270	f1c6f58b5722dde7b6acf264651a7b8f69aaf1106fb6770c9f6845b9a8eae7df
dop_1925-30_2023.tif	5974376	4fb5509cf94168dd487d25dcc226924b2544b83e9affb554b4f040c647d57cb1
dop_1925-31_2023.tif	5748668	a392399a9f38f119fbf89730c331996679b15fbcf0dd4c07d661d966782f096b
dop_1925-32_2023.tif	4436756	4d8d80c3b3ef24fe6a55dfae654882eadcba7b8bd1c87f75aeb30af661bbe713
dop_1925-33_2023.tif	5411174	4c0df4a72b306edaf5262116eb4767d434fd0420ee40f8128e96275a1352fdf6
dop_1925-34_2023.tif	7481395	d9c1598374f55400fc10a7a0b0aac0949584b9f28fdcb56c5057f814c9d25381
dop_1925-35_2023.tif	8596369	262b37354656ea4cd91925f9532e0f97fd962635edcb14a2a0547cc45f2b4441
dop_1925-36_2023.tif	7546077	0a19120eca5b249fdfdbabcb74de435080009aaabc5adde342690a7e26895a22
dop_1925-37_2023.tif	6195481	d4c65d7f1625bfe0f4e8f9c3767ab98859564989caff7da654dbd25d8c6e0fa6
dop_1925-38_2023.tif	5187403	eaef0cbf44b384d1a82837033791b2f4a70ec6d9b574e68e5ea868b875ceba6f
dop_1925-39_2023.tif	3246735	b1511c82c384824d1c50278e072ce8888219ab17e5625aac421f533907d76c02
dop_1925-40_2023.tif	4881437	e81723926c27ce199b8ab56e0fd967f2528c3af5b87944766ef31347bb5b69fc
dop_1925-41_2023.tif	5999061	b7f3793ccafc2d8046df60f2ddfc7cda3454d805825e259664621261e967571e
dop_1925-42_2023.tif	7999149	3148b0db48c9f6e045c146e73f9ee62c85d8029b9965ae1d4ef0e95bcfb4d9df
dop_1925-43_2023.tif	7223958	6003d4d4efd7813d18f4ef9304a6d39a8b1db9b1be5475b6b447b837a71f84d3
dop_1925-44_2023.tif	6895315	e18dffa0171e9a3fb7769c9bb511a994d4bd76f48187bea422abd1a0ea1313ac
dop_1925-45_2023.tif	6808698	a7cee1dc1f46ba65c289dd4648872947835d06690b074581de7c1872e4b204be
dop_1925-46_2023.tif	4679972	11a1b07b2ff2a963fcf8780e247c9d70aae196c10621eaba1371bdd576012ee4
dop_1925-47_2023.tif	4465475	24ba64825a79cd0cdbb13cd740c7de65736fe63aeb94446a91ac957c2a580345
dop_1925-48_2023.tif	5946283	d8f3ab5d1129f880f1b0f50d3ec7424fc53773cf0b08a5f574ecb60c32266bf0
dop_1925-49_2023.tif	5339352	299ede82bdc35793446147bda07e919fd7a256b3f41504598188cc7b5666ded3
dop_1925-50_2023.tif	5678986	a31e21fd6b500fe46c0e1ffc1e3b03aa6d87569f5296761f2e3651cde7fc8750
dop_1925-51_2023.tif	5363997	40057fb6d6d8ddb5a658ef149e4ec637662560b46b0c978f31dc3d34bdce0b12
dop_1925-52_2023.tif	5292946	b9ba96451fb5fe4a8b918e28046856409fd3dda949c0b0d22b8dc650e0a43632
dop_1925-53_2023.tif	5053547	6399e23ac054d040d821a9ad7fd924f675732b1d570611f75548acfc9dfc661f
dop_1925-54_2023.tif	5274366	0d9a1518a26b7095b86ca416942b82b532c9e096cfbde7274ed828d9c0fb384d
dop_1925-55_2023.tif	6301599	af7c70151c9d0501b63af629c95bf978d1070d22bd48373cdefd2c38f3fc0014
dop_1925-56_2023.tif	7803451	037e9edc347374a4f585f1e9a4c75a1d30b67d1e80e705114d6ef35d174a97e8
dop_1925-57_2023.tif	5084787	6bdf3571ccf2f2ebc3319eb7e7d2ca2116c2baf07c68c6a636fc536ae05f3889
dop_1925-58_2023.tif	6399928	f417dc29943d50752a516825a158178ce61d4d73270c4c1dcd5e80eb2ada6e5f
dop_1925-59_2023.tif	5899502	ceab85dffc2ef72efe2abda2bfdd1a1108142ced11705e1ce81e0a6eb245dd23
dop_1925-60_2023.tif	6026182	f7ceb0ce9d4dd291c02a56f52f1accc6670c1fb5f38ef44397ed128fcdb4aa48
dop_1925-61_2023.tif	5803125	8709d501a39d1e307393bcf5486f81af97effe6b79cdb998a7010e8d11a2653a
dop_1925-62_2023.tif	5397354	4a53ce80b300c9629b14e2fd6e708d92a04c1dbaf43261293327db3196fdafe2
dop_1925-63_2023.tif	6118666	7eb94365e941b6845e465b20fc88cdebf917dceab28498498e6660b674ce6451
dop_1925-64_2023.tif	6385654	df5b6e0c7660fb73fd96b126e875fa76450d3eae20e57524dd4c97c54be53857
dop_1926-01_2023.tif	5433769	97048126d1e25d4a1484f0bd6ea6bbe0f6f967f37fe9b63e79b2239c3665d04c
dop_1926-02_2023.tif	6221113	052f50a6fdedf2d57cd184fb8e7b1dd267826e2ad3a998d2862fe9e0ce16b7b8
dop_1926-03_2023.tif	6407423	44f9de2e5eec7f71d721bfc60bca2415f256afeaf342fc14a042f3ce2f7fa286
dop_1926-04_2023.tif	5827841	58b101d6592f8c707005ce26f2df6e19edb67bda39425d19ae86d28b2ba608d2
dop_1926-05_2023.tif	4921010	9531c795422518301561a79dddbed70b8482177dfb514fb0888023be54e31423
dop_1926-06_2023.tif	4871128	ee85866738a5eff4b55c81b781c457cf38a16b64aa7a81b0bae0944deeeab500
dop_1926-07_2023.tif	6548765	7f0ebde998cbd07488357e3e2942405d49a23ddf02d28e15a3c65b89e7853409
dop_1926-08_2023.tif	6021042	b7072a6759099e9f6b84438148598e69e6cabe201e80c9166fdefc54bdf398a7
dop_1926-09_2023.tif	6016648	52b61d425cd4a4ba9a3d7e9539973eba88a134c6cf0856d98778750ee2da39b8
dop_1926-10_2023.tif	6330537	8df06bc45e8243fb18061a10eb00b6eb2a544d446fc3d41018f5e4efa7b8c8d7
dop_1926-11_2023.tif	6780020	8c13cd5915b631c453f2c15a7b3fe017846599b9452d91a6a4273db1978c2cc2
dop_1926-12_2023.tif	5662350	d6c2340955cf301408919ff6db94c25e87b72734ba47f0908eb7c8e1313c0b9e
dop_1926-13_2023.tif	4569855	325c404bc4f63830fe43d197a0661f7bc5d8921430ea9bf485c313f0c9475100
dop_1926-14_2023.tif	6370314	de52a3f0b0cca76345d4240dca4532a62f585ae8cefc0c5e349373d36b739134
dop_1926-15_2023.tif	7282316	ca6d527ee474f7c2ef06e4f29c227d8cc73606a652675980cba8a1657cda3974
dop_1926-16_2023.tif	6798348	8e632b70eab9989d17a95f0aac003ffad94d15660ad3c9f356122500c6c78c5a
dop_1926-17_2023.tif	6605309	6e9478c553d9ebdf2dff84f732df1502972aa0d135c7d9718073d9e68d5f6617
dop_1926-18_2023.tif	5371900	11a64a683d61ad4eff0d14ae88810e59985c82c3c13f2759e3a2656dc1a460a1
dop_1926-19_2023.tif	2615694	3d5a28e830a0e159b6f51fa5a0011c5766e2cb3e1f16a01a7ce4bb9001f04d1b
dop_1926-20_2023.tif	4380115	7139ca2812e897785d3b80e64eddf52a3dffdcfc9c05555aac35880335dfc955
dop_1926-21_2023.tif	6240379	29f833419c16ef8eeb42dfcce2087b37e78c1be41e1b7331f34f3ee5867b19cf
dop_1926-22_2023.tif	6950781	6b6e8ce587ece8c89591209aaca993df49d320c6b77afe1fa87a8a49be1aaddf
dop_1926-23_2023.tif	7672116	0bb46209b2139c5411197d1645e33f8ace13ab80241fecdf355c8bd1c8337d8b
dop_1926-24_2023.tif	6591274	59200a0ab1e7b75e2e50631e8b9a680f6cf038742a1aa017b02bd3e0ba724e2d
dop_1926-25_2023.tif	5343605	555868bd065ee9556c79c413dca2daf79060efe548275ee7bbd20206fc8b9ede
dop_1926-26_2023.tif	4266921	a5b51bc40dcc3075c76efe44d02339a9e0ab6a2b0e8aa4a320f1b9df37435614
dop_1926-27_2023.tif	5829456	b45e759220c8a062083cb994c61abb6aa0c4f526a39c1ff0e359dcf115a9e4e5
dop_1926-28_2023.tif	6567462	1464cd5812a3a737a4ab6135e7b2e2087171d4fde73b23e43db7cde393e74a26
dop_1926-29_2023.tif	6708513	13af2891984692b55773168ccfb0dab8d50266bc2e53b3decca6e80e36f433c2
dop_1926-30_2023.tif	7569608	5563634569f24481a1e3de4090bee67af5888b91368095c4cf3857e2f78e2a7b
dop_1926-31_2023.tif	8655216	74656c9636b398bfd4de3f1b36a98570deaa7fd12d2a893957b68ec1894fd59c
dop_1926-32_2023.tif	7443356	52e6766f12c4e1499495b0d51ee5512aa56c72ec321d4c075c582374f5aaa92c
dop_1926-33_2023.tif	5879757	e2153d4c68ddd67d80874c6041a25c95b667a4e56afa3bbe8293e66515edc56a
dop_1926-34_2023.tif	4968726	bbc433b8c47272c838528d4a9fd431bdb71c3da635142ddc6f7efe9acc22b4be
dop_1926-35_2023.tif	5713025	ee0cf1bc893f426e21db1d12dcab033f0a1b8261b9e4a9e95e45abacb4f00e23
dop_1926-36_2023.tif	6862518	697e923390b45098ea2a4334e94883b35c16d280825387ca0e26b5a5b0dc7118
dop_1926-37_2023.tif	7482242	ab830d78dbdfb74af3aac5efe672bf630dfb1e36f0cc47aa40d584f99f8fdb9f
dop_1926-38_2023.tif	7961584	561cd2dc6efe0b8d145ce1336bb1a41778c3ea22bbb5a2bdd9b68853e37e35f9
dop_1926-39_2023.tif	6848962	9c503c22c7a7497323a114814d4bbb6051e14a7a99b073c138a2b298f3f90639
dop_1926-40_2023.tif	6857923	1f39c2f1e4a20b418101936fe602e41f4d594c7a4239bf50b2a2148082c98a17
dop_1926-41_2023.tif	7134048	50043059a8dc520a502d6b441ae68ae6b6f4cb9525aea46a8df0480abe182e67
dop_1926-42_2023.tif	6023871	e0a931ef79d3679ed880c27c78db67bd003e43e6e75848eee248e207f9079bec
dop_1926-43_2023.tif	5038725	153b169db6c212d7772e0fd707718dd0b27b5f97e46fb00f322422ec16c4cd27
dop_1926-44_2023.tif	5998138	059b8a6647f56c7b9f26b07dabd885bbc974823067db63f289cba5b6da3bfb72
dop_1926-45_2023.tif	6746025	c07f7022bc435cad74e12440439932a831635fd56fffa2741f486f0c30d60692
dop_1926-46_2023.tif	6766097	68f8e9845df81df872a74c3bbfd61250926b83323fe5c5c6f6abe1f1ef6d52d0
dop_1926-47_2023.tif	5746509	868d42e64d1e0d710190f5b9a31d26fdef62fdffbf4bc2f730709b6cdaadffb8
dop_1926-48_2023.tif	5791320	6358f1e7831478801e683bd9e840909b403383dace7c5291a5fd5c99c6aa814a
dop_1926-49_2023.tif	6282748	b0602cea3e1a7e053a3a5953c1f589dbcbf3020c4ed53d5f4bed59aa5402a486
dop_1926-50_2023.tif	5679937	90a7f83442a5af0606e71bdb3733e59321ec0961c16dcc1887ba091dabc05260
dop_1926-51_2023.tif	5361903	3f93d384f5f74d63026fd50f478e15cab527b694f0fc4205e2b887bbe28a2716
dop_1926-52_2023.tif	5426813	9821141e67425f640c5c5f2fd1fd502bfa9849a356ac29b16a939f5e34c2d3e0
dop_1926-53_2023.tif	5127480	ed4b363d06594fc4b87b533f4c8a399afe9122e41992785d924da8922f89ca3f
dop_1926-54_2023.tif	4813064	3c2348bff9122121c5af6ed5ca3246e1bcbdd1f304a38af28996936cbed80e4c
dop_1926-55_2023.tif	4813356	e2411c732e8596ada6c3c667d39ea95795f1f14b12bc4a0e08d8ca8f4044cfc8
dop_1926-56_2023.tif	5567329	b56c95086824253220d6df3f8bd2abcf606a48da3bd1996cb81c58490eb92de2
dop_1926-57_2023.tif	5280009	f45314dd738eade7d4ba72c8b7c779c42d2455d10dd02b8e290495972b1d1e77
dop_1926-58_2023.tif	5507210	ee9501d2b86ffe6cc824b139b1236624e18125091ffbdadad8c2ee97c758a9f9
dop_1926-59_2023.tif	5647945	7901f007ccfb3f046f7b30dcaeb53ba2e0356cd4a1e8395892725c9e1699de31
dop_1926-60_2023.tif	5830508	71c34edc5939fd1427457769e8ae14a71c0b39eeb8f192208fc4dff4e102c7bc
dop_1926-61_2023.tif	5743961	d85a42c022db05a22802adb4d58ee03e418a15164d8383d646a85f86da761be0
dop_1926-62_2023.tif	5636709	213f5e4bfd73cb4f1bf9fe49a7acd714a22a6102604e080c67de84f7a69cd1ef
dop_1926-63_2023.tif	5659069	42e3ad1a3d476a8652006b31e82cbb56d347d5eb057ec229ae6e6a0101401380
dop_1926-64_2023.tif	5448901	efbe72ffc297bd9e1dfde7b85e3688cbf9dc54ce180845c2106453c97283ee2c
dop_1927-25_2023.tif	5787835	3bfff79bd79ce075b09213886d060ec9a429f7b7cfe7026d6cf382456c9806e8
dop_1927-26_2023.tif	7464373	84e1607b46800fbbada0e0c33c86f4bb72b19835d6f6c365a9d5cb6c60dfdb13
dop_1927-32_2023.tif	6050582	8592574c965cf12f085aba81b99c3fa20fadb3399c4b461a4a1b6228ad12d50e
dop_1927-33_2023.tif	5395239	9839181d98eb9c9c2f2038992d6969d953529bd4674bea4136fd25c5ea8e419a
dop_1927-34_2023.tif	6044164	1638fe112572360d5a72266997d5439ca7a0cfc7750eb4e805759b8f48dad57e
dop_1927-38_2023.tif	6704290	13cdb878875fdf70512d0e050bc24f76e2c8f60f9b6207cdd0e0ae8a22d256a8
dop_1927-39_2023.tif	6363293	ffbe9d20d82ad798604e6f082758641a3be83b0ea95356e9e552cda769526b6e
dop_1927-40_2023.tif	5531505	56376f8a6f6ea5ecc424fd95891f2fc1ca4bc9b64469d8c0158c69c3b8545a55
dop_1927-41_2023.tif	5357356	c97048040bb23acfc2205ef54413d0d290b9ba4d9f904e2c5ca950835d189d72
dop_1927-42_2023.tif	5512137	07e555b295c2fa99cee3891da10bc65e203cdf62453ce77c848eb6b6b5fda4ad
dop_1927-43_2023.tif	6543622	9d07b0e954ddd6f8b0f6564fb158c198d272785d5ef8d6950d263b69fc1a9367
dop_1927-44_2023.tif	5891333	7a2d8925503d7d5dc40939c06ed7a07dddf46ca26b20ede8f50bfe99f9eb84b4
dop_1927-45_2023.tif	6190791	1e8c3465031193db52d19fc13b84b16ae2847a7c6a16ed5c90dc56f45007bca0
dop_1927-46_2023.tif	7610987	6c9d6588e58152052473e346360e4b482304cce1848fae79a5559db8cd6a826b
dop_1927-47_2023.tif	5892092	c7a6c555e8f8bbbb59cebe6d3fcb2091bb6437cd9570f02501c3148ed4fedfaa
dop_1927-48_2023.tif	6034160	a0cd8aaad3ec65b578c4f3558d17dc4ce120f70d76ec923c983949daec2e5e8b
dop_1927-49_2023.tif	5460257	8b31cc0220ef28d395bc03ea2d3e7094077d4db753bdbdc7fedba75f34feb70c
dop_1927-50_2023.tif	6128339	1ae2d81db0a4c96e698c1329d2c3e143717c3aa8ad1fcdd1d8a420e091384dd2
dop_1927-51_2023.tif	6029795	5b49fee28546ab9cbbab6301906b45e33036bf46650b2e4616647b97d7c3e2e9
dop_1927-52_2023.tif	6495747	0b9e2d0ed2926d7def10f5cfcef86962e99fbd7569114dcb7a12f3cc122d2b92
dop_1927-53_2023.tif	5849198	1be163194be94cacf9698d3443dcb08031b3e03176a0710597c86962a234fc64
dop_1927-54_2023.tif	6352419	55e29e394ac8de1c07260a075d8e4e2cbdc705b3c2774e58c00dd6d9abd0faba
dop_1927-55_2023.tif	5973273	baecccf431237c82ec8d034011ed2069e927d1fb790349eb7d3601e1d70b33ed
dop_1927-56_2023.tif	6185719	eeb185d5725b009227d4b77335a5d9cfa9b6ded33e9c62a5d647736ec605703c
dop_1927-57_2023.tif	5659935	035fc57ad2b53dbcc46be576b07ea954f356638a55b6d300ee811873d491aac1
dop_1927-58_2023.tif	5766639	d795f9c9fe3734448efaa2cf831c16237f41cb8f6b85f73144d49e9a6fb85ee2
dop_1927-59_2023.tif	6198111	dfabbada82c833d01f79ce1f3791fd8d9ad961325d549d657fac1a728b7bc655
dop_1927-60_2023.tif	5936063	6a920b46a24fbf3d775f5200a6e521640cb1fb616d237391323f168481432601
dop_1927-61_2023.tif	5624313	98b3b2f5bd145c54449a9009f0f7ca02ad74b8350605683ecb1376bb2bd900ef
dop_1927-62_2023.tif	6471224	f0338d63061c6eacef3f5ed10d985617572a5e3cd0dd0d664413daa4b9096ca4
dop_1927-63_2023.tif	5288170	257be413f50271b9fda44b64d4f9ad890840affdb81912b69b75575fec77f4c4
dop_1927-64_2023.tif	6308216	c2e073d356c402c38e90c4e07b0d97262efa4973be6c8239d260d262eab32033
dop_2021-01_2023.tif	6744620	22fdb2c2154157e41bd1f6fd4b439882422e31fab85cfd576b966a9c138724b7
dop_2021-02_2023.tif	9050819	29e900c65d7d90413bf832b17e47ec926246aca94f998ee319c31e3605595671
dop_2021-03_2023.tif	11102418	157c06c6756fbe1b41823fdfdfa95bb779ef655ff81bc18a179514835aef34cf
dop_2021-04_2023.tif	10189335	4278199aa440373606de725a6192a78ee9c42f48e7e4a54191fe8232bdf99e38
dop_2021-05_2023.tif	10735891	c8717ef95e9fef6b4a407ca20de21ae6515c789f46a2a037227494ace560f134
dop_2021-06_2023.tif	7998593	1f02f68fabb5c7d7c353c16eb277fb9ae5479b5ccb0a2c9f7bdd45edf5360f09
dop_2021-07_2023.tif	8015352	d91dea07ba5fb56b90d560a334c450bbf9d7e2b5227b555842858d32877a357a
dop_2021-08_2023.tif	6571008	a0ebe0c7ee5e8ca3ce4285bb8856c47bb7652e709691e1185a3960293ab3b3a3
dop_2021-09_2023.tif	6516739	333a5df4cc576344e30d3f7cbe12bfeca2bb5dcc614d3af06e8059447a82ec57
dop_2021-10_2023.tif	7808691	264fb77e0f3edfdf05d50c79dd7c43017041ad1ef3f49db5c84a3c1e3ed5f6ca
dop_2021-11_2023.tif	10158402	55a997b3386ad088887bb3c1a7c397bc07fc93fbbf36d8de34979bf9eb3c5fee
dop_2021-12_2023.tif	10513691	4e1bd1c945db437be99ce5ae00cd951309ceb73828da8228332cdc13a5950418
dop_2021-13_2023.tif	9883088	d665012cca389d2ebc2c96025c8d52fa7ed9c9a790173cce86b5c15f295d33f7
dop_2021-14_2023.tif	8965399	4b06e11d4d0eb3d2d748e2a50f723162ef7a1f0d1210b161113c4aaac7a2c474
dop_2021-15_2023.tif	7184085	8f1a5752503111afc949fe79e73e4b779e860c995763bc8e12edbb0ecb58fea3
dop_2021-16_2023.tif	6467020	3f8e16f801e8d5addf0ac061079f7932b8fdcbca1e2de8c2d033e0eacb1682d9
dop_2021-17_2023.tif	6592640	5e2a0e52c13083c76c13b15ed60dd332e932ee4a0b4a6ba96f3b25760519e9a7
dop_2021-18_2023.tif	8434727	0a738e4172f5f18c2b4675124373563351da0b0c1bbb16bbeb106e0180e15b02
dop_2021-19_2023.tif	9745699	e0d09258dfd9f7bf76fefc9f254ca33aac320da81f1806f975618f19e8c58ce7
dop_2021-20_2023.tif	10481840	41b261fd8d4d92f49f5902aff934980f5f38c17fa601d075d244ef454d0ec240
dop_2021-21_2023.tif	10933736	73a925b28ecad8e81c43747bedadc3425697dcbc927c7b7a86d35d2b54dc36d9
dop_2021-22_2023.tif	8712360	617fec19b5eeb6b658f04b1532e187f7808af18e8107dca4707c958d868de516
dop_2021-23_2023.tif	7015690	fdfdd7c2a444a196d066534540109e2a8895853a238c9437a20c011126fe466f
dop_2021-24_2023.tif	8415741	960041376f42d950b6914164b2a1b5bb4afd9cba3933961696704f4454cf9a71
dop_2021-25_2023.tif	6746385	1ac07da7be10755e9839920a6e2e099d4fa819e96eb2821b2e3032adb5a7e117
dop_2021-26_2023.tif	8554260	ae5fcf918144dcba87ba40885c05dc9d9b231974f8e8f5a39267a20d4e68ad8c
dop_2021-27_2023.tif	10060420	cd260a142a7100a8761a2637b41b043b34f4edc92cccc6637a5fe594ef3d7459
dop_2021-28_2023.tif	10302449	f2924a77d7b597f312a9c1fe832776679d6cc04d6ddd37c67db5473dd3fb0722
dop_2021-29_2023.tif	11554320	4e5ad40baad010936cee22a246acba7f6ee60b103bd79e7e20cbbb4ade15d23e
dop_2021-30_2023.tif	9573044	d7b0d88fbf766f20ace46613a830856caaf116fed0303ecfe293dd5211eaed40
dop_2021-31_2023.tif	8412796	1b69020e45035bee015af5ca526c634cdc4c836e546e1f5dfccf3fe95dd55117
dop_2021-32_2023.tif	10472471	50d211c79be21beb8a5fb3f552a881b229ef570681193fb16baffcc506885477
dop_2021-33_2023.tif	6398889	3f157fff7346774ef5466d10faf35ba0122ec13db723962685ea4c8cd003e095
dop_2021-34_2023.tif	7519383	ebb80b67ab3b4448bf0505e1a6fc80286169678e28059fb86485fc3076a0c594
dop_2021-35_2023.tif	8592217	0b76282a19d5221d5140125cdab3674dbbc03f59bb9da886110f4d2aef60f552
dop_2021-36_2023.tif	10890432	6c1f16faefacbf4136b75b26d1213a36343b953c8ffd09e75f21dce4394a4d62
dop_2021-37_2023.tif	10044253	db709e74979e1da2d22a869997d0a44cfb4c5f531085d4bad8243b8a0122a155
dop_2021-38_2023.tif	8333193	bcf4617250e3111a1931e96b5eb7028036cd762996fa02c517b8ec9837c068f8
dop_2021-39_2023.tif	9227552	b96c828445c74711734f7f8add112baab6c3b94cd8fdc0e8473af28c8a246588
dop_2021-40_2023.tif	9991901	359b2a4e96c85b3068675071e51c1dc3f50ddfab6d1a64a148cbd37f47a8aeda
dop_2021-41_2023.tif	6281358	0a98550aec9e47fcf4e191f48269ae6f9ee0954eab0a65b3c8857cbc712be5b5
dop_2021-42_2023.tif	9134752	4ac39d0aa842fd4f33c8b992cadc8aeaa959faa89283a3bc0b6a55ebd71fdc1e
dop_2021-43_2023.tif	10721401	9ad62e8fa8663dbe6a2a34e1dd5d91a7abb240b72ea79a7036eb632a47aad577
dop_2021-44_2023.tif	10646882	2b8dae9cb07d5a6185d0aaaaf86e14c4d8c0d698a10a7abab64eb274dfb14afe
dop_2021-45_2023.tif	10225825	bfb998ce437bb39d0123938327e28972275a0da152a3cdc0fd3c8dc8e412daff
dop_2021-46_2023.tif	9935506	1a9334f1c9511fce0077830bcf19a6b493c6045f13c9cbe1a7a70230a800508c
dop_2021-47_2023.tif	8785915	f0e4c1d3282190375efb4c673a88db10681b9acf0f4da0995cb80072ddc30c33
dop_2021-48_2023.tif	7444460	210e6a05ba131252028c3f2558b20a0524724277cefccb39b6e9a17e06507a04
dop_2021-49_2023.tif	6569456	01d20d0b515e917e36239bf788ef46884080b2cc30b213eb965adda5a6b53a71
dop_2021-50_2023.tif	8820305	47c3baa6b1212bce9e00c5f46e4c27707175a92160c77f2a59d7d7f6748ce89e
dop_2021-51_2023.tif	10454380	99b94e248c3bd5d9f0bc43802cc01a31e4708ffc3c019cd32ec7a4deeeadc13e
dop_2021-52_2023.tif	10539618	96b2264fe2453ab4ca6f2610941b6259a7ed34aed3cce526f0197086166e37ff
dop_2021-53_2023.tif	10326742	b91a05b333e773c5243c620cdfcaed9d4e10455946dba5e34a5cbbee0e74cc0c
dop_2021-54_2023.tif	10895765	162c2b1312b9d089c26fc79dc4998af753fa5cc7a1ead41e220cf9ce20865479
dop_2021-55_2023.tif	9001931	222ef06692f62847eabc0ca491c92f85b08df4c89860206fe99656720b680214
dop_2021-56_2023.tif	7652767	6e59ae08a4431eaa281dc456908320a009181bc382e1b3beb5ddb7b8c2caf7f1
dop_2021-57_2023.tif	6450769	c7057d8959ace6308ee34edd2ff4c4df2247fa77ae32f048882805b0d76c10a2
dop_2021-58_2023.tif	7512180	75bfaec0adc9bf855570c5d451811b3cfe4e17d557c325bec04ec6342d5b30b3
dop_2021-59_2023.tif	9028308	011af39e0fe0ce19ecfea479286080b73cc17f14e4bd2517da14a2dd9b234b4d
dop_2021-60_2023.tif	10163658	35d7902777e13e91bd37b45ab955b1704d60717bc4a2719404f503350363e7e8
dop_2021-61_2023.tif	10765464	c3a06d113363949d541e63181670483417cd69e603edc2018035fbd8fc41d527
dop_2021-62_2023.tif	10729397	6903383cca773cf99e5bbf7dc03857be23f13e96a1b2206c64b9369f408e96d3
dop_2021-63_2023.tif	9125693	c696921ba13bc78e4a000e886b9e28fdf83d0ea1a3ada34b00da7481376eb56c
dop_2021-64_2023.tif	8554081	5fae30f559e3d9e14b5b2d55c20ae5c28ee753c5b8c1849068ecdf984ed4a783
dop_2022-01_2023.tif	11296976	5b76f31c8aee3af300a72a3847fadec09fb1400247d558ee9ba73e4c04760174
dop_2022-02_2023.tif	9013994	766cd2308e9761773441e183a095ddfab38f8d965bcbdc5a16624e5fc3b28686
dop_2022-03_2023.tif	9197075	b91716eb7a9b8fc95ed6a11b05b53846127f3b14fe60fb85de560a88c69cc732
dop_2022-04_2023.tif	7513787	08ea6818da64f8bdc61ad66f1949a1f7f973820afc2ed0f84f2a88dd5d49b6bd
dop_2022-05_2023.tif	7408784	e7325d014458e69369b1147f51a300a9a9fadf8744e904d496eb40b8129fbb81
dop_2022-06_2023.tif	7288142	4ea0c4e012bb3d2c1495ab50444282c10eb467b4a96db1b334125a1dbe230dae
dop_2022-07_2023.tif	6278318	efd53d5f590fdfc620affe2d6fcd85a2a0177903e61d98a61f9df2ee1cf9b869
dop_2022-08_2023.tif	9720922	638ebac5782e74548c568f1e67420dabe64510db9793ddd156476f434de8719d
dop_2022-09_2023.tif	10027592	328cc55fb5c2b4fd9c46fe5be8d677061d851081eac6895e2e3426ce6be9f9be
dop_2022-10_2023.tif	9426988	b3eb23988c5bc8a33229bdfa2ad41a55fe240f9ab707c5169b4a56fddf6e8103
dop_2022-11_2023.tif	9183217	9ae4c28d1449296708241710a168094dfeeb7d80ed81329d8bec2d9b1d6bde19
dop_2022-12_2023.tif	7400884	433651abda96139dcdc92b49e5f2a9a78b12ab20a63c8988996cb1f5d7d6388d
dop_2022-13_2023.tif	7230293	cbf91bc38e86de848c032226dbecf79ff74c3dcb1ee6b2b8db457a7f0e4b8816
dop_2022-14_2023.tif	6554104	f429978c843850588fb36de3ebe1946cb5521afcf808603db5ba3021b550b09e
dop_2022-15_2023.tif	6988719	eb32fbc7a1ccd2e1a3dfde449442214e0c4c2625395bde1fe3a429caf8960d85
dop_2022-16_2023.tif	11000748	24571d607a884493d00af556c5f2c5eed7bbabd5ae635bf9748309c744e68704
dop_2022-17_2023.tif	10468343	68cf1cc3aee7289047ae930630dbb3d29e66b7175b34c229fc6b42c487f222f4
dop_2022-18_2023.tif	9437731	ac2973a1b18f62c1126a8642e1e3a97114e663e41ddf299b04b112b1bb6fb8fe
dop_2022-19_2023.tif	10800371	b05d2af17d86601679529c78346c4592aa1002fb5eb866205724522652e4a2d4
dop_2022-20_2023.tif	8472418	d71bb10d1fa69c6ffe6d1eba320db8b6dda33cad11d81a3a80abc2a974be124a
dop_2022-21_2023.tif	6721571	b1151ab27745804aebb21d79aae5f7596888619efaf5112af079b4b3927884ae
dop_2022-22_2023.tif	5271689	b73508f6a750862e1765c34ab10197ebaee6d2f2dcde1390bad069d56320ad75
dop_2022-23_2023.tif	6376289	118bd3535f59c2807b24eb11f93c4f5e4598cda2bc6107e4e1efb54449465a30
dop_2022-24_2023.tif	7961312	a9acd1631165f08b28863495e0ba44362ad94999e56915988429e422172b498f
dop_2022-25_2023.tif	11209077	a4d5678b462c4018d05e7a1e53145cfa09460201cd961f39e1d35d97582372b9
dop_2022-26_2023.tif	11174293	34347d3338bbad782d3002f21a3928e3566ff9661fdc91d341a638085f9fea1c
dop_2022-27_2023.tif	11163606	8a7b9f922afa4fd95b67c1744997d10505aefeff9b720de4a9039cf2ba2bae3f
dop_2022-28_2023.tif	9002488	97bc034a16d4ce1994b416bc5adca4f687a68be53acb83f2f5559b001aedc56b
dop_2022-29_2023.tif	7277711	fdba6c2a58d1c3604caa6a7ec0415283fd5b072c6ad51a35b10214ecb96087fa
dop_2022-30_2023.tif	5760187	7c8e3a97157d75f393f47d7968d96e516cc9c1690fbc29e8427e06d35e30ce66
dop_2022-31_2023.tif	6372723	12242f6bac54efab2afe5d062c35793ae9a74589fedf4b69db822e8fb43e89a2
dop_2022-32_2023.tif	9122837	4d495706d1be5e8b96534d30bc5e4dcb611114c17980e49234e71d59744c69a4
dop_2022-33_2023.tif	9807113	bed9486e5e4e5befa7de84620594168b7ced86e56a1a3f164e0753d187152f09
dop_2022-34_2023.tif	10807246	7219f9433319ed9f6229f959a53977fad0dead21671419fa0f38d9943b65780a
dop_2022-35_2023.tif	10019628	4aa92be75b8dbcd96b17d4127d9f367ebd02e70c8aa2d9b85ef3462353a49143
dop_2022-36_2023.tif	8668248	f43c9c3b4a948b4a0f347aeaad78230731d2f49dbe691cd33b18b30f77530cf3
dop_2022-37_2023.tif	6989267	cf4b26b05b746395a9eb120cc285ee0f21b06cde491c72b4336c69370b3acb55
dop_2022-38_2023.tif	5720853	9bb02cd982255ed36d2708fabd6ccbcc837529117b5e8ad5d846970ac9c50a47
dop_2022-39_2023.tif	5996981	02a4d7396f6f679217ffbd3bfaab61d6fc48a29ee8e0e06698a2adca614c12f3
dop_2022-40_2023.tif	7333504	171ac5d274a016c1c98ffdf4adcddecd7a266352abdecefefe04355df94b9277
dop_2022-41_2023.tif	8521780	29e412b2495c2f0b85c39bb3a8c4f0024ff39d4ecf7be49dbacb0096869143fb
dop_2022-42_2023.tif	11013282	05ca963c2cacf305046d5a82a485bc157fe554d885947c08cd321cde8f34301e
dop_2022-43_2023.tif	9799226	e3727aaaeb7bd375bd0a3bf21532e54600d2e4e00de9523da87a5dd9dca08a91
dop_2022-44_2023.tif	9041087	f618da4acd08d69aba916c2fea0410f409da84ccca92ad3c71d24d34b4e969f8
dop_2022-45_2023.tif	7066804	0b40e920dc080897d22e3982cbe973b1db53d9e4369537fd86bc5058b47df592
dop_2022-46_2023.tif	7430646	dc24145b64625d95867f0f984c66bbc3c6e974430e136fea65892bd0d656782d
dop_2022-47_2023.tif	5883017	eccc1ddfbc23227d7e396baab17e01cf0b24ec5b6c89d9c9e327337a894bd35d
dop_2022-48_2023.tif	5425011	67e76aa98602465fc267b2a354ff1519114a0e128c8e8dfe436e03b468e995b4
dop_2022-49_2023.tif	7902991	c70fcf9cb71b1243ba9208ab460cb56cd8cf64808243f405f78562fdb2ddf93c
dop_2022-50_2023.tif	9759356	e9e3c6e1d5cc727483eb8fc03b777fb296760b04746e061ab9512248a2b41df4
dop_2022-51_2023.tif	9908839	b68771f212dcfe045c0e0feb189f15bf38061ae3c348fd73b21de684604fa7ed
dop_2022-52_2023.tif	10768116	9c2193fe5d5df2eb0bb17cba5b9762e33fab7f980a7809763c578ee7b8c6078b
dop_2022-53_2023.tif	8897707	e27de152de925168416de1dd0dc126cbe1c16fbccca59c927659a59afd4f9d59
dop_2022-54_2023.tif	7676946	24f04fa159aceb8ab1bfeff6381d94b78491fd6bf3b501e9880bdc73226ce963
dop_2022-55_2023.tif	5426899	cb3bca2648e580c4083f8f5e8cdc6418a8f2322fc8e5f4aa7c33969d0fbbfb50
dop_2022-56_2023.tif	6943410	0b6be5d1c5c79ac70449ea3b746d031da9f9e56bb48f5e12176c6da382cd3b89
dop_2022-57_2023.tif	6945146	56300f71b6491c0b224682de6e2f38d9e933b8e888db279431ecd6b8697b4a26
dop_2022-58_2023.tif	9995812	48a2670da68b8f5c1cc8a9aae9ec8ea7400be40255ecdcdfbb804cb2cb1b250e
dop_2022-59_2023.tif	10501843	6d91ac183ac62e1bb5cea42cec2cf3985d6f89bfc0778daabd33d77cd5edafb3
dop_2022-60_2023.tif	9033082	bafa9d3d4e84d0b62ca6b58bf2bcdeceb0401ff8b16243c4f97493361cdc48b5
dop_2022-61_2023.tif	8076955	52273501afec003cfd950ebd62635b50b9e34306b92b18a713cb4e6f7fc061cd
dop_2022-62_2023.tif	7197972	72d6ed39a5ed808bc531fea0a725f491d15b2175dd79da8f28da152dfa6c9a9f
dop_2022-63_2023.tif	5697976	4066e6cbac3c804a9ea67013b798b4f76da5666f2391bd7ea3d4e9e120e0e990
dop_2022-64_2023.tif	6589987	a6331c8a7d56acbbcf5cc752ae1a8f404b240430ce5aaa8dd1d29b4289094339
dop_2022-65_2023.tif	6821512	238229c18b9bc617fec41e4a3c817767eb0682c284c8e8da96f74730c5badf77
dop_2022-66_2023.tif	9578290	3360c1ba595a6a4354ca51decc760e2ff896b5ddce139e185123465a58960b61
dop_2022-67_2023.tif	10606475	3da49abe59aa695429c7af7f36af44d2cfb99eeef757fed95ef0864331e4a0de
dop_2022-68_2023.tif	9686606	d6b79b50de3cdf27fb66169e5c09a32f73f42b3204045c98f11a443b784e1569
dop_2022-69_2023.tif	8204390	bc7968f36deb5380bd576cf448af30c4f913f247ffc2a9ac6178dd58360faee1
dop_2022-70_2023.tif	6989058	15a1351ac3a718f0610084e075fd4c75c12abd1b970e18575a0af8f2a4ca64d9
dop_2022-71_2023.tif	5715640	ccdac4f4439cc669b8d8e4355fdd878f3a8eb4d855c0859eeae4de6a7849981d
dop_2022-72_2023.tif	6781790	a571aeb388518d41a441fadf98b46e7f83c3dc140a40b59392404a2a6912f47a
dop_2022-73_2023.tif	6579410	ec7a60c1621cabafd26027b5110d39cd3de8c54d8a148252e90a32929e07e776
dop_2022-74_2023.tif	9038248	80a8b2297dd2c56cb11fd3a8be3552d005ed17003965d711997f1d9218f73e04
dop_2022-75_2023.tif	10327001	cac7c5ddba845fab49d40b2044d2164c0d8c49219e425c615e1454764d348664
dop_2022-76_2023.tif	9926507	dbe704f265bb3aebeea59407ffb49109c2cc7e574f00b9374431f9a23bad80a8
dop_2022-77_2023.tif	7839662	e20ccc578c9e09c726d40c5f3d4c3011273cb2441d3d3dc741bf0c1507043c6d
dop_2022-78_2023.tif	6911239	598ada4688284163a65a0f864d15ef236dd0c5735187a2ed18a505add5fb7e90
dop_2022-79_2023.tif	6121975	3c318f20eaf7f93e8229d263304f3de5b275e8949051f17acbb1122929f83310
dop_2022-80_2023.tif	6509195	5e2d108e869a2fdea1f323090f5dc0e471c2249506813b63943ceecd4c69473a
dop_2023-01_2023.tif	5940894	21ea39713cfac222fd0e2c126c06a68aa1f8aeee82111b4c3b202959051765e6
dop_2023-02_2023.tif	5892296	eba8de679fcd11bc17cd8e9b1fc6d9eea35de9dc94ecfd1eb36bbb8bd43d6466
dop_2023-03_2023.tif	6241982	9cec839abd148f15172ba15cd35fd754043fe2579820215a93e6705741164254
dop_2023-04_2023.tif	5813181	5966a858c89889f9cdae0009836d5911dec2e1c2b3698959a2c0f5e73da8a710
dop_2023-05_2023.tif	7677488	03a852dbdcaef0caf04b06594afe6d81900af7254456f4c8e1053a7e82db7bce
dop_2023-06_2023.tif	11499061	5e286cc006286a558767215b6bd53e5f3a8dfaa95a190e869fcde79d3f2f795b
dop_2023-07_2023.tif	11035819	81ece932ac38c61c8ce76a5750562244df39319efc3a921066ad1332c2bb787a
dop_2023-08_2023.tif	8820756	6cd0474fee2b05c87f13088de435e5e28ed4379ad988158536bdf49d911f839b
dop_2023-09_2023.tif	5988038	5880bc038e514f024fb1fc85aaba56c8153a4259e7fc1a7ed07ea53b5b06543d
dop_2023-10_2023.tif	6208677	eb1a0c0d8ec0336c2cd46bea1089239929870308e0ca182f364431e73875d059
dop_2023-11_2023.tif	6369443	55e5a088d0a44067d81dc10a2a88831fbe915df564678f6ee182d9c5aca4176a
dop_2023-12_2023.tif	4201772	1f4fa1e2739d296b8e09ebf63a8f76f967ef80433c62c528c5ac5fe7496c888c
dop_2023-13_2023.tif	6070499	cc02267da3fb33b7366cffbca7ffbe3c43836c64df58a9f092a31d0d1d54c6a2
dop_2023-14_2023.tif	8714090	cf7983c974f8f1b7831ff1cd4a997b1efe8f684bca3be988346781d0ab7e6a88
dop_2023-15_2023.tif	11736367	4583fd0935bea8f6adde08c308211d9375d881208d87412e747e574008792808
dop_2023-16_2023.tif	8919226	f99b7aee957607d60bbc61060ca53efc2c3912ef16ee1da3c0820498319dd729
dop_2023-17_2023.tif	6732391	fd819a8f487358f7b51040581da8e24a529bddecb253e15d07d0444b7c53c65e
dop_2023-18_2023.tif	6929237	e1998f568039e4da0ce2922f4475ce8df3ddb02764ec0ade2e29c6bedbc3b4e4
dop_2023-19_2023.tif	6562138	2f7b945a6e0649dd5c979ad198a0679b59540d0a5aa875f52ac4c42f2d5f83c8
dop_2023-20_2023.tif	5620524	3e991880086ffa660d31f633401786c3107bf7e8427ba5a4de527334a0c21f50
dop_2023-21_2023.tif	8715096	27188996273569c0c60a7aa0ba2632989214228a8c4fd86d752dd363e34f5baf
dop_2023-22_2023.tif	10402335	373979d264b7ea637a780151e31e1152b5d728425a7773b969e7c6f25c451c10
dop_2023-23_2023.tif	10295893	1865e962aeefee641dd4e08dc4aff8273691e0805f7078b82a769f89f80bc0f7
dop_2023-24_2023.tif	10703464	322a62ba106edbc7be238c68ac8b66ae05b633afa9d3f31860a2e9af3971cd68
dop_2023-25_2023.tif	9303128	d67e40fb039582ff2cab048b4ba5472012040a231af9659a471cd9117a732dc6
dop_2023-26_2023.tif	7772108	d46e59f5ea00f98b8eb5234f18c7b1de2e9ecdd1ec6fa641523bb57d1277795b
dop_2023-27_2023.tif	6697656	40d1fc365573b3555a5fa64562074cb6e56f17d0e18e3b53ff01f7f6e52ac254
dop_2023-28_2023.tif	5148056	92fcf2b4972c52bedace8afe06dda74130bd691032a97bb5b18eeb255dbddd17
dop_2023-29_2023.tif	4839774	c869bbc36b3d228ca000b7042f9002d6633a837005624c3539a018c7b3f62e8f
dop_2023-30_2023.tif	8693257	77d3aa4026d9ce740048e1996d3c01609d45eba9cd180d500257645e75fff44e
dop_2023-31_2023.tif	10272530	1470dd07a38c759aaeb7be61b3ceb6a38640941d1c643a25c6bd0721a6307c88
dop_2023-32_2023.tif	10683635	17fa3175f30664f05673eb10e3cfe045f1b163dd7e1ccc8faf63bb5b11d7eea3
dop_2023-33_2023.tif	8308698	eb0ce83b6a6acb2892431c6a95c23657b3d1de4af2bbafce75e02c9547228e08
dop_2023-34_2023.tif	7441101	b912f8c295d43b63bfa8bf2c54751146ffe023a2e49cec275573df604f49e67d
dop_2023-35_2023.tif	6656422	fd6cd0f7dde6e39c3c33a9e547496383068497352255d2da126e5fc5bb0304e8
dop_2023-36_2023.tif	4483467	f48847a5b536b9556ec15842f485db2101013566931f1c7d7888151b2fb4e316
dop_2023-37_2023.tif	7127035	bf2b1ad188233210a5cd0b75da518c0d993f741254a179a4ca714341bf12cc90
dop_2023-38_2023.tif	7288560	fd04df29b720cca4c3edf0e16c6fa269cbbf146333a05971443f11ec6bb3fbbe
dop_2023-39_2023.tif	9224816	c273c4f331646996242d0fd7b122d6f1ee67dfbc727ff4328c0ae063e8d7cdc8
dop_2023-40_2023.tif	11622643	63cf3c40838f15c7fc4d523c74cd55ae2c0d05808cdc821230ceda1d0d90cb0a
dop_2023-41_2023.tif	11051867	9b87e12b974c426ca1191ec91b2b9e2836690631c6dadb8d735aa66bcc2198a7
dop_2023-42_2023.tif	8562731	a1a7ffd057be27b91eeec907a035f353e6d4e3ba60972c66609ff3f51fb71c43
dop_2023-43_2023.tif	6976119	8ad1e6a2c3c749ea1c20e184198e89c5fde176483ef96e40ebc8a09d1115aa35
dop_2023-44_2023.tif	5753785	d5a6025b9d16bb40d73cfbe038f103ffecc76533db515ed112fc674a7a1b1b0a
dop_2023-45_2023.tif	5268800	4fa70e3fc69d21531482d357e55bae4e537673f2770f947ff01e1b3cc3338292
dop_2023-46_2023.tif	5808707	24e2925e0534ba2df6d0f49183ed652c4ad4316a9367e541a3506660e48f087d
dop_2023-47_2023.tif	11198810	8c77b0fb1c4bff3939a1125b4eb84e0c35455ee36b85de89f356c07dc4c9efd7
dop_2023-48_2023.tif	11663905	2925795bbb438ee1b6f0e1a9b295e5ecd1d1a4ec648f42dc25b598cce7111580
dop_2023-49_2023.tif	8175249	ca89503de0d6096f1b0933cfaec7480411a410c8490769f9058855266796a61c
dop_2023-50_2023.tif	8592387	b5b0bcbe7547ffbc5e6a8ab8a4b770ba988d0f430d833f337ee283b797f9f5e6
dop_2023-51_2023.tif	7081324	1b293aba39a508f8e009ef640431ce7c04cd91fb643c088af961b45e85c6a2ee
dop_2023-52_2023.tif	5269986	705145d1a47707f3a7d1d782036c174363b97832e89945203786e8c652050f68
dop_2023-53_2023.tif	6090477	436cfdf3278542195a2c6e7132ae134164ed508c007d0fba6411956e94044051
dop_2023-54_2023.tif	5982673	125556c0c11e50e597db1218d83c1ca52bc51e905899c31eb2292f8dcf43f05c
dop_2023-55_2023.tif	8043473	cb12923926515952492f6de5740227d1ca1fb9313bc0319384a4d4327971650b
dop_2023-56_2023.tif	9177837	cb41cde539308335227ad688f121858d85a187c1a61d2e9c7cd7fc54a5a256b1
dop_2023-57_2023.tif	8320683	07b79032e9f0e394bb3ee70f119e2ffb37d74d57d55977bcbcdbcf6829d204e2
dop_2023-58_2023.tif	7465420	743d59bf9a471487a563c11d0d4146fb20c985e4ebeefa9e89505aa017ea4928
dop_2023-59_2023.tif	6666769	f3b89bbddcc88fff6caaa4c3a055e65aebd4ec07b85a3a4c43e0caaf796da717
dop_2023-60_2023.tif	6371878	1d699bb8276f6db1b89102a76f0b15b72ce80eb2a9c06690ba59e36aadea7d3c
dop_2023-61_2023.tif	6177775	35de8e84090f3d5c0bc1aa90aa9bca48732914ade720c23de043f6305a90e47c
dop_2023-62_2023.tif	5786386	7c56b13a4e9b7d8d0fee9b28d765fd58fca9b8064f05473b219863d49f8e303d
dop_2023-63_2023.tif	8326407	2f6c122765f7a7b987e1a07852bd0d7996a88ded9788ca298bb14ff4d29bc98b
dop_2023-64_2023.tif	7301940	4d73de4e9503f96e81490bec75134e36098e64484a893a4995b0073c6ed926c1
dop_2023-65_2023.tif	11102630	961e39557fd57c90a317bbd64aa6209c58a82c01ee7d4b3148c24b176c568db4
dop_2023-66_2023.tif	8582262	0da5ee161dd1162f7c5647fdcee7235c8006c24b5450053fdfa44d951bdc09c4
dop_2023-67_2023.tif	6431843	6548b65ad920694ce0001397d179d5678db02d713b61bb86fb625383efc1fb51
dop_2023-68_2023.tif	7160330	bb97c1ffe0ccdd10defdd14c58edb70f6f5d4ddbdfc9a957689f4f5d3f1e9b41
dop_2023-69_2023.tif	5915898	e30ba55438c255ab81f02f3408bfc1ac4302d34e0b8bd3946fa1dbd222ffdf04
dop_2023-70_2023.tif	7069741	6777bfba545bf9f0fb7163aef7dd72af994dc0ca4714b49d377e67b66d672ab3
dop_2023-71_2023.tif	7190070	23975e56e7429bdff49b03b2a1a8bf780407a78861e284fbb64a2877e0629b35
dop_2023-72_2023.tif	6332256	8ff06fd0dee871f2b0155da3fc878f50da53d6cac777c1222bd5cd774e3344de
dop_2023-73_2023.tif	10806002	d77d93cd91c06a23dedcb197c99d84e455ad8cbd5848623df4d0aebdcd83d497
dop_2023-74_2023.tif	8508411	aad8eac98278e9211ed2a264edc7cc1a8f5c89aeb71bf027844e484777cbf420
dop_2023-75_2023.tif	8004361	cac24c624e7d45ffdf9e2fd7386af4a11bc6e03cd7a254fcf4d3ff2c4a63bfb2
dop_2023-76_2023.tif	7181368	c32eae6585222385f9ef0038f0604ab82c71973536440207986836134b917733
dop_2023-77_2023.tif	7043421	2f1e1d73951750b7cb68e7e23d33a2ef5a7d4c6c331c5a936625542fae36f749
dop_2023-78_2023.tif	6696808	555f44e20d04acbf5b54116df9a503da0020bd800c41fa1fb6771ba04c2086ee
dop_2023-79_2023.tif	5811507	15a87432470e198cc62c847e30343c5a870ee6248911a74f3f2b0c545211abb9
dop_2023-80_2023.tif	7120792	1cc75a168f737c605e1accdc0589958a08b1df96620fce886503738bc01c57e3
dop_2024-01_2023.tif	4867660	43deeef8880e056f624fc9a730d0c31a346f43be8c187a699a9f986d77c0b09a
dop_2024-02_2023.tif	5499115	192e528427c1446ec630a08ca720c0cd82a5a33cc98e1a78ea36c71654b195a7
dop_2024-03_2023.tif	5638238	4803f2e0e7de95fec55f468a588ca462fb2d111341c1673f41cf0a6b83bffd3b
dop_2024-04_2023.tif	4762639	a0a3193eb4a805f608175c60022ccdd93ca95dfb974358cae5f334d52cadb0fe
dop_2024-05_2023.tif	5061556	969bc7dc8447452f3d75ebcb6ce2e617e05b2af31b8e1003621d52f847115944
dop_2024-06_2023.tif	5734984	69e33acf85ba0cebc31962285d8cdc673644d750e12664ddecfcbde48f541ad5
dop_2024-07_2023.tif	5331495	837ab9e1ff915f988dab5c9139b83f9d1e6e3f505a6cb5f6813c376dd679fdd9
dop_2024-08_2023.tif	5348818	5b0b88c02fdbc3652b824278ca4d886d8fa8a2470862a9eae8048f359e2dc156
dop_2024-09_2023.tif	4768711	e2287f2e4b4f27e71e14fe3c025467581aa0cc39453b4944ec0d97c89d69d2da
dop_2024-10_2023.tif	5876337	cc52f70f130018ec580e43183b8a69cbe3b42536c571b51b6075812c48105bdb
dop_2024-11_2023.tif	5476481	0ae144bf1aad4413bf2566199c679309c94af0fc2953e0a9f00c6c14840ab062
dop_2024-12_2023.tif	5332748	fc11c28625a34eac569b68e2ad78dc307d7f8187be9145e224a704b4b495d0c0
dop_2024-13_2023.tif	5752678	efc7b0dc2680db2026e255ffffaf198d224a9ee73f57cbe6db018f4ca08ae7eb
dop_2024-14_2023.tif	5996977	a9eab0e6809bb69499116836a62957ee06877d349a482c91f769f916c93d73ac
dop_2024-15_2023.tif	5529582	0d4b12b5820adf8ae6801da943d34dda256bf989a9dd1ac912bd9a8ba75f2c94
dop_2024-16_2023.tif	5853988	d51232213b006913ca02629b2503974182c5e38b5dc56bc604faf80869bc207e
dop_2024-17_2023.tif	6039141	24226c055e3d32eeea0a741400172ca9b0d81640c07acbebc4035c8e649ca4e3
dop_2024-18_2023.tif	6015593	47307d12ccd94c6fbd33c7e3fbdc42bab601e2026a83b2b849ceb3a97434b61d
dop_2024-19_2023.tif	6642132	72211c55a76641e2e3588bedd3785613113f83c95eb743dbbd256b8f408fc5e4
dop_2024-20_2023.tif	7264932	c2a3e68fe4bda0a503bb1230a2b24c61b42a969ac7b1130e9fe530c3fad3c8bb
dop_2024-21_2023.tif	6405194	72ff304e265b0311ab47a59819d49279a3378a8bc58297dd2ff19ebd4625eee5
dop_2024-22_2023.tif	5455072	ee75f51a3e8b09eef878ec88094a54990f9a108ec335f1598ce7e52eceba4692
dop_2024-23_2023.tif	5069846	1f7711570481fef9fe492d975a5348cc912199c63e611b67713007856f1857e1
dop_2024-24_2023.tif	5192412	78a7e8fa65df991b1b057eb8d4c8e8dcd8c96d6708f330b246c4daea427478b0
dop_2024-25_2023.tif	6417316	3bc92cfade6179c7c58964ec6df834813f33b55def1f37e04df17442b20c3c35
dop_2024-26_2023.tif	6896206	3909b937238ac813d6968c56f6ca56927a54561ddef4e31cdb470b1de8cfdd32
dop_2024-27_2023.tif	5849877	765e6c24f5b9c2702083cd5213c8b8758d27c391581f8c0456430331317e1194
dop_2024-28_2023.tif	5171304	8187511387e77741c969e9b931e9f136cefa83cdc432ed081cabd90f95030778
dop_2024-29_2023.tif	5577486	ab6fb4858ffacd8f3d968bf55fdb0574618840976fcdbe29a3173f12f1fc1abd
dop_2024-30_2023.tif	4198307	048b2908a1e94dbc14e8bf0974f16c9cb32bf47820a534c03ade08b6b9a98367
dop_2024-31_2023.tif	4011957	9ff757e2b0023dc2a66d8ee55b701488c2c444fd8253b5c8cf0bf35c4240abdb
dop_2024-32_2023.tif	4964031	fb130a0e98c74efca899e5f4f8654cdf983eb9a46d1290e585c7f26a4fe3fdab
dop_2024-33_2023.tif	6133679	f8407536e26c541bc2643837f33372c77146117a7de9fb71eb6c1c7f84effc13
dop_2024-34_2023.tif	5740311	0fe36408c2ded3f6ee5b35d72b3e73a12c134b92dfd0fa7523807ce6e9ae0d25
dop_2024-35_2023.tif	4823771	c58dfdab5748262ec17d9a05429e812261066fa026bb688e9124d7fa9fa117c6
dop_2024-36_2023.tif	4341494	be37b1e2bf7035bc44d3f28b4a7f0fee14222d1f2ee56fe227d74da5e0ea374c
dop_2024-37_2023.tif	4179523	ea397b9daa2e2af3bbf15e5c4469b586ece5b1c0e6be7d4475de1a6a7da628b8
dop_2024-38_2023.tif	4449703	0ff57305a461627b87cb4278d97d8482e448376a17a109a941770ecbc68eca94
dop_2024-39_2023.tif	4704561	a2e1b1cb1a60f7db3767f482dea7bc5547693715afaecba6b8fc5a3cb2f87932
dop_2024-40_2023.tif	4719615	818c68da6859839b586fa6ccb32513f1b75a65a1ecb938aaf84ebfdc9010aa28
dop_2024-41_2023.tif	5532875	ff2f44b4a3639951d87a98e43c3aaa847ade26574ac9a2178b25ad3878ec7771
dop_2024-42_2023.tif	5251691	597e5b515bdeaa79ed0aeefc42e9ba004037ccbe4c182df769491bba7555c620
dop_2024-43_2023.tif	4350256	c799fcf4f30d9dd9514e0b294910b5d5b6878f3381342a8497184249c4f79173
dop_2024-44_2023.tif	4431392	b1ba5a8578bf60f5fb11f5d45c5774131d5ea75fba6c2c380d1095034f15ee60
dop_2024-45_2023.tif	4716994	aa5c449d9692fcd418493b1aa72b1ddfa9b2f99c8a3106bdcb8f030081e45a4d
dop_2024-46_2023.tif	5009105	1f42e6f92d6d15bd29458472b41632af178794230070dac79341c079064de18f
dop_2024-47_2023.tif	5568850	e5672273755e31eb10c9a512ccebc7e9697e5cbcfa58352437bf2df81c36085e
dop_2024-48_2023.tif	6924090	83408ef50f684ee52494dd4cbd650f3c8753486a7d4268446ef5e4b309200e28
dop_2024-49_2023.tif	5694354	666744389473243b9e07c21cd845f3df96752d24afe35518c4b8454d0d884283
dop_2024-50_2023.tif	4534378	1516265db2871846617e0f83ed5a2607caefd87c6bf5019982b98d2d740e860e
dop_2024-51_2023.tif	4866482	57a6e9d2a5f3fd5f72238be5d21da81873c105a071684326f4caf0d1074dd6ae
dop_2024-52_2023.tif	5276782	0dc8612fe6f43f538d770a562d4aa139ea0856d2c50faa9b72466d3b17d54c85
dop_2024-53_2023.tif	5934867	47e3b7be3d7f1455ff4285e67062494592094d4a491b3b6a5d5ac9c31d83b366
dop_2024-54_2023.tif	6478910	51af79af3fb5a97425f18a812d9eb534ab892a27f5be4eb135cf0044e2553688
dop_2024-55_2023.tif	7051654	76a0e4ca0bd06a544dd6e4ec76107b4aaa9a01b3d531bb8f30e94ccd4e6a6cb4
dop_2024-56_2023.tif	9086835	12f14810f1be0a200c11345c6a94b8bb9e18d50f6be18794fae5ddc5e35db7fc
dop_2024-57_2023.tif	4655204	7f3da74cd41d3d09941efd9d468ee54eff2e8e83de704b948bb75afe11042063
dop_2024-58_2023.tif	4797601	dd8fd65382534fe3b87a11a2439311d62a26534972ca2c2a462b941366c4ff5c
dop_2024-59_2023.tif	5819960	2b4c2f6091156d53b08a78846ef9fe473f14a386e9695572f4ab8ca0110a5826
dop_2024-60_2023.tif	5550112	4622f5c3fbf3591b612ed1eb87d68c5b1745b0ba0bf2cc3bef9d9599081418e7
dop_2024-61_2023.tif	5864068	3ed412bf3b342ba055397387c9f6bf4bbf4467bef05bb07f538104f9cf1c9d03
dop_2024-62_2023.tif	5271884	32e66b16c183a6b15be76f7af13cbbc093b1fd88cef9dc6b2853c8942cd4ba85
dop_2024-63_2023.tif	5827843	4a5570c95453b4997d34a165dbaaf7c4a0ade6679b41050fa92a5aa6325fbdd9
dop_2024-64_2023.tif	7545320	ac55d0ff7d92007c4aa3d2fedd51e7a956d7c6086178fe9a8174be5051504913
dop_2024-65_2023.tif	5924636	fe2f8669eedca80da19c35a7c539db1728168e5bad7c46a295dcf5a0633cce34
dop_2024-66_2023.tif	5947170	2936842b8f561d06439ba0abe9083b0630c41e098be6d21aeaaf68977a3a8b7e
dop_2024-67_2023.tif	5002238	578d4d7b7127d034ef1ef0e5227c97a97030eb33b1740ac69a578edca1cc8756
dop_2024-68_2023.tif	4933357	b85eef608a021ab99998902645d62991eb63d0f2582e933457e7637608192421
dop_2024-69_2023.tif	5483842	b8d762e9b0c9d5ed9fa969767ae3eae4e25f7c8cea2e8df562232aef8e2fee3e
dop_2024-70_2023.tif	6654247	a5933e9576df4720fd6bc5e42463c04fa358b6554aad02c5b4cb7dce779ceb9f
dop_2024-71_2023.tif	7049324	1a629426b5a8af1b34bb3de92dccc0a8770900cbba9aecc120565efcd032b4f9
dop_2024-72_2023.tif	5959269	e7b0c4224164ec2f54ea5bd818e0c04335622b7a8f00e64fb4189af04709042c
dop_2024-73_2023.tif	6039559	a0c28aa498a62938c9f1fe3d5cedb707cd8a8a9700a9493f9f6409db908daa1c
dop_2024-74_2023.tif	6326115	8184be7ac60226d3b0c1e504d687109939892d382177c6fa60646a48dfd20316
dop_2024-75_2023.tif	6666131	69c9260031cede9adf961e069780bfe1c6be22a221017f255a54bae85b0fb789
dop_2024-76_2023.tif	6674471	961d1dd9177a9affadf33ed0809de88179201ff31c35d1ff39189234c243c36e
dop_2024-77_2023.tif	8453047	6be5fc29effb0e8b009728cad11ddb8849bba197a32787ce8ae23f1ec8dc8814
dop_2024-78_2023.tif	9489101	69387aed1b4af03c12da8457191cb20a56801c5c4b13f6de10bfa69abd5cfb63
dop_2024-79_2023.tif	9229282	3d2adef02b84990e5d4a5847fb3a3191c002a20d47a3f343b186c03e4d79abd8
dop_2024-80_2023.tif	7860385	c5b4e3acb2606148bb1cefb8f1eb414df1944753856f634278e0a937478762ef
dop_2025-01_2023.tif	6274516	47cdc9e5bfc1eec8e7b47cf22122c57ab48ae5be56e40e27581fef01d1ae1828
dop_2025-02_2023.tif	6089686	ad673e5a204561cc5a7edec4edb5e114097f8b3899879f892efe8661b9c2e2b9
dop_2025-03_2023.tif	5538479	dfd711aa94bbc507e3bbf7aaeba13f1b81b0f0646278e86489a850918bfa09f4
dop_2025-04_2023.tif	6189883	ba59cfa378a59607e66acaf21e6575c5acdf42b93df2e53199e29a4c0fda5011
dop_2025-05_2023.tif	5802629	322115594b1db2bef9757ef999777aa2bbad96013c5db89570c89a1560105a42
dop_2025-06_2023.tif	5638018	aeab0af663a07f9804e96cdcbe28a7819f8c35a43a7395f56374b593ca496ff6
dop_2025-07_2023.tif	5651667	b50919894610bd289ddc0e6f045c78851317685b7d07cd529cb2dcd58bc608bc
dop_2025-08_2023.tif	5973515	59857d8bd3950bc73c566c8f0dfc7e5c2277ed6636e8f3f29615f045bb005578
dop_2025-09_2023.tif	4839935	228ee7860fd867dcc5054c89fe9821cebdbc73e1bccceb9ea367128e03cda132
dop_2025-10_2023.tif	4913371	b7f51aceaf57a85e95cdf93a57f03289780df47a87403b1f57cba31c93e9a608
dop_2025-11_2023.tif	4209998	7bfdf548734c3e0334a85d1646606de402071abbf697db3cdcfe3ce712a4c486
dop_2025-12_2023.tif	6660725	300abf7d23c8c491fb64b00d2b426b70334e3a47ee05cea5a0d17ab3911c392f
dop_2025-13_2023.tif	5688687	6f1c3cd703ebc96e128d71b9882e44175830c9bd0cbb28302c00ae278b5022f7
dop_2025-14_2023.tif	5685974	386bf7b073a12aef3a4338545be14fa3e4163eb0f79dc43041976eef52b490b9
dop_2025-15_2023.tif	5429593	5e800111b36011efa60389ddbed16689323c3429b7154661224772b8d6a4edf6
dop_2025-16_2023.tif	5293002	aaea519308440c1d51e87d9d4f7dd4e70857450d8dd0f7cee99d46ce6ecf1a0c
dop_2025-17_2023.tif	4024029	a5ada1b2fe4d83ae60b890c962102b57b9c0888c8a14a75708d564d972b0da6f
dop_2025-18_2023.tif	3951167	41daff21d20eb42a3720b59b1dd684c3156bfb998fb7f126cd9124a4a246bc08
dop_2025-19_2023.tif	3819021	c3f72115f6aa54d2f681c73a087681fac52e3b88a30a0933c36dba106473a769
dop_2025-20_2023.tif	6926258	afc6145aeb847fb90c450fb19bc0a76e06b4916d5df9e032e04121422acbb068
dop_2025-21_2023.tif	6489366	5e30ca9b17d9e371e2de367e73a133ac9f3b242e4f5295fd16cfd34f679ad65a
dop_2025-22_2023.tif	8347704	8b93e2555e6419139d1ea8dcd77f712644dc4f5b8e360db9011d136f8d987cc6
dop_2025-23_2023.tif	9138397	a4adead6e59fe4a2005a891362f22852307d14222c91907957d3d8f8f6e7c75e
dop_2025-24_2023.tif	7833498	9aa55407f4a985480580382a025217606cf6f5751f47f05cb0991a600cc0cfba
dop_2025-25_2023.tif	4429861	bec53965096a2fc5911d2e5a1b351d4ef9f209a576a8d3e7fe5d17ab414000f6
dop_2025-26_2023.tif	5273447	5dce2d98416a2a92340959f2e5a908a0e9907a7ae99eb34e952b9d40ded3d66e
dop_2025-27_2023.tif	4775342	b4174ddc26b597312894b897c5bd839e4bf91ceedb4a940a583ed0cbc45bca55
dop_2025-28_2023.tif	8056429	6249ca6fe3532735c8feff713c5f8d67727b1a8aafb303d8a181e5b36939707e
dop_2025-29_2023.tif	7583256	ee2b4bcb8b202bee7b00ea57a2cf22cf754ad7a2313c9e26ffec141e07bb8de2
dop_2025-30_2023.tif	6264813	94cee37bd9f4fa016778581398149ddccc01a61e4d9682c416134b9b82939fa9
dop_2025-31_2023.tif	5789652	a4ad4813e5e30eced68669524e998d82347915990bcac21716d3e7098b941c10
dop_2025-32_2023.tif	6454911	3d4bb8fb2179d57bc23a9c7ce6125ce6f7df1b7687df840e662d7743628b9947
dop_2025-33_2023.tif	6050424	519ebc917bd1752231648e0a3510952db5ef7a02499914d18cff66d2b0055c6f
dop_2025-34_2023.tif	4719888	ed09d83dcd6f33ec873c0a349f1409e55af54593967172ef64e64159a7354cc1
dop_2025-35_2023.tif	6788445	b60233fd0ad2445c0db711e40849ef89ac7fbbf530c9747b76906143bdeafe83
dop_2025-36_2023.tif	7834458	a18a478e5ebc338f74ca6de1dfebbfdbf9ccc03cf3cb9cf7e91c4693dbd9f6dd
dop_2025-37_2023.tif	6851943	2a72ada963da497960547f2b93e014543b8a96f58b0f6e21afd613ed68dd96fa
dop_2025-38_2023.tif	7508544	c7c4514ebf20797e8f9e12c8c9deea8730c7b552566709696fa157384a6118e2
dop_2025-39_2023.tif	7672022	76b55e794886fe21276689be27c9b9cf37dde680eb87a79a58759914409ed4b9
dop_2025-40_2023.tif	8173178	a8c16a7617042dc85d38102be6466e728f63c284bc2e3ee48fb7d3322f099730
dop_2025-41_2023.tif	8020632	37200e33a23952ab3eedbd9a4ba2134f95e408ec05947a83844e019345a8e7e3
dop_2025-42_2023.tif	7934203	dfb831bf7755e778b8c08e40325c88ee21c837bacd65268951a7a70cf47f5843
dop_2025-43_2023.tif	5659854	6d7012d8b077307a87570753d5a4aee6cd74c69671e1fa0e0d3b7d8d2e74d124
dop_2025-44_2023.tif	7805033	8c95dbef70badcb2ca5090b6e8c87bebd61de16e9329abda8e371b522ea57c04
dop_2025-45_2023.tif	6614714	8dc068515a762342f7262f1a906db70bce93e1be37dccabfe972cd376d889338
dop_2025-46_2023.tif	6057088	f68d3f10b10acf3652ba31d3c9cad0cd713bf9adf106c53f75e7f6649f8bad83
dop_2025-47_2023.tif	5046849	e78e963a139249d95978db6e21f6807bc01fc83efee82d9c48a8e1a19387de56
dop_2025-48_2023.tif	6358345	3937c9df128e85d42b95a98e94204f4438ee9e6878e351d9c08aec7a5f331566
dop_2025-49_2023.tif	8097510	d61864d8d8b105b89d680d6160c4909cfa4e1c79ffff3820bc5b5c7ba3c63773
dop_2025-50_2023.tif	6273362	46c003c97e8eeaf980135f390376c5d9539e51993bf8a253638fc2e1b70bd269
dop_2025-51_2023.tif	5678065	e4d54b22b6ca289b7b2180bddacdd85615bfa447c430576c1a3e39bf599456b4
dop_2025-52_2023.tif	6313414	227a8424e5085bc0c8cce56bc146c792e6d2a2a0e86d8075aaddcc14b64040c3
dop_2025-53_2023.tif	6099401	c3d77c574588141878b71ce79ff91d4bd9dea19266a34cfefbd02a5a3d6263b4
dop_2025-54_2023.tif	6242752	e32c32876a60e1cb9d859e578f7ed8ebe49dc660b0b5b3184624797112d4369c
dop_2025-55_2023.tif	5787066	0f16aef17c8e8b8b482efe67508ea79c62df855dfb1ee0c19a8a148fc8157e31
dop_2025-56_2023.tif	5869895	31c72473b4fe59a92c84e98f18a6e9dd16a4e2fc092184952678de4b13009f66
dop_2025-57_2023.tif	6053465	d55f9f1ec003654ef041383b81ea4aa7627bb3de223bba6a5e3fb93b2d3fc6ae
dop_2025-58_2023.tif	5448918	dd45d2f3cdc6584edb68e876be79519faf0c89745780eb80dfd21db3c925be01
dop_2025-59_2023.tif	5633391	1621e68283ba18e9df2938efc7589b8e7cea0f41629c12354a32eebe90f5010a
dop_2025-60_2023.tif	5216473	b98bbcdb609db385ff2e83435e83533eb3b8ee6ea63d81a3af7127152e618dc8
dop_2025-61_2023.tif	6235111	a6b396cb6a82a2a1ebb6f87fc2d14af353daaef85809e596d5ff819eb423079d
dop_2025-62_2023.tif	5600250	1de86ae8edc026c87303b067ed09db60b6af6da912389669285200add75db104
dop_2025-63_2023.tif	6168811	510259e1cd09be09d0c8281e882ed4f8de899ca35c81603ef8564f25af276dc9
dop_2025-64_2023.tif	5781930	e713a0d44377cfacbbe36cfa381c0c73fa36799d2f581ee85a7eb7b7e3b9b636
dop_2026-01_2023.tif	5818112	8b350ba508a3dad71c5ce1747c9a186a30557cdfa2f02adde4766f79f3c59aec
dop_2026-02_2023.tif	5989850	65783a9998edb1f9be08586e8837ba2006ddff6320e668e4b1317d11b1d83e2b
dop_2026-03_2023.tif	6089860	b8fe519796456794e4d486c1205745bb39f8956b666ac70c3d01c3ecd3c50b6b
dop_2026-04_2023.tif	6118817	87ff881da44b0de68a4c9f0621e0250746053de71dba9fe701ed104b60e23b1c
dop_2026-09_2023.tif	5836101	bb8f17d6c0f013be011f342950c20eb40caed0cfa70e795ae226c81f3a257606
dop_2026-10_2023.tif	5970060	30772f00168c2811c7bdc53cf4d611f79d6aaebc0816f397a8f65eb9790e2fe3
dop_2026-11_2023.tif	6412664	fa643439f26ad34fd00af842439b3d8583eae6b8496ccb8f911fbf1e7507f5c8
dop_2026-12_2023.tif	5797601	baa67ee498f19dc4ff283f5b33aab68fb41a99f96161346bc615dff788c8149b
dop_2026-13_2023.tif	5264842	b0868a46d24b32180e2077425118c1b9a4649dc8640a0bfeadd8d0c5c97bcb3c
dop_2026-17_2023.tif	6263359	12ec27465b708e417a194222c30aceeb72cbcac493ac8d0048e5eb970ba5efe4
dop_2026-18_2023.tif	7133494	83f33afb4ef824384721d976eb40685f3c0106e18447681c0aa0387a622d1a0f
dop_2026-19_2023.tif	7108702	d0a8e332c5a6e99fb1d33341171d71a7c9ab78ec396323375eb3bc7fe90e0975
dop_2026-20_2023.tif	6012600	8d9f09a0f9b4a0fbd54fc18c072fa7d0e8b88697bc18d5de1c76e0abc43a6387
dop_2026-21_2023.tif	6280093	52df7777a55daf93e7456d6682ba3fe5c6e1c493f138bf689b2e9a0b3a941738
dop_2026-22_2023.tif	6119858	26985eace531d1ba3ded31f41ac8e3aebb081ee7c04d2c6b98c5297caadbb7f3
dop_2026-23_2023.tif	2536229	34773aee759a7b99410e1f9df5ad79879358473c2850147ee15d6025b43f8017
dop_2026-24_2023.tif	4911723	6169d7c68b342aa8facbe66cdd6c727b3b769f421f4957e753a8ec23697dd0c4
dop_2026-25_2023.tif	6740988	68aef4420b5fda8b999f098fbf850703cfb4c9b38cd318cea0632a988594b745
dop_2026-26_2023.tif	6993292	b3261d0176ec16e4644220641df134bdd728a05277dae0db638e70a8e08f6688
dop_2026-27_2023.tif	6482863	bfe91aced597d5a052164cab7c26ebe46e2559ad3d41e45d637addd4ad51fc36
dop_2026-28_2023.tif	5783020	e9b140c02b82fdcf3b4741330aef09857b6ffed608ff9b61c40e892379c9aa7f
dop_2026-29_2023.tif	6292619	6d8549366c41cbed35564cc866332bbf2ae41c2aea297953916e8d6557cd1f9e
dop_2026-30_2023.tif	6330539	47333a33b7b7899ee820f4fd99d3df5f1a1c0a99982b7ef1816e93ddef3060df
dop_2026-31_2023.tif	6093159	eb3ee330035d2fb435124536e80549561c3ca21fe25bc1f6d7562fae0c351852
dop_2026-32_2023.tif	5927407	9d3b0fdc62dcfa8951b7b2411135cd67396c3813ea700f995e3aacf87b4ad4a5
dop_2026-33_2023.tif	8549910	6fc1dcfafda0562babade39da30659dbe6efc3e19b9f4c0a6e4c9181d468c48b
dop_2026-34_2023.tif	7482101	c19d959f5a5fedc103cc41cb3d1f5a88b9df9bd13c271156ad7acdea7b3c6d01
dop_2026-35_2023.tif	6219401	4bb5f29ba238c47a7a96e7fbc17988df0dbcb55d4edd32aee0249e28bb9e9dde
dop_2026-36_2023.tif	5970867	5588472cccf9ccc2015b7ca95a7087f9635c3d9ca4501e1e8cc8548d417343e3
dop_2026-37_2023.tif	6505852	f7f7f9c4f9aa24cc8f282c80b998fc355faccc84f1d76da8e4bde9756bd75458
dop_2026-38_2023.tif	6479080	1f4deb12b9c0016fe59de16d01e936f6587f4a810d3f57dab82f62a026562bb5
dop_2026-39_2023.tif	6348477	2855d2f2106516b98357bb922e5d0976cf8a6217aa296f0049363bbeafe5a859
dop_2026-40_2023.tif	6253841	bac3e9b18b0224b60f82a69bc276b8079fe1ec9fbd7e2003ba0b375adaf634e4
dop_2026-41_2023.tif	7635960	86fd44c7509e31447f7e7415515fe2364dc09fe6769591da2f9bcab723259137
dop_2026-42_2023.tif	7191455	7264f4440f742f14e958a0c68db9db03d7c8ca0088d4584974087887a16111f3
dop_2026-43_2023.tif	5860412	9145e3f15d7b5f1de928baec0114b7758b18618f4ecb21df2559ce5cb9d50075
dop_2026-44_2023.tif	5694373	7754f80a12e982adf8d8f7d894cab6c57ab43c28e1bfce29660bd397ddbaca9a
dop_2026-45_2023.tif	5964859	4b0aead29571a53b30b4f363b93abde7ddbf527b061489806ec6f93c1304beb9
dop_2026-46_2023.tif	6265096	3203afd4f3b19c630ef8eff2fc109cba71d19516cc76fbf8e996ab313c390b88
dop_2026-47_2023.tif	7108775	cb550570e445c0194bbf90e7a97593860a4d79ac41aafcd37893ca6742c13a9f
dop_2026-48_2023.tif	7009002	86d476904988699edc4521a103f590b58dee3f3a832f2c0e54693024d2140ab7
dop_2026-49_2023.tif	6043270	da2491aebf14f4b5309e512c9b43a0d2c10f29569d9d328707d57e9cef61ba7d
dop_2026-50_2023.tif	6028124	0dc21d3787ece2fb356ea118284dfe8671dbf2a1b5cfc5d57ad7a52eae4d9a5d
dop_2026-51_2023.tif	5755457	7de95d8cf72cf1f6cdc8cfd874ee44d74c3a7d74070c71087da72f898fbb8792
dop_2026-52_2023.tif	5644206	712b5c900ed7910633145a248f0a45f139eb29201dad860d78ca3854349dc7f4
dop_2026-53_2023.tif	5810236	395b399ea3946a41f7586ad233a9cf645bcc7679ff2ea8a35a61b334a6d27e10
dop_2026-54_2023.tif	5170216	b18e668e53b6cd5ec6831c706e84d38cd3231dd39062390dfb00e6c60be58914
dop_2026-55_2023.tif	6678754	c81a6c036c0d1b350f6b965fad74d92551dc894df711e1a48613d92a364577bf
dop_2026-56_2023.tif	6402189	16308709308dca28247ffcbfe7cc981e802adb503fa101236eb8533c3c3e268b
dop_2026-57_2023.tif	5725532	429a9c3237a8030b80897d9094d1ff4e600ae47f572eb53fe8f9f236a6e1b37d
dop_2026-58_2023.tif	5425571	f8bea02d664dfc764a989bfaa977904d811e7b55ca6245a5aa100138afa3e8fd
dop_2026-59_2023.tif	5502225	aafda2f60c38f54209e2dec4089778b3a44e1b392f59fb7856daca1973f59d3b
dop_2026-60_2023.tif	5515101	6bc3cefbb2a51cda947743f9f46c61a1e4b49a3b85a6283fdd209caa99f47ae1
dop_2026-61_2023.tif	5693726	656622325171883c6f6dd352b287285ddb0f3ed025f5d531d0199673059a53fb
dop_2026-62_2023.tif	4933387	04fe32b375c9fef4d6608fbd8a4538cb10c3d8f06e949f76716c4222aedb1f80
dop_2026-63_2023.tif	5483312	8c3b4a58bf40a6f71e55f777608c218c6ea14b68e857e82aa00e167d1e42574b
dop_2026-64_2023.tif	5953458	f92955a0c1aae5acf727b988924fea8b5d4c8e3bcfce178ce33805e38f30ba1f
dop_2027-25_2023.tif	6115271	383671085a3fd7a6457540395a38bdf2fac3da99e3b12805e51fa1fcc323cce6
dop_2027-26_2023.tif	5677462	7e1d3ba88ead5e83c65b29fca89f7e58c9aebe102b2a984b69b0d0ef3382a74e
dop_2027-33_2023.tif	5609171	be30cf246bf25637935715046aa96b63fe0ebd37a2c00780b1d69e7d5f92eac7
dop_2027-34_2023.tif	5785368	390b99cdba14eeda52811c97cda9db9ed88dcf3bef8e60937abf82e637945d2b
dop_2027-41_2023.tif	8195498	524955dea3cf5c6193cf58295722bd13cbbd1a3aef3e334b21e94db24549e8a4
dop_2027-42_2023.tif	8023465	b8ba66af263932e2fbdbb2f61b53a395d5483c2c9ea69f4a404544e466e5610a
dop_2027-43_2023.tif	6230774	ce0daff8bc574f9f70b2265172a002352d56f28a5ea676bd1348071aff63f014
dop_2027-44_2023.tif	8741216	332859655af1baf7e9f83fcb2552839957db9198331e6467637be4400958f610
dop_2027-49_2023.tif	7436422	4de1b726adc01fdaa74212e09ac0201478da90e17ea360d1bc80fca7f504c0e3
dop_2027-50_2023.tif	6521190	7d7a0f1c5bc6b0a74d4aa02307074cc9226f6deb840f721b16e643f2947217e1
dop_2027-51_2023.tif	6726320	d7b2857d4285df338dc31fd48bdf85f07c3b1283630d488356dcf106180bd62b
dop_2027-57_2023.tif	6048174	1acb0314b45006bc37f7b8dde264a8ba1396cb91d7fddf6478403d138a640250
dop_2121-01_2023.tif	6620266	5f20ee9b49ab9b85cdce0e1a30fd45500e5d3d92143e834ec3d470b20e5c80a8
dop_2121-02_2023.tif	7392960	bd9dba77267562522376e1fc9bcd51ca5418cf372874b41606743de0decb5376
dop_2121-03_2023.tif	9568965	69883c26c41d9558d95503b5b651aeb55b05fa18e53ca7e793be50d62b8f4e2f
dop_2121-04_2023.tif	11026812	51063d1ef42f460c2bc60367ebca0d56e35cc236d9687f334e766bd6b64f39b3
dop_2121-05_2023.tif	10598895	f251b871b4c7668b9d8d57a69eff956e423cc697720334b6c8c3837bafa07268
dop_2121-06_2023.tif	10444938	aa1e481e81744bbbb52a19a98d1b67ac495674e4b61e7833f00de30adc24bb54
dop_2121-07_2023.tif	9853171	c257723d8344bf10f58203e2df97cb4621808e5307eb86c4b7667bc856bc9dd2
dop_2121-08_2023.tif	10178376	76a2750d72910af2abfd5a4d1b8bf175aa0e0f7c29cc154b091ef99097c6aa54
dop_2121-09_2023.tif	6724992	c1155d4466974df973b0f002eca71a5595fbcc2794cbf7f4e6e73fb7dd355b64
dop_2121-10_2023.tif	7491757	bb4cc2bce7f2d1481476fc9fe85e1ea02de96d7e5b6e82fd9bc756dba2ef05a3
dop_2121-11_2023.tif	11092547	d171863abc665ded3cd2e242d546ee8d1e673abfdae92765018e8c8b50f9b160
dop_2121-12_2023.tif	11274772	06660400e58ff8a2c01eeecca43b3f8afd4c1fce555e60b0d2ec606b9514ab45
dop_2121-13_2023.tif	11355514	1090d9302cfd2afb027d4a63550decc88e76a742227bb58ff9be5766609f2f2e
dop_2121-14_2023.tif	11322727	f249a0a21f7ee95f439931ae53f26acedb9b5e4956bf82759e55c414f35efefa
dop_2121-15_2023.tif	10986123	89557b2d041bf3f3586d27ee659fdcdff2711a2ca720a67a9f55a71ed73bef30
dop_2121-16_2023.tif	11384094	119fd5646d53180b18b898a611ec5bebf6f7a3bcfc699d4be3de91956aa1e7a2
dop_2121-17_2023.tif	6681662	1096dd74e079c4a28e45c794761f8a25adc9c458819de475742181ce7682c568
dop_2121-18_2023.tif	6772943	8bffc5fa4895f8973f23513dc65625599ee250c2c7cb0832cec031306b8f8c80
dop_2121-19_2023.tif	9340365	c025cb8b3fdd377bfc6c4450c223bd6c3f21c3a17abddd8c279a492c350c2d1c
dop_2121-20_2023.tif	10975604	d0283c1e05bf2f7f6923f24a547f95962858901ea1982b3f0cc4f9c08e6bfa3e
dop_2121-21_2023.tif	10509504	b28c3fd7279542a06ccf583037d9e14cc945aa67036c1e84a6688f4f3441438f
dop_2121-22_2023.tif	10701686	4834349d23e42317646b57758780864b9f2bf2f738d8739e59e29a95226347f4
dop_2121-23_2023.tif	10596412	03ccad834f8b0ad3e235bda4ea21c96d7a8496374cd33175f1ea9edd9ed6d1b8
dop_2121-24_2023.tif	10415213	4a7c4c74e688dbd792ff0638e4d12261c3b385bbd200a9a4a1d5f1f9aeaf1d53
dop_2121-25_2023.tif	7069031	ac0ce6d28cd738149aa20975524f0938f8aab11492e40af2f001f675777ccfaf
dop_2121-26_2023.tif	6781006	b8e26f6c576d3fb2b09bfedee7f45cb888ff5c0534cf4a4c5b57573cfbf9f88d
dop_2121-27_2023.tif	8183458	8c5abba97c577d48980c515066fa07a08d200f2b055f2e3230797b735a50f33c
dop_2121-28_2023.tif	9626856	ba2a5ae9159ab3d60c509a0e4e74e22f51d0fe93ab570c8f774e9c19636821a4
dop_2121-29_2023.tif	10709177	a205d4131d9bb6b89e9c6bc36b8f3104c284c11f5eede146778639ecf2141bda
dop_2121-30_2023.tif	9840270	b4ebc911698ffe81e7a6e71d19bfcc5faf9211a5e307c7e9b37bb89bd88c4a36
dop_2121-31_2023.tif	10292353	0786a4d6a430d4267072400c2475d8243bac5766e0c432717b47b536105557c5
dop_2121-32_2023.tif	9220563	94acee6aed2b4c0f11b37daceee60293f68fafd71c2799f06ef0870e5cc0ca21
dop_2121-33_2023.tif	7306841	b1e84cc1eb3f0ee0742489e967e22fde19bb67189c850f7cb7c1e4a1dd2636b1
dop_2121-34_2023.tif	6346949	768329245ccbf6eebb294d59479fc560ae1e778da084d6e2ba381832b3b42ee7
dop_2121-35_2023.tif	8471667	72cb8f6f05fef39e473bb0a22cadcb117e2fbad8d3e96bfb652570c9913f36fa
dop_2121-36_2023.tif	11670980	cfb6cd7eb787be33a2a321a7ed7c1a49cfadc71b988642b5b107f6e829c08aa2
dop_2121-37_2023.tif	11582575	93cf25b0b6bdfaa790e46c06b08d7ee6086c20a66f6780db4f7c05df72c84fc3
dop_2121-38_2023.tif	9800374	6eb517adf3b1a106b768a4154f6df275cc7e8f3f5c084bd71f58eb7f232a4916
dop_2121-39_2023.tif	10153016	9059fcd140555b55d1c772e09ad5307715de4464229d28c2f0a88c310729eabb
dop_2121-40_2023.tif	10746765	060d2453a3ad481cc18255b27d573993c46ff274ee2a5b47af9e3ace039007db
dop_2121-41_2023.tif	6915481	94cff84596c17a2d0fcd0efdfc54aa800a20486d1ad5340296cdce200b9701d1
dop_2121-42_2023.tif	6654303	a6550abe740e2c52780550e2da1aa50ceae50171fd8e4803f4bf1ba37c25973d
dop_2121-43_2023.tif	9779467	238911888069286005c4567abbbdc82696b367a4823831fe38e4e3346d5ade33
dop_2121-44_2023.tif	10788912	c828df700ebce34988df498d901febdeacb6cc80edeb5bbd70d0f2e03538c328
dop_2121-45_2023.tif	11637396	282c88aaa776fb2b3b2046a83d6d007d12d2a7af9487b31b3473df09480c0ad8
dop_2121-46_2023.tif	11517253	436ec93410cec304225d8666ecc3355c4f2469480860759af8eb3890cbbbbec8
dop_2121-47_2023.tif	10504418	3d4b65157f27c1255e445f14b96e2996faf94c546c3748f1142c2b8f8f7f2795
dop_2121-48_2023.tif	10020260	5cd56cae971ce6a68cf4a0ec4525fd5cc2511cb3521d99e4a7c54f79504391e8
dop_2121-49_2023.tif	6764237	134851126a1bba67c0a80d672f31849c1cba6154430e7528f52c88fa0f486981
dop_2121-50_2023.tif	7422228	ee3698ee6070fa84f46494580d71aae9ada4e34fe8d2947d07fcd86dfc8f2d9d
dop_2121-51_2023.tif	8464016	c5e311cdd185aeca5d2f09c249895fd662727e101d81d7bcb2e3cc3ef666daa8
dop_2121-52_2023.tif	8602768	6dcedc5de6956592aa72bc2dab57ea7a7b1fa1ed81f4bf33339ea1a27226b7c0
dop_2121-53_2023.tif	9190621	e337f82b87e8480884aebd050a404a8c6f7bc1817bd4be667619ebf9c28d737c
dop_2121-54_2023.tif	10005136	e3d6904c29e4be2801bf41be543968ce27e3adaa64d645c3e0eb6ebcadf1723a
dop_2121-55_2023.tif	10895164	28d56ccb660c4818d0d5171d9e43bdce40795bc579b7fd9341e3fdf6151f6285
dop_2121-56_2023.tif	11593698	57a5509b54f54ae2df4dcaff516a74ee5615b2bb347c627537f3ffb35bd51ac3
dop_2121-57_2023.tif	6324156	990cf0f51d7a1bb16de29d3edc551ba85343fac255f51be801516271fb1d4b3a
dop_2121-58_2023.tif	6860218	5f32d858b7a620a6be1acca641f755bdef89f59aead00820305024ec2c7dd2d3
dop_2121-59_2023.tif	7106261	1300cefdb7b6dcd802ecbb893f3f35d87aa22f8e6ebdb7bdd57f69cabb6246d0
dop_2121-60_2023.tif	7123443	5c5ef07891cd74958ee3ade110c01e6c6e0c3b1f55b44c59393a5dba06628750
dop_2121-61_2023.tif	7111489	0e6a1c73d50a56654a975b79ef1ecb4dc390b8131e081ddc7efb03e80e81970e
dop_2121-62_2023.tif	7578518	f8b5adb3bb95106d346098314412d7cfd74cc23a1018b88a5869720d7a6cd624
dop_2121-63_2023.tif	8861068	c395a095802c963c285803c5a65e79b287a6c368fa185c790c33581e04fa7dff
dop_2121-64_2023.tif	10853675	7d7e826c295b1f4035ddc0e75cc68c549da46fb579de84cb5b3508021ad508e7
dop_2121-68_2023.tif	11066419	4e8de771c6fbac211e67bc08f60d2a04e6528c50184f9d4de4ae6da8304bdc2f
dop_2121-69_2023.tif	10999833	17d5baa0f885c9b2f3490bb1171f845ab0cf1dc8156a5fa6a260faa3762afa67
dop_2121-70_2023.tif	11096217	c7a375d4965f783d1823c56ac4ee50c867a9561e9c49ba1b76e0a416b1e866f8
dop_2121-71_2023.tif	9456620	1451daf263ddaf470d79ac5c0e2181fc0efb949fd4111d26e90c21794db4b120
dop_2121-72_2023.tif	9775912	d80507ee755290054de19247f8724de195af098e0562c9d294d719d945ba0903
dop_2121-76_2023.tif	8564194	92c2db92ceca1fe89c2a98733cb0922cd01378c35ef8805e894908789bcb4cf1
dop_2121-77_2023.tif	11645930	694f6b0284bb5acff3ad67480458f5af9e101c77811b8411add1b17ed72669fa
dop_2121-78_2023.tif	11633535	7caad5b40019b71d9028486665793e75f35156e52be75d2809aab62b91c00448
dop_2121-79_2023.tif	11410882	60295c72e61945992c80cdf60bc784ef5e58805161537cf65da1b226a97d9e5d
dop_2121-80_2023.tif	10473626	b9d3a70833aa458ce969f33617c591e095330ce4e7df3020c6d3ed2af5145815
dop_2122-01_2023.tif	9019062	9526a41eb3881380a891986af7230ee58db4beb8c32e4914c0bd008a88acb8cd
dop_2122-02_2023.tif	10135274	26d8e463d3be10015979f92c8913866d99035a0610a64ca51d9b948c6c6acec7
dop_2122-03_2023.tif	10269326	03aef5efb1e73407caaca2c1e0e8ac35a23dfc9b684d6a8c2888fa71e3f80770
dop_2122-04_2023.tif	10231188	4970a505cb55bc0bdedcf4ae1d303181a9e7a60b0e1becb68d439bca640fb11c
dop_2122-05_2023.tif	9399981	5bc5752504cb2c8d39a75f7813fe60b8901d84545bd8833ff950c26036237028
dop_2122-06_2023.tif	10320433	bbd61be6831423f58675bc8b25e6850ee9815b5d9b95f01d7be98fb3c8ecc5c4
dop_2122-07_2023.tif	10231561	d7e8b83b5e4e01ac4115c07c7b1cb59f9dd4f2369215649a862d87afc0f10441
dop_2122-08_2023.tif	7946170	10d03dba49503e996004d4fbb7c69cf0a04afb80fa2cae9bc25964b3a22e5b2e
dop_2122-09_2023.tif	11175365	03584dfe4a723b0c510c01fef0dfe563a5d4b8364d17e5429c1608b37a23821e
dop_2122-10_2023.tif	10380946	2b9056b1b388731581d67db48e18123a7d8a2928ee97c0f7ebaa59e455aad7ed
dop_2122-11_2023.tif	11094199	9f364ccb0abe354ab4f0cb93b23427c481a27424e2b985644f8e445a8c74c5f6
dop_2122-12_2023.tif	10555048	c8d7ca29f510ad6331f7887895afbd793eff80b349f6ef2ce5644671c6551969
dop_2122-13_2023.tif	9887680	c16c547272e8f79f9c1a77c7249f0e0a83e658d1f8fd333376733161f0c806b6
dop_2122-14_2023.tif	11845921	6a5d6a575c3048e5abccc97f5315488bd73f4c02bae3b82a9fb187819cb11065
dop_2122-15_2023.tif	10210220	f145f43a6da2f3f328249f89fdea6b6de814ef9a20be9333248970de2a62b84d
dop_2122-16_2023.tif	6380687	942af17d1a2d10a78ea56d8f505430ce44326a0a9d4286dd85c23ff7c07193f8
dop_2122-17_2023.tif	10266962	a17c70bc455733bc49c7aaf79da987ac2e34d9ec78ba32d99e113367784db3c2
dop_2122-18_2023.tif	11134419	8ac63583a8ca630c6b212d92e2161b02dd3806df0bcfc5ff31029168d73e3df9
dop_2122-19_2023.tif	10445874	a796c9eb93a1cd66349a1edc8512131c74e05532a9ef106add75b2fddf22e660
dop_2122-20_2023.tif	11839454	2f423013b897e621b2faa7740b2930bbf1bb668dbe2e89416866c3919a4fa8fb
dop_2122-21_2023.tif	9810818	d155faa87c1e80626360908bed47f987c936ba1fdd9b30e1fbaaab8997dd6d3f
dop_2122-22_2023.tif	10463254	42b974bda1b1e8d2cc360693f8225200397bef4eee697d08820e50dafa5cc697
dop_2122-23_2023.tif	9487346	5f81c93691c833b86a6beaa070a599a37c4c2c883fad769f5efd764953ac7d5d
dop_2122-24_2023.tif	8669545	566cc1de440ea0940768a7fc7d77a2bb73f3743761bc976df75bc6df02d86cb7
dop_2122-25_2023.tif	9223195	2074f6f4710852814f11d9937a1e5574679296546e8b65f0e5ea44c7e481900d
dop_2122-26_2023.tif	10291058	dcb570c7a4c8aa2ed16cae61cd610b46a644e7b1439f697fa6173c713e574452
dop_2122-27_2023.tif	10379195	97418d76e5e36b7c478f42b845c179d163c721cfa0dbb439296532110d423079
dop_2122-28_2023.tif	9101158	497b2a0cc6d5c97eae277edade6e4da03c0adbdece8ae3b0c2c4a0923229b529
dop_2122-29_2023.tif	10315865	3c20fee8608fa558150b66e3e1e801c754266537ff47ff51621be12204e3643c
dop_2122-30_2023.tif	10276905	92218c0d2cf3ad4fba2b290acd370f9b981b51b6cf67efa129b445363cffb91f
dop_2122-31_2023.tif	8561858	0997861f6c40d25c2dad8845d74317aae603faf70df1c4db2d3e6c764b395dba
dop_2122-32_2023.tif	10287099	e79fba3ab026073bd5f453585df4c1987c463e3e251507096b0a2e4b55ee3144
dop_2122-33_2023.tif	7432326	973bde4bef3c050863c855a789a03a1544f753f7e561e4538b2de7a30a4341c1
dop_2122-34_2023.tif	7429832	fd51fc7cffbd4b3c0db4df973ab1cdecd36cbca5af3a96f0638d5e031f4d81bd
dop_2122-35_2023.tif	7720783	70231ed72a910a2d1b8752c9566e46eb7c2068aceb033dd6d131a2f80f83a8c6
dop_2122-36_2023.tif	7909575	67213728a3ef7b660d80e2b55ba4a99ce677361a1cda612a2df9b98f39595633
dop_2122-37_2023.tif	9933758	6cab5368dc4fa9f67a94ff82234660b58e8953b68712507f647ccdd9463b25f8
dop_2122-38_2023.tif	10734896	3cc06aef8bd25cfc03182745c1e1102512909c61e111180b629cffa97421df89
dop_2122-39_2023.tif	9069165	ed64cac2628e8776c602b131a48f79b6d5f105ac6739b3bc56a9f20772b9cb76
dop_2122-40_2023.tif	8001690	fc30afb9ec5b8f84fcd679a4141b89d0d53d272fd6f1b395f8149a6e14dbf382
dop_2122-41_2023.tif	6034671	b9385200a7cf767980f3cb98348c5072e43c51e27f2e306561f49a43791dc309
dop_2122-42_2023.tif	6822612	1f3752d07cf8528c9d43705d8a6e0c344b1ead6dd91f4ffa25898f1fc206ca46
dop_2122-43_2023.tif	6834073	66fa83588d9c9a52a4459c1f97a45a8b7802443e02766997929ec644d95377a4
dop_2122-44_2023.tif	9454525	387e1bef5e9d42a9a2f3d9e2d92bd53ec8531ae432c25d6e58ae700edb078b68
dop_2122-45_2023.tif	11139526	9b00237d5f96ea466bb1e851ec6334cd9641a5510dfd0eb07aab6ed721190c8b
dop_2122-46_2023.tif	10269200	ae8f189837c03a6e33034880e39f359810bed34da1287801467afd9659b018d4
dop_2122-47_2023.tif	11275604	6f672e03efe578a9579cadc6dd5b4d9cb2b23ed7cb900c9cd7a91918870a6f9c
dop_2122-48_2023.tif	9406060	6273c9cdf846737996d01bc131f920dba08e6ebb5979fc61d1a82327d9170be4
dop_2122-49_2023.tif	8814065	42ed8f0a14b16e57893d98cf260e331efdae1dcaaea6c171cd4431a1e6d90fb7
dop_2122-50_2023.tif	10309681	74d7a0297c70827768ffdfbc49c918d0e03e257c552fe987175a83d033767762
dop_2122-51_2023.tif	7724553	ca643bc4cfc0e550f153cc088a8730e96541256e05e7433d2dba70e883b07e45
dop_2122-52_2023.tif	8120247	27586f409984b3be547a0a54e82c87bb08ee36db38a400f2e705f85168cda671
dop_2122-53_2023.tif	9239496	e6d0ab7788cad43ffac175ddd7785c25f26e519b1329601f127bac1d1814d5ea
dop_2122-54_2023.tif	11206057	a620a8c2124418e342d6c3004868557dcc54c1d08158f8aea037df1263fd1d6c
dop_2122-55_2023.tif	11357928	778da68994bcdc4f69a63791548cd1bee0cac3629897458e31a28d3b86ca61e4
dop_2122-56_2023.tif	10358822	5a995eed2b4c0fba60ae4c7bd4b969cb4b87dceb9054f39bd02118cfa4d52421
dop_2122-57_2023.tif	9190969	fc956dbb01e4a9b42fb8bc8edb5d23dd9d30f3f4c0e04b40c21a5232a130045d
dop_2122-58_2023.tif	8668905	197819f28324fafa2bf3a6c90eaaf7c1e59b35a250d291c7523ca645f55f9851
dop_2122-59_2023.tif	8290310	62ec861cf6927692078502b447842d1c1a6784c85b6d4538de9f8de574a26ec8
dop_2122-60_2023.tif	8453509	3636232dcb73fd12af6f38b4ea4d211a075af34e72610dc51be8e972155f8340
dop_2122-61_2023.tif	8084541	deb62d33771c7e3ecff9b6ace4e599b33f9d74ed54f22a0a59ea4518ebdb40e0
dop_2122-62_2023.tif	9432156	a7138d02e33b521eb425f72ddcc1d679f0c76c0b8fe80b26058687a37b22b877
dop_2122-63_2023.tif	7014916	ccffd0ab9f6d32955a1944774dcb2e96d685e027aa4828b212e57acad14605a3
dop_2122-64_2023.tif	10432919	a91133642cc53e5cbce03859ef2c09f14758de218e019c070d2b6aa12d06dd3b
dop_2122-65_2023.tif	7935374	3a17b0d39cd2c0b04f46d623a560e758b050d078a356526cbfd6ceecb79039d3
dop_2122-66_2023.tif	9323659	2179c904de86fa31dbb78e7383304866058d0be1e573cccbe28c082cef3f2a17
dop_2122-67_2023.tif	9386581	6f8483fd4be5013856b27d79c901f3a97845c9b0077455552217c202cb0843b6
dop_2122-68_2023.tif	10179445	8e3b0ce5be3157f237d3f7d25a3b69ea46330e62c64ac1df2ba832846d0f9b40
dop_2122-69_2023.tif	9418310	27ec4c35d5cb331b3273d10792b8a6bb3603ed817cc3f58a1543ae41cc1a1bdd
dop_2122-70_2023.tif	8982475	740dae47b15bdf9336e09188043e44b42ed6a2381bc792178875f2a3046e125b
dop_2122-71_2023.tif	10370049	26375060b19e3232f118f2af0670ff5dba6f7cab51fc84695ba6280abd6bc990
dop_2122-72_2023.tif	8867409	0da55bd38acb9947f87e88cfc53ea27d36e6ea26731f7a2e481e9ecdcbdb1ec6
dop_2122-73_2023.tif	6707473	4da83dd5305d0de338059ec8c9ae1b14a2cb467bc9d2de0b13dc54e29f838cd5
dop_2122-74_2023.tif	8998461	d6848e999c5d6993dff3540c2fc7a740658472032ace2ef875029e77ac202157
dop_2122-75_2023.tif	9799919	d96daaf71f9e55e95293933498014985635795ae856e3d947a93f6bfc529e5b9
dop_2122-76_2023.tif	9917022	d1a58af178c0c25b9e2ed61b49d33c07315d51731f41c8239a9dcc017952eefc
dop_2122-77_2023.tif	9993906	634f78b3533086d583b253025197d95ed9a4e9e0c393cb25a0fea0d84f53c7a6
dop_2122-78_2023.tif	9153280	a4a430657d3f7be8392f1db3532c2cfb2854937bfe5235fc88d2e7dc7a2167d4
dop_2122-79_2023.tif	10039692	8614414c6996d162d482e5db80778f06bc946dbaf167cb9ec2330a097e5fbc2a
dop_2122-80_2023.tif	9036759	6bab2da160b1c63562429d80a1e5de78350eb6d9c4ed190f6633485e5a109d23
dop_2123-01_2023.tif	8151550	11ae902ff9bd05f6b45f40c8d4d8513986ecaf03edd96245b719b107828a86bf
dop_2123-02_2023.tif	9495074	63f186665f7b038076d22cc14e0c00db152c834df7daa249d0e8eb2ced3b5884
dop_2123-03_2023.tif	10540449	d1f0f5bd97ea537abee0712e3a84e3208f2c2994ca50be9e929e3ebdc27698c2
dop_2123-04_2023.tif	10622223	88237788dce5eedda88108b06d36a88a591d9d2b503b7260c5f04d52fe97428a
dop_2123-05_2023.tif	8444727	fa99797c35707e96bdd3fef12854f1290669598e4ade73ded846ec0e80ab603c
dop_2123-06_2023.tif	6564397	e95329b3e3cd06e5954c6686eb16abf5c510fc446025c82c208b044f8316ee48
dop_2123-07_2023.tif	7087968	aa15f8b700cad87305552c303d8d268ad2c5468b225232751d631638319a80f4
dop_2123-08_2023.tif	6434813	2a9e91e8677ebaa1821ff37046d1847dbb10fefaa30c74164e25cb7994e38556
dop_2123-09_2023.tif	7538408	669f9c502747a88c86a0876f44b1d999f1791ef12e6741ec91fdedfa1c9eaab7
dop_2123-10_2023.tif	7424003	767a58d49888b5afcc0e8dfb5fbac16c96d6695f50bf5ca1492e84ca9239a146
dop_2123-11_2023.tif	8189933	aac0b163623f8cdcd55da869ecc3036b4e33a5c49eaabbdfa67f61deae7e0020
dop_2123-12_2023.tif	11061996	6a7da59533d98265bb797f411bf298311abe11e720bf4d04ff4a481b7d6a8c3f
dop_2123-13_2023.tif	6414201	ca3b1d15958c1530410b64cae8c588b99a57542068dd1f68620aebe7a895f8cd
dop_2123-14_2023.tif	8426526	0e9b15baac88f86dc64bbb35659a26cbc84702d1400c56f0e9c0e8a11e533afc
dop_2123-15_2023.tif	7027078	6ed17d6266ba0766ac8f152f3fa4fb50f96bb13c7889314dedcde820cf8cc311
dop_2123-16_2023.tif	7826560	139453158a06e8c94a8427192591fd1ad86453df9dc313f2b91078f11cb4033b
dop_2123-17_2023.tif	10541903	57adb158fa00d90e5e6d7b0337e13c4895f0a8db8c39a0be1b22520cb516dba7
dop_2123-18_2023.tif	9957497	390a07f52aed6764733e7f2c7f396335f1efcbd00ff29ddafacc31511a8cce9b
dop_2123-19_2023.tif	7772049	bc7cd3bdefd5bcb0b65082a9c22f838d70361c6ad85ed5e0b551907eccff9828
dop_2123-20_2023.tif	10379976	13c2491c07589d908d868ee14c339197aeaf280274c9b636ef2e28290af8a3aa
dop_2123-21_2023.tif	8929423	fc9880c17de37d88c9deb0fc13b26be76cc9e240d4b81add640ed88b96569fd7
dop_2123-22_2023.tif	9869865	14a38a2c659a3a694db0e41342647576578702973138e387f6dca80becbfeeb5
dop_2123-23_2023.tif	6688423	6f930eb71f0d4c9f21d08c25fcd3907c4521d9670fa5b13dd30263960a87a585
dop_2123-24_2023.tif	8536147	20eeab27be191619427e420c7b921519b9fa98299b5cc4234b9764db6ba28865
dop_2123-25_2023.tif	10482028	9cf7301b160e4e094626f0c257270778c203e16b4617f2869597d88c1b06fcfd
dop_2123-26_2023.tif	10336651	03f7f160b4c0c106c42fd84874a81f8f0851ac3d29636aa016e62390c7fc260c
dop_2123-27_2023.tif	10527424	a8f99c0f13e4c7f9785e9a79486c43a06d74c53f47d0b79d3a1cb7b6017129f5
dop_2123-28_2023.tif	10523676	1bc2683d77c1909321b6fccf1c8d877d3153991ce750d1e7f7fe6d1965abd3e7
dop_2123-29_2023.tif	9652302	0e43d641ed6e7d28bf51a3fecc34260fbf7b2f326870a2629d3436fef0cc2721
dop_2123-30_2023.tif	9862367	3658020986e4a17d7c4c94343e0d961044ee9258ca1b4a95593fe5284e94e153
dop_2123-31_2023.tif	6929558	b0ab770a58eeef8a3c2fec45f223560166679a8224007b23990b9d4090972474
dop_2123-32_2023.tif	9571013	f636aa9c5cdd0bddc1ea6f96765628f68aee35cdbd1325fcac407e1117bf90e3
dop_2123-33_2023.tif	10219764	5cd94c47a0c437d0528c3e948af9dd5950cd530635b1344c92c9fee3d518c792
dop_2123-34_2023.tif	9997512	0da9716202558993d468517d21121eed6cfe171aabd67dca1bb8dd12e5079a81
dop_2123-35_2023.tif	8805047	6cc4f923e5159cc311af74542a1a4256f47d8935d68aa91ec1db0e8769c1d1cd
dop_2123-36_2023.tif	9727128	73a8ea9c3c4160b1acca1152bea48fc6587cc4fb7127471a7305da1914c0046e
dop_2123-37_2023.tif	11165832	6a34ce3723d6c66a2299e9f93a7c7fc2e9a3a6ee1c7cee198d686059256cd616
dop_2123-38_2023.tif	8879263	f3b55fba84df971fd71dac11d907924e3cb2aede87f56140c006f372fce26f88
dop_2123-39_2023.tif	5307772	a41bcd47e56d55d607963262fd8e4d7f38ebf79b4e0eed25594569ae66a433bc
dop_2123-40_2023.tif	8390407	7577f26685c6f2df33f635267411ef8ac262ba2d80ab3d7320f15fdc6d157ee6
dop_2123-41_2023.tif	9664998	caea0f2ec3be824c2d626d91acfa5d19d812c2d2e1006b80b02afc9501de6016
dop_2123-42_2023.tif	7314386	386042306cfd68c28dae38459be7688b44dd2d40d118856dabe3c7dc58c523d8
dop_2123-43_2023.tif	9820043	d880952d51edb340c5a1a143848b7e420f9b52d45cb384ab6cb15b19fa567510
dop_2123-44_2023.tif	10562789	0c4de1158d72884bea268812a9da08ae5d55b42a9d11c812af50d02290ffa6c6
dop_2123-45_2023.tif	10019550	1ba6ab1089985ec832b10c98e0485ec1ca2d4ee02d70e09c4bbf24723cc95b06
dop_2123-46_2023.tif	7239194	e1033bc80e570bd6437a7edea2c83aaebae4428244fee42e2f699ed89d750048
dop_2123-47_2023.tif	9293462	efaaf6bbb01fad1bb3fba525d7cf73eb4d32b2188e8ed920e75115306bb25c04
dop_2123-48_2023.tif	8616306	35e1071324a1fb43afe5d395e195d18ff1d1a25393a9fc833961f6a74e4fd383
dop_2123-49_2023.tif	7900441	e6576ad53326e3a73ed69cb7767bed4d8b8c909d4b1d180be21bc20adbaf8ec3
dop_2123-50_2023.tif	6919685	c954eb8ec6c1a90a4c233b62bfd483aa11ad20829e47f9ad374685367394c8d5
dop_2123-51_2023.tif	8795830	1ab2074066b9608528ebde02f6eeb0abcfa9ffd3526463662a08136adda1ca4e
dop_2123-52_2023.tif	10062880	5752290685a9f4a0b5c4c4aae6cd0e9675dd731abcd23d76a2d7737ed5deb97d
dop_2123-53_2023.tif	10374124	8317d2729955603106269e639f8cc31c20b618c19137f5a9d69b60c822ce149e
dop_2123-54_2023.tif	9355676	6ef4da1babc2f379af9479abc65f00feff2d11c0b1c5cf34c56de9c972340d17
dop_2123-55_2023.tif	9979637	f4aa53202c8b9c40ace75dea44bc8db75c4e364415a068f68d2e31ad5f602db8
dop_2123-56_2023.tif	8190151	dff04a454f1f6a8bf6b6cfbd67b32df5794d22b35e42082160c9126240681511
dop_2123-57_2023.tif	6565045	327c68cc0666e9c6fb50409ddfe4eaae5376232302e3ff1ec269abb0953341ed
dop_2123-58_2023.tif	8740257	451d1fe06f9e51c42cf22411094fd946e772a9ab353401c19a83a4e19ef288d6
dop_2123-59_2023.tif	10316795	e298679f76f309eae3430568b42e2e81e5b564b037f0a9141881026424968e11
dop_2123-60_2023.tif	9134676	bdb991c99384116170715bb46300a6234cfa1144e83c2e988d010a1f0e3e05ce
dop_2123-61_2023.tif	10799353	b6da66f5830e8237af7a941c6cf3ee2082a922a011119b23a772db9ab7816c1a
dop_2123-62_2023.tif	10230813	561616d6e1f2957b234c31dbd4833794c61670388cc990d9a1e2f0ff3e84ddcb
dop_2123-63_2023.tif	10881979	ab0cb8f1e05d4f28ca77afcf047a807c5bd56a117d6418651aa6e5e8ed11307c
dop_2123-64_2023.tif	9809214	938418263b397090dec8931e5fe6c93c05f6f8d4a34b129553e7af428bc63c51
dop_2123-65_2023.tif	8394786	afd97866765cc1ea6774d837d4ecbc6f4ad74ed3c1810db2590c9f4ec89d63e8
dop_2123-66_2023.tif	10930769	1b894c91c5af7090f3c1b459042772ddbdda33490321e9e920b9fdf2f285e25b
dop_2123-67_2023.tif	9859240	0a70d06da527ae1f717548216ab0387dfec93e4393a1237c8e54662852957522
dop_2123-68_2023.tif	10454004	bd125a06f96b577781389f3f9ced75b5f8c630573be5cd89969d91b1d620a345
dop_2123-69_2023.tif	9991594	04d80fdc11e748a4abd04bc99fdb9a3792376ec0ecee53baa63819ffe64c7c56
dop_2123-70_2023.tif	10777974	67e7068c3003754050613e2ff3fc7ea78c263c382bbf0c8c16371eb28de56f69
dop_2123-71_2023.tif	10827813	0dfb8946425acac32e1be148b0a5c7c691112b1304cd70feff19773fbf4ca575
dop_2123-72_2023.tif	9066297	6f9ade296f51b4ffe71ab647cd01f15924e810346b0fcca276441158b8bb294a
dop_2123-73_2023.tif	8945176	fcc9eefe7f0edaebd1df619bcf143a77a7cfc7ba603025499c4ba91eba3602a1
dop_2123-74_2023.tif	11478619	c6c81ef44225ebaf7100e821a4d203b8b38e6fd135b74b60abc6150e02826a07
dop_2123-75_2023.tif	10068847	1a3b30f385cfe40c8553e2a523d3723acb5a975ed3cc1cb9c28e18cbc43af3bd
dop_2123-76_2023.tif	11246583	943c7f2cd21cc052705185ab722ab9c4ad4314a4daa303e9aec1bac83fdfb6de
dop_2123-77_2023.tif	9729975	c4871335453adcbac064ba9063f4bdd16eb04b5264f62fc25e75256a6deeade4
dop_2123-78_2023.tif	7874879	c0da7e5ea4138c657dad49014c2fb63ea824600367a9adedca3b8093811b71ae
dop_2123-79_2023.tif	10693534	6026d6e7def4b1bd0ceea617bd080f9400f789839b5649565d7b69f143558a62
dop_2123-80_2023.tif	8575471	8f9fe94baf37822b6e76cd7ae4258a3cadfd4b4c2ffab17ca740437ced5e2188
dop_2124-01_2023.tif	5965264	1818a83faffaed7ab85145a7c4087ea4d2f028f61e50023946e81abb8cd6936d
dop_2124-02_2023.tif	6200594	a2250ae2399281c34668353fda203cc64eb79fb9315a55f8d60de10647b3950e
dop_2124-03_2023.tif	5474593	0537f6a1bfd21722d585252094739987448d6bcb40176f4b6c5db84eb1a4fc7c
dop_2124-04_2023.tif	5131888	ede249885970646bc8d302407069a8b13ec2f56a148d2e73d90a71b86b12ce36
dop_2124-05_2023.tif	4830671	cd0a18c09b0102ea1f75f8eb101d49143541629b5da93f8fd60148319059ca41
dop_2124-06_2023.tif	5179192	0b8d0d29189c0ba39141d92db5805df1824f3054d0d29ce8dfd7e7f8f70717a4
dop_2124-07_2023.tif	5076010	1290e439d9a94c80941a2eb2ed6733a7eb61f829d20a813c8e07081e6d8076b9
dop_2124-08_2023.tif	4843785	29b392a93517cb684801b23f55a443b5038c724b2a43299cf2a067d7e99235d3
dop_2124-09_2023.tif	4992393	ccdf6359782beee508b3e1b5b2ebbbd73a0af8eb650ca43edd877ac09befe3f5
dop_2124-10_2023.tif	4739955	9680a186930b1b818392d0164cc8d1e8a0210dcad2db964e914c8164c6edb4e6
dop_2124-11_2023.tif	5335212	1e2ac583da14fed95193f02af49de39688e471d6f3dd716019ac50d31e8ef355
dop_2124-12_2023.tif	4924408	0c34496467ed8d6b63b1380ececc8a4b58be502a2c41069b760073ecfaf5fad1
dop_2124-13_2023.tif	5210563	b3325fa7406bee501e8ee116bcf228e6fee6945b5ec9070aa712c354ac6141d4
dop_2124-14_2023.tif	4990078	c79db91bf44d3e8dc643663a8a51a33732f20e5f97628bdf1e5a0655bfd72bcc
dop_2124-15_2023.tif	5101731	02f9e9f2ec3ef01797b9097d19a38665e319f6ab6e9130b0ea8cacb19a877a19
dop_2124-16_2023.tif	4845953	600bd82c4dcd44537e46a200f6d0f73e847fbada8d06b1127dbe6c74710f7427
dop_2124-17_2023.tif	4610941	be155f28e15c9e9dabb6f73bf9ebba9ac3b8eb07a83fa9658e1dab8b02d8c7d5
dop_2124-18_2023.tif	4963943	b0a6e721a0a18e4d57a17aa8734b26d86b4f138cb1f74c36f570e0fff09b73f1
dop_2124-19_2023.tif	5181691	7dc9adc24d8e00dbbf2d688b1a524395e83a7abc496035e87d2dc07e991e826d
dop_2124-20_2023.tif	5580110	e155200db9f8d5780872e336316a488272fdbfa9a5f401ca79fa006e278a067d
dop_2124-21_2023.tif	5472311	54f578649f258e3183f0972673273a1277fc1201ea1e92542dfb48eb4929f9c7
dop_2124-22_2023.tif	5143655	f5c7e3cee7f79f8193943e1d05ed5a68ee92d95a983c7ce63cd4fcc67cdecd78
dop_2124-23_2023.tif	5678677	88eb5898c6ca1cb1bb879b671acf146a2d8d0eaa7639e0ec7bc6b8fc54d1e879
dop_2124-24_2023.tif	4896064	4793dc0f82391a0987c3b3c2cb5329a1ccef9d5355e1102e3d55c92d79f23430
dop_2124-25_2023.tif	5072300	1bbe9de3fb7215d9cff345f16ab227f14e5f59e092919c8a9489b0b02f4a648c
dop_2124-26_2023.tif	4136634	29eb8de43daaa0fabcb76cbddedf29e0d25d87c2fce474f4c7753af9859c8c7c
dop_2124-27_2023.tif	5058871	b06f74dbdc52d98d36fa8bbf8a992004875a1bbf90599b4d5e33b4ec1c70d820
dop_2124-28_2023.tif	6016112	f23824cacf02ba22a86f8af46b552a77f48e9f810b62400203276437d168dd50
dop_2124-29_2023.tif	5905473	fa9d1945a25cd66347a5f0b09e4c7cbb2785329488bb856233f544eebe7c275b
dop_2124-30_2023.tif	7063604	277a93a0cdd5ea38bb5ae66962ad333c505f9ea02187c7d2036c553800527ba2
dop_2124-31_2023.tif	5789128	f30fa90379238e527f91fa4eaebceda0be9cca3262f8e8e943c069a00b98a46d
dop_2124-32_2023.tif	5303225	0ed918e7237d185b35824524a4237edbcd775d69b928dbfd1ea4833572e6958e
dop_2124-33_2023.tif	5989845	81001eda18d0df3470be516a5624e2f1f249df0d96ab04229ff7130c29ada97d
dop_2124-34_2023.tif	6128810	154e39c4750e845c3153c5119ee4cc382a1ab16aaad0953775eb622a96c565b8
dop_2124-35_2023.tif	5679896	0a1b37b8399c93c60b216f694aa08547a6d8a48a46da6813b88e180cf8b07c9a
dop_2124-36_2023.tif	7833832	0b2bef32a220681758c65ba3bd2cfa52153c55aea60c2de1441ce5418c8e870c
dop_2124-37_2023.tif	8928880	adc21ffc6525b1ae1003efae09cd3ae28011bfb91f463f847d7c3ac477d15acf
dop_2124-38_2023.tif	8214370	61022b9551445237e3eeaed33d65dab00ead98a22f9a5037f264375a6920cee2
dop_2124-39_2023.tif	5520422	8b0eab4bb2fa382a2c165d5a9ba441b8a96c4469c289bdd01bd4295cb3e9f29b
dop_2124-40_2023.tif	5418810	c0bf2ecccf42cdc1f53793ad6f3a31f4843816cb228bb104f505eab6b995fa00
dop_2124-41_2023.tif	6252218	34213d2ba127ee97bedb9a2ec739d1795132ff332d9dbd16b7b9bfdf2e865250
dop_2124-42_2023.tif	6481856	d9e6797b947df58cc3414b668a318d6342b7d372d3fccc32c3ff20a5591a5c95
dop_2124-43_2023.tif	9097728	2daffcaa943b9249af99374ce601efe7d469af3e73d7a8498f6b9cfeeac6e95e
dop_2124-44_2023.tif	10009369	a651f059c9fa6448f10e7a5908a46a65d4f0fb3d810f0b6ca5defb89f93d3dfe
dop_2124-45_2023.tif	10337187	91506784b174bad90fe4d17284e03890568c5194ba3ee2702f9f0a7b0c634e5f
dop_2124-46_2023.tif	8825555	ad11480c94616cd10fc4b07ce507737b68d46ab951db16acbe559907ef2f4805
dop_2124-47_2023.tif	5915985	d477d594781e08c4ca5495baf1783f77c1f5c9cb7244dedbafaa3aed4c402ad4
dop_2124-48_2023.tif	6077298	229f2de96a6f91a55df064ae101f9f45643bed1a6137074df2888687a5d685aa
dop_2124-49_2023.tif	10081459	2478415ec9a286c277907e3535812d74f7d90226114a06c3b7aca17b8a0cd69b
dop_2124-50_2023.tif	7996969	fd025eb11719d7b8adc1d1067b81db87eade983b5a2317bcf6f913a4bc87853d
dop_2124-51_2023.tif	9544790	402b88684b9588ffec91b19e73651b8f11456ee69bbb59e1f227f440588eeb25
dop_2124-52_2023.tif	9272808	800a9fe3e0f161e022b8d8b7593d60ecb53bab21d1d60700e1d1e587e83da79d
dop_2124-53_2023.tif	9520200	433a1823a91e69af7a6bcf0093b807f4b921dcd8de118d4311fd444cda425021
dop_2124-54_2023.tif	7179989	b931b98351b230121546b388c717545643b93140a9a684b1fe0a698bc5c47612
dop_2124-55_2023.tif	6706632	cb851300b5c3e483f05aa3aa352802a62e9847b9b4af05adbf72eed54ff67bad
dop_2124-56_2023.tif	7473543	4ebe242a558da19e87898dc2a44e22c631546b67c9b75d68023004158cb62ca8
dop_2124-57_2023.tif	10409392	3351d384ceac084008b7c398191b0a758145876d11f0b1a23f54e9e39e30d5a5
dop_2124-58_2023.tif	8948216	42f44447037a2ef5ca555d68b35bce50f6a28c529c2631511ffa9a8cbb279d93
dop_2124-59_2023.tif	7633024	876e60b8576f117aa2e896e1d54b63cf805267b23e92188127ddf47ddaaaa0b2
dop_2124-60_2023.tif	6822611	80ca921608c479dde082690131aea1d4fd10ea8f107c5c73bcde73136ba77d77
dop_2124-61_2023.tif	7678570	cfe7a5098a201239b74862c6235612963b5dc05531fb66525b0ddbe640ba9aff
dop_2124-62_2023.tif	8253219	7fd6f838f809f5b55f4c6fd5804ad36fe80161f810eaf3869f30c5a8ef272de6
dop_2124-63_2023.tif	8370869	6e74227af7d91bef91317a2e9888ae4ab5fa939e703f3126899aea2d39862eae
dop_2124-64_2023.tif	10551606	0a11a152d52464031b1f2c3242030f10f6e49e80bfdb70b21fd1f67b3cd15ac7
dop_2124-65_2023.tif	8395919	d4d00e857eef8571c450c06b83d297246029b690c2599687aa63e8617eafbb52
dop_2124-66_2023.tif	7757446	a52e67b5be3d9ef8f80222fff4b765d48c36c660baeaf35b8e955751caf87c87
dop_2124-67_2023.tif	7161327	0fd6842721f9a3800e1898e9dfe0f2f68d4f34c62ae14d0d94d3e6318e58448e
dop_2124-68_2023.tif	7119521	7e22d4b5724e1b10f19b4c43b5a96ae8dc0faefcea4976e6bb493389268c5cc1
dop_2124-69_2023.tif	5882349	eedd8dae4b221ff296b9f68dd020ea0f8b97406d8bfedf69bb0bc544954cd833
dop_2124-70_2023.tif	7147877	3d04b5442518ede4760a824a7e1da781cce4177d71efea7a6b2a7a7b325ddefb
dop_2124-71_2023.tif	9139218	77f87cc3d72d4d87c82e2659615ee088a2d8605d69f36ea208d6174cfb930395
dop_2124-72_2023.tif	10452123	e1612a294dad1a4114713fe983164dacf174bc3c943bf67c40e6e1b927f7c097
dop_2124-73_2023.tif	6498120	8aaaffe8da0f92ee56a163ecbc65e439d78c7d1ee0b6d50edc0f631af12f3ee4
dop_2124-74_2023.tif	7551766	7601a3d19bbcd416a1b715152238c253521f1e85f3091ce4ed5d041c7f92ce59
dop_2124-75_2023.tif	9026845	3934f6771e8100c012e0a35d782d189cae20f395c1aa53fe1a5269ffe8c5432e
dop_2124-76_2023.tif	10857411	32ee032ae2028f0a8a1517698c89c83ba669cd266adcd6e3c71776559234d233
dop_2124-77_2023.tif	9517543	de06ac9d26ad66a5d59422253372686206cf2cb6991e5933faa688f29442fb95
dop_2124-78_2023.tif	7264638	8032ffa926cb78b93882613e2f7fc233acf5170dd58790b6bad5325be1f02384
dop_2124-79_2023.tif	7514782	1839cae62edb292a70eee66cda0df8f61088843ffc8d97b8ccd2f0996c3b8450
dop_2124-80_2023.tif	8536447	fca787b065498521687e44e43c7d135e5274393e013edcc1319d3c7d08247b5c
dop_2125-01_2023.tif	6640823	17495836da9156278fed7c68d8b379afcc570fc3bf493ecdc3af0b5c7a889b4f
dop_2125-02_2023.tif	8735715	a55f771fac9b5d70fa092aef9509f7308479c7270d9bc0460519f38a07c30198
dop_2125-03_2023.tif	8001058	bed837d12777c821d9c2f2225d311197e38d5ab3f23f73c5f7fff314d113d313
dop_2125-04_2023.tif	7729767	bf2cf08e96543e68516ccb89f76f758ee35f7d9cc22f3439950c5068103c40d9
dop_2125-05_2023.tif	6803101	3229fec04d59d439686830682e82f99b23177b51993bd6e4ad910beb5f036777
dop_2125-06_2023.tif	6749912	153d339dfd467dab149d481f5ffae235f1a248ca2ed33958a39da8c49015cff7
dop_2125-07_2023.tif	6703628	adb8342cae67eb2423fdf6f5bb69231f74c1e36b9b321a0b049890398552ba43
dop_2125-08_2023.tif	7394548	bfdc9b03e2d57a16290afdddea28106df440be968a74324564fe1b0ce0b278d2
dop_2125-09_2023.tif	5506266	d78b25a5ac7e88e181dcd5809de3f66fe17a38a2a07c2e4a8f706a2a2ac58589
dop_2125-10_2023.tif	5386359	50e9644cc89bdaf5c4b5a323a322558e7027c553e3988fda1af566e55a70f071
dop_2125-11_2023.tif	5913546	10b10df1b0821901a264aaae599790d8d6a198c8e8499083d60eaa1241b49de7
dop_2125-12_2023.tif	5726175	3140a2e4f1dc34a6910017f57cb228619f7c050cf3b03920b48fbb6a8bd270d5
dop_2125-13_2023.tif	5850746	c43ae60fc710bf1477749166a2598faff36cbadddf007485d1b1a15e7347b380
dop_2125-14_2023.tif	5389165	f7f28e8920c04c58f2c31d0b0a109c911efe0c83e88606909ac3236071e644b5
dop_2125-15_2023.tif	5349410	374d51e05fe9bcc8fc052fb5bbc0b5aedc1be990da9a894a19745c5473ee3087
dop_2125-16_2023.tif	5423093	18d3b708fe2b38653a406ddef67fd2f284419f27dba62c0239f9da75108355fa
dop_2125-17_2023.tif	6491298	cb9e754cda96ed7606845529e3e5ffca595af9fc9c0d06a6df292efabd2938e2
dop_2125-18_2023.tif	7163236	cfbc5563a48a7dfb559526562c963e5acd4b7ccf9e2be98d105a269345b1920d
dop_2125-19_2023.tif	5142809	72dcf925d8f94fcd98d1217ad9275afc11e63ebb64b19d146f12e8eca861624c
dop_2125-20_2023.tif	4767609	4989031c6b16a272f5c8ae8df9922703af28d62815f224cb7caa9673940939e9
dop_2125-21_2023.tif	4937375	be1b78e969c5d4654d94731782abbf20bf90b50e60fdb2dc5a5428744ac0c069
dop_2125-22_2023.tif	4699132	d29f4a94349d511329238286cbf5a77e0e81e89eaaef1894c8dc69c0d74db073
dop_2125-23_2023.tif	4398173	5ed07fb19dbc39e26e404a90703196b859ceb372904fd791985827ab7c350a53
dop_2125-24_2023.tif	4599620	8f0bb309392d82002d1a87d2163f5e16ed310c3ece2b3806afa477a3f4c97391
dop_2125-25_2023.tif	6839963	692271a71e8d399e14108db42d88afac59eba504493a633942e4ff39b23e178c
dop_2125-26_2023.tif	7281158	081289fc46ec9a90ab59ecffe7cd9344bd0375b08b5df775bb8a6d8035005948
dop_2125-27_2023.tif	8520460	ad28529da36ebfdefbda8824396d42fc6d2ebf2415fcd303031ac0ede8896f49
dop_2125-28_2023.tif	7223635	1546f5d302cfe13f2edf9dde6c8d13b73eb674a36b22d83c5ba8cc6bb5445729
dop_2125-29_2023.tif	8078120	71bac7d6ade406f7625a868ba86fee8dcbd950394c8e0a3b6819eb243d3135a1
dop_2125-30_2023.tif	6928668	49708823d67930821599396964e57c731dc5bb2b72b7169cca8c4c58974a5d90
dop_2125-31_2023.tif	4833970	dd6577b2f3d157c097c61f535ba654efeddb59376e83ddc01123e9df1d93b165
dop_2125-32_2023.tif	4218330	4f920c251ccbf39177f42265183bc59f0189b75772f193b1415a47a62d83c934
dop_2125-33_2023.tif	7415834	936c3a5e90287b9a177301e23626339a275c27c57649eac222f275c1cc385699
dop_2125-34_2023.tif	6075035	e568c7d851afc745f6e8ca0a35fbe0e1f6914558a859f07bdb64b6d3c492114a
dop_2125-35_2023.tif	5207326	06f41aa7d3fc0f2624940b2bd6883e8fffaf3640228812713fa7a48843b93e6f
dop_2125-36_2023.tif	5748926	b5d7f3f6a30625ed70a433495363c24212537c74a3ab8f452ddade252fcef41a
dop_2125-37_2023.tif	7857643	1c938b0dbf0d1c522d79dc1eb7dba80c3902c9bf811490f5b05dceb76290a414
dop_2125-38_2023.tif	9008861	15fbb4592c171817718095b893b44992fd9aa45fdecbdeb6ba199e0e7f119f34
dop_2125-39_2023.tif	5272877	5dd65301a0714da44b8d51c1c419a20ee8877fdf1f725f027c7aafdafeeb34d9
dop_2125-40_2023.tif	4367543	8a8088b796c0f4d74d304d16263a857d3b10ddf9d1f639f5b6a528e6354cd433
dop_2125-41_2023.tif	5879509	ab1338099711297f7b7c8e916d7b53e0a6af44a3339363f9ddb376a9d2308e4a
dop_2125-42_2023.tif	5301334	822551a56717db9b1e19ee13609e9e0c157c3214588328c70face84a3bafc212
dop_2125-43_2023.tif	4829342	6e0a0ab08b43c34792c7de01b2964b71588d1d6b708354c73beaea5a3608ac38
dop_2125-44_2023.tif	4856850	8ce140f4294324bad548d4666ca0d5fd03311c6bb595ee9adcaaf0d9e169d50f
dop_2125-45_2023.tif	6573179	9da9ccefb9fa661ab09da9ce74db537edca5a78bb5aba2125ed5b59862f386eb
dop_2125-46_2023.tif	8011714	e8f4edc3712c03a5f1f564ceca5dc885f325df4a2ea1c7fd50aa54e5302c1ca2
dop_2125-47_2023.tif	5461485	407756895271c548d6b36086177fe4b9247ee8f88ead0476be30dd6dc48476b9
dop_2125-48_2023.tif	4232782	5e7103aa13cb2c09cc1cbdf931a9142f80000ab0769016532d3f11c426fcd0f6
dop_2125-49_2023.tif	6051752	163ddfe74db2dd5fa7bc48d3dba7540c2a6ae1eb063559d1b0624710051295f1
dop_2125-50_2023.tif	5289318	8638274fe17da991adedaf26c1098df28dbbbcc8793aae6351747fcfded32e5b
dop_2125-51_2023.tif	4976438	3bfccf0f4dc8ace263bb6c9c9dc2fafe4a40e9c7e4938ee224cd37d860d6e43a
dop_2125-52_2023.tif	4992719	8d4d0ac6de20617c20352e6c6d88e0f27a2154029a5d2db34d2026db56408c3f
dop_2125-53_2023.tif	5424425	95d22925af8dc3179e7cebb897a4512683cbc57ec3a7e0d4c1e737cfd2f506d8
dop_2125-54_2023.tif	4964240	54fa210feded62367f42bdf0fb4c24cd3c0f63919cd05d34c9c7d95b46ef4651
dop_2125-55_2023.tif	4713548	813814fe173c30b1c50f2c429c8fe6d25766106932e32152c6443a901c21f34c
dop_2125-56_2023.tif	4571362	db4656b042fa6196565ec8c089dcf60a81e2d9535ed14cd763042d417c19f815
dop_2125-57_2023.tif	5436301	27823a63f5dd5c7fe188456cdc4222ef255c1d56191c6be256704fe76726eb1e
dop_2125-58_2023.tif	4634793	6e7cdad6a3e3cfcfdd5afd2ad75a6b3ce5b64f42ba97755f50952b59626bdee2
dop_2125-59_2023.tif	4676936	350b7b763cab158921f9c3770fc127cd79c328aa740fea1aa5a53761699dd9a9
dop_2125-60_2023.tif	4965734	784d1c4084478719cebf87382b3dbfaf8cb9000f0dfc89be8d597c053c4ca05f
dop_2125-61_2023.tif	5529417	c61b1e7814899fb3a3fc96fd118ad90509cbc3ad20b7e512e94b5baa38e43f70
dop_2125-62_2023.tif	5802435	248c3eb269733d87f32b44eeb9a194cd39f4ad3b4a7da463ec735640692d3ff7
dop_2125-63_2023.tif	5260961	0dec0e1348433290947fc7d7c333e1b5ab3747cfe979c0cc0b55b7d650a94b39
dop_2125-64_2023.tif	4863796	67cb25718610a6750579e2734050b76dc96b0a6a1affab41abeae930bf7d8a18
dop_2126-17_2023.tif	5566755	c0e67f244e4635e9f7f2883ea34001f338d22b1ad36067046ac94d82310b61f4
dop_2126-18_2023.tif	5920778	1e62ccca4b4fd9f2d51a15611183aa0cd47e74ad6423fb782b28a336f7040b42
dop_2126-19_2023.tif	6363630	855b1d2e05a528f8dc1e4a740ba9394b6fa40186932cdd9999ff12a7ad778cea
dop_2126-25_2023.tif	5744506	85f2a23a7b25c5ad8cbee37bb1811bf496632a8485a417653f171691524650ca
dop_2126-26_2023.tif	8127984	a9a2e9b7c6569d16d803f65a56e3abb7ac1c93d98b1cd9e6122ac3e930b80511
dop_2126-27_2023.tif	7067332	b1e6cc8ff4c337672f6ede997ab2cd07074e8d1d875341b684c18c4e30907ab5
dop_2126-28_2023.tif	5789075	9b912542be04e687716ce5cda8e7391c06d7693f4ecc1a2b4d0f2b92b503129d
dop_2126-33_2023.tif	8880679	d2e47f407108a3ea9b0d82dd23ba906b24bf6cf8e9176dd3d74c75dc949ead46
dop_2126-34_2023.tif	7429603	676a3ca7bee8915d634c7849fc29698c8fdb28b594c8c8c373ac040ef8a14ba1
dop_2126-35_2023.tif	7777257	231e3b37538a7f4e3ea95b8360d04c32fe5afb2603b05291bddce66af737f9a4
dop_2126-36_2023.tif	8380381	3cd57e1ed33d95a7d742900887f476fedba388ee6220878e19e173eb91181962
dop_2126-41_2023.tif	8021348	f6246cbdda70e72263395195c6830a05979ca97022023cd3b60e9c5b672a3314
dop_2126-42_2023.tif	8449636	e70505f9cebe73d002e011ba75e5f8c03933320fa80a55387d253e3924365c09
dop_2126-43_2023.tif	9241369	8e941d83e7fb0e8e7513157ff9496592c906347b3b4ac894d1f1f511ae20aa3a
dop_2126-44_2023.tif	8044773	21a7a6cf24791c25ea9cf6effc0afd7c356aa6d45c4d71527ab3e67143a86b5c
dop_2126-45_2023.tif	7903142	11988504193f7e5f2480b1f49fba64129e5b12935a6381abcfe36bb89d68cf20
dop_2126-46_2023.tif	6205035	e97f97efb32e7166e5888e3fb6bd01483cf4a97eeb34e78de3a3364489ae1885
dop_2126-49_2023.tif	6562062	654ddea4f7d70e296dea8fea31095f42f4f5ab11647be6a4f1f395a307f4d865
dop_2126-50_2023.tif	6682078	9b51f4fd14b19df7d26b3aed3f8080d106f9fc7545b3cae74c76c64f1c65eab4
dop_2126-51_2023.tif	8585013	0e862480146e22211059fca79a5f240a93a93b85d42af64f6f9eb41cb60374d8
dop_2126-52_2023.tif	8358070	47cc68b9ba67b1157edeb85daee64b0d9f83eab5593c9af804f98f2b57711768
dop_2126-53_2023.tif	7678118	142348fa37fc6ae7fd6686cae115e188078935c46fa593a8569ac13b445b0d19
dop_2126-54_2023.tif	6500955	e384a4dedad08d8270047c870e83ef64c9441b7bad346a448aabee42c6bdc5ea
dop_2126-55_2023.tif	5508864	431a87c970d2d76e13d56eeeaefe1eb1699244f6fe86519e2cacc6fffc6f1e21
dop_2126-57_2023.tif	10871541	9f4e708c0eb4ad45d542ed6f382d6699359a3c147e65c64ddfa76b24599c523e
dop_2126-58_2023.tif	8268937	e5a367770d8075aef62747f151b68536cdd8a7e87baba32bc9aa5521059dd73e
dop_2126-59_2023.tif	7149575	0051d944526b6d950c756ac28a221c4ed198d55956c5c75a63296a78f0e367bd
dop_2126-60_2023.tif	6238068	f750228f1ad14239bc997a088095e6cd455f6e7290fcd0b0e501b0c07d708d09
dop_2126-61_2023.tif	6937560	b4a1a708c08fffed012209dc73fb73ccd2ba74f5e995881016a286d1d03be157
dop_2126-62_2023.tif	6857889	ce6b34c9fee5d090c5a4e2449a170f5a0271f3e04923eff6598ef9f5602b999d
dop_2126-63_2023.tif	6990192	c39f82462b553a33a41486b451d366219f01d7ff2412d9048f3fefc9fd5d38e6
dop_2126-64_2023.tif	8499592	e3891d2e895c3199a000598e984333507ceef9f181557c2d6dbbc05e620cf57c
dop_2221-01_2023.tif	10539837	a1bff7af79781850b970790488140dddc4198688b760c81830b9e48b960dc3d2
dop_2221-02_2023.tif	11135709	d452f7cb72aa37bd0731b7136e45ebe3ecde730c7c067cb0a00859d8ca250a87
dop_2221-03_2023.tif	9575157	df5bd8c7917baba1764aaf4eacdad790f4e7e2f4cdabe97cd2995ce63af70302
dop_2221-04_2023.tif	8674144	c6880f330b32807c42b1d03adebc005117c4f503b58c2aa790eb7538f7c36699
dop_2221-05_2023.tif	7775292	774a8432f5f1f275c06474debd5506b532499ef6fb3885fa44cbadd7d4598d59
dop_2221-06_2023.tif	5502496	dc3828e06a1dba478f2655f7ef69c5ac8d12f5779851887810b13329d786e784
dop_2221-07_2023.tif	6452960	be9a8ed3c6f215b86ac744382d373f28d504671329113a86770bf84b9b04d034
dop_2221-08_2023.tif	11049139	d5a441fd284afe9c8006130c2ed330b05d6fa783bdd30ff5717cf2b0ad57250f
dop_2221-09_2023.tif	9726961	8a8484e8cf9b80d325bdda70dce1275a76801c3c344d00e68ce205bf041f9158
dop_2221-10_2023.tif	7934198	bb5840a8f81a336c360b04011e1bc29cc0d8647965a5a06371d28e8a9ba9b55f
dop_2221-11_2023.tif	6877580	6a01e631af1fc7f72e05939ff5d09df207404bed05ea1dcf223caa33a2eb1784
dop_2221-12_2023.tif	6923768	3d4a788bffd6580f397885ee3cb10fecb20ec78ba474cc225e3e2c0927853dcd
dop_2221-13_2023.tif	6032445	f87a00522ae99659414ed8b3f83f7ba42d088f84236ac2d5c93acf413c66321b
dop_2221-14_2023.tif	7953719	357fa3df867782b4b9f548140e73305937a963eb062c9fe5388bfdfcbd171106
dop_2221-15_2023.tif	6892449	2ce990ef42181c491f322e9b216e7e71f0b44b9c036a5942a5c8fee59924b4b4
dop_2221-16_2023.tif	10290626	c00f7aca1cc52df13e8d3fec0c9a34616f66b6fd9194b46eeddeccbb96b387b8
dop_2221-17_2023.tif	9802339	5aa5cb8bb9e3f11eb628c307ea44cb9c2df603d2b33ec22c455ef4ebd6999d09
dop_2221-18_2023.tif	9207661	c1decca8e01c2c1e4ad3e5886679925d6a528ccc5c0d74dfd7eae4622b8112ed
dop_2221-19_2023.tif	7879304	e9e3b6294b1d1647a3c471b7300d155ac62e61b959952d7e679e80f4266cdacd
dop_2221-20_2023.tif	9635648	96ce1e9f260ffa58b68d779ce20532a367c616935b9a5bbe10be060612655c4a
dop_2221-21_2023.tif	8459564	5f4e999a9c2c65b06291495a9c63e6cfa9f0eef18376be40e273012ce7088c0f
dop_2221-22_2023.tif	11211748	099f1d16561ea9c4172fd129dfb35c28f7ea3d2fac089f6b6c30c0cb8f555d7c
dop_2221-23_2023.tif	8175624	f8c38c7dc4302702fb28be35e26071acdcc7b1ddddfb9779f75f58aa4c39f141
dop_2221-24_2023.tif	10163888	70e23bc81fea7bb2e390a3dcc8de945b5efdacc248114c6c6d1a67e145a19113
dop_2221-25_2023.tif	9702759	9ad8ba273712f36230abf97ddf5794b263b6135c244f76d1a822b7a068e307c5
dop_2221-26_2023.tif	9624975	54876a6bf71329a9c3c2372394c33f5746e5835e40e7ca5aedff469faa63ee95
dop_2221-27_2023.tif	10078831	8e21ba8b299dff178ef2902247e48237db005eb5c6bd634fb3a8ae6b02bb7079
dop_2221-28_2023.tif	9090887	a9965407e8198fc77e6175d68d1c217cb9bfc16588a38bad03855f1158c2b408
dop_2221-29_2023.tif	10363892	8dba970f67bdbec2d4bbdf08de132045e2ea71975f8fe1d6f80671191c8f353e
dop_2221-30_2023.tif	11402813	db57922480e2d0b1d85b54a8d72601e262465c50c42c7ed8792a8b13e7c52a7f
dop_2221-31_2023.tif	9023962	48e83b30fcc993ae85f37842e5e6f4bc8eef6344c37a2519bd17a4f4185c8f5d
dop_2221-32_2023.tif	10284002	bd0a6df1b6f6a933ea382c3f7fd78f7042d2478b92305791b7a001cc15e36c63
dop_2221-33_2023.tif	11154736	8220ce1eab8335e6457c8d549f16568a8b83f00795d8d243ec950153ce829ecb
dop_2221-34_2023.tif	10650685	8b3aba72ebc2b3bf99bd82c39892271a1faaf1133a48ef49c321f78c274d866b
dop_2221-35_2023.tif	10895730	945766b90e4b42d4749a692ef8fe5d69de689b32db5d0d05a265abb867dbf87b
dop_2221-36_2023.tif	9785149	c49c18d556c7c11a6e9f0b438002383bb2f2fea3287c09a05dc82ae9c5141165
dop_2221-37_2023.tif	10974732	6b8e94fa44b636604a8a756e8e7bce6ee941da916e73ed2e080af2292118de9c
dop_2221-38_2023.tif	11334038	cbab984003400d4333619779d83b014f95bceed3b7af09e49ac6da5e2f0e18b5
dop_2221-39_2023.tif	10921833	e1d5133503ff4566b0553a8bed894d94b47f6f5a83706ea214a83be7a9854462
dop_2221-40_2023.tif	11933824	62853358310dbdc5359a65d781e36376a5c07be981f0b9b2388f8d19a7e8704c
dop_2221-41_2023.tif	9308049	220452869c849a113fdd7308757b04b648502b90407edca28699ebfc74b17a70
dop_2221-42_2023.tif	9870575	0d08827a8a0985209d3d7b07d249020111b72145292a09fe0d3b400cd94342cc
dop_2221-43_2023.tif	11997075	2d1f1899a26ef6010cb00c797b278eef48d404f10997dd5881d9ac1a2c4d4a80
dop_2221-44_2023.tif	10594644	4771f8e924e75e4c1ee28346a0681a711908fe382f723504565dc8f3cef2462c
dop_2221-45_2023.tif	10253607	4f7a27bcee0d407c50a6dde64f46fa0767d75e133182d1a266b58683eb4b6a56
dop_2221-46_2023.tif	11659801	5c20cd47f3b35f2f55400e4fe258d767c8e918a52b7f6d2201e603d387904380
dop_2221-47_2023.tif	11534983	86ac7844fbf47bca87237ff0cf149a566a206bc8124698b4f6a484515c118af2
dop_2221-48_2023.tif	11002622	cfee10812075ddb39f76cc6ecc608a48b72313b57412a501540e72f3be03ff2d
dop_2221-49_2023.tif	10700296	bf14438cfc83bfae04352b500455c9dce0b4d5619af5d286f1a2cde0a4632d75
dop_2221-50_2023.tif	10805655	bdd16c9a43738beb67363fcb9fdd62b7120a17e9968919327f946a3e557e78f5
dop_2221-51_2023.tif	10475361	f7b0c6e196bc7c0b7cb78f1717a4dd091a487821fe35344b96829a11d0b800ed
dop_2221-52_2023.tif	9824790	5ae9084ebab33bd8c8c6e70c30560cddacd993bf25868174b885aab2afa005b3
dop_2221-53_2023.tif	11448117	5e55430d88035ec1b2b4acd0a751beddd6e81efcea74fbd08034353ce4ac4488
dop_2221-54_2023.tif	11583607	208ecb3d1f4833b77cb82feec192f8284fa76ea8d7410c399369280a0de797d6
dop_2221-55_2023.tif	11048721	c525ba8167eb432a038d8705c7c561505da9d53ce570b1db1f5b580b9890c41a
dop_2221-56_2023.tif	11902776	8896f167bfe04e92ad06ddd1486a5e2cfb6c2ca29cedd51d55bb932ab58f95a4
dop_2221-57_2023.tif	10893627	a5ce13604b2b504732899fb715471812e7d4f95028db285aab2b4ab86babc5ca
dop_2221-58_2023.tif	12389182	13fc98a1ec079705af581068d1f8baf282228a8ff7877bd0ae0657bbd486c0f5
dop_2221-59_2023.tif	10770579	511f390c48a874d605ed2ed9eb270737b9a1c07249350eb77133e245e3d0ee7f
dop_2221-60_2023.tif	10371490	733bee3d33916b465bbc0f39d9e276f33e709e1138171b53c25547b1cb374e1c
dop_2221-61_2023.tif	11859614	7db78315f3656a70081799bf7478b5796c58c34f55214ff390c97394c9bb5a81
dop_2221-62_2023.tif	12182438	dfa1e523f5082bb97be9474153c945a415db52df21f8591ca4d1800e181cd2ed
dop_2221-65_2023.tif	10622267	4f11abd203f462bfc9debc952e485e8a42631c1efaac53c618c1c1f6995357c6
dop_2221-66_2023.tif	12380114	a4aac1ccdce5afa0223a91f4423d3f621aceb5bddbc21219578476897e440e45
dop_2221-67_2023.tif	11103574	55e6a64c5c321ac7e0a0e53872212c51dd9cccf1f33d96f67c0d365208b07d34
dop_2221-68_2023.tif	10380877	508baed83ceef677a77bce13a3b9592770044691a6b3c4cb163cb12ebb03a2db
dop_2221-73_2023.tif	11280816	0d5657784e1b4781fe388411776ead464c1632ab3b2961827de3cb75b3c05688
dop_2221-74_2023.tif	12210025	413bc004da410678605f4c5daa283be591da0d8ce0de308d9e94085e55e9547d
dop_2221-75_2023.tif	12315743	11b1e8f9bd01fe4bd74e471507cad8aa174db39102893cb452ff531e5fb08f85
dop_2221-76_2023.tif	12155288	ce2ceafa3d93c4719ce32ba65d3a8d2b0f8e310a863bea96b3b6f7b7d638a91b
dop_2222-01_2023.tif	7265325	3e674bb8947e4d105429980e98dcb50c7d7f3f8d5480ba93c2860b1e291aebed
dop_2222-02_2023.tif	9346803	b3aea67882166cc620030cf97fc4d895814efaf8f0288f2f329be41439ffb266
dop_2222-03_2023.tif	10928179	25f4f4a42f27ca35459e8738b7cdc9bf3453aa787166ec52acbb304abe195009
dop_2222-04_2023.tif	10633340	448fc29a3750be3e6a33aea4be5b9a796deefb4781aa84eee5051ff4d92d39da
dop_2222-05_2023.tif	11561616	0211bce376711c30a574eeef25e4c5f3754c04d3fe3a6436490d8ca146e6376d
dop_2222-06_2023.tif	9011222	f2b25319fca7135bd8ba818599a76fff1bcf005ba3cb6655425370ad944717d8
dop_2222-07_2023.tif	6379063	01f982d4ec679afd1273cfc3bf294b776d2c4204e5c6c8c55e08dd642e3a9975
dop_2222-08_2023.tif	6696955	76243c01419539cd3572ebb67ea2dae31f4e7539930358e356dae17af7c72bb6
dop_2222-09_2023.tif	9622091	0ba8e3b15467ec6f0e584e46844068034c67f818f02422f3afc84c1ed855beb9
dop_2222-10_2023.tif	11200586	f9b11e2290fad9eb629f2afb59881c79534f5b7fbb9ad85bdb6e37a1b10ceeac
dop_2222-11_2023.tif	11357903	2702853e19ba6fcbf32f9938d73b3d8e241aa3c4ddcb55767f9ac79f19397005
dop_2222-12_2023.tif	9819245	14fe457293c4216a7717112c1e3c14bb93bcfdfbc81dcb3789cc826c7d0c08e0
dop_2222-13_2023.tif	8180897	b53dcab5964d21357412e208d6e00b616af13d471f7e55f6ebbdccc4f049c8d1
dop_2222-14_2023.tif	7330326	5fc3cf7ab635b0d860d223126bf471f2fe7af63c9e382f60f187aa0cf484fde8
dop_2222-15_2023.tif	7802269	448f6b28ac5428340b29a4eeee3dd9989f214e68f31de2fc752e47080899e665
dop_2222-16_2023.tif	10123050	93a921c9834e19bd561c6d86ea715ad48ed3c613c3bfa7a671fd4ee86fb581c4
dop_2222-17_2023.tif	10963193	2bdd11fb84c42727b53d6655113a09b17e3a63c5bda5aac8e073fddc97540377
dop_2222-18_2023.tif	9918092	f139445910f53f5b189a2b5132a82abbcfb462a4e33f63ec4e1dbc9d7559fbd1
dop_2222-19_2023.tif	11575455	74dd603b3efcd4fb8d53b86338b522aa36aa654dca1b4f03bc49038f1cbe3648
dop_2222-20_2023.tif	8772810	e232fefc5d54c5b0b3b92a4f447c5cd40842a18883836c6b65a2075a6f9bc070
dop_2222-21_2023.tif	6517927	15fa4b134369ec1e5ae124450fa91a03c97ee5111235364f10ed83b8b40114e7
dop_2222-22_2023.tif	8970877	5ca25ad456bd7fd133d92d9227c5f7828b230e9711d6a054914e46fdd23a932e
dop_2222-23_2023.tif	11202464	97b76d947ad34f64f3a9d322a8a63a46f0710636d44b16cfe764a170ac1c6099
dop_2222-24_2023.tif	9899293	d19565471201d868f8a6e9fdcc686900156b6b9c7311bf89a818ad4f406d0090
dop_2222-25_2023.tif	9537580	48847b8ea91290122ff209ba09d5da672464a7d371c1c7f8d8cceb5bf176f2dc
dop_2222-26_2023.tif	12290506	911efa2fabd7828f7f0b0d5082d00135ed14f80772ebd805827cf4a819287a5f
dop_2222-27_2023.tif	9944442	030e6cb4f90783bd330297f9f2501b5f726435a3e63538edd257022320fe95f6
dop_2222-28_2023.tif	10064166	02e005ba0c48dd54eee94d2b0330d8bd83bc79334e8dcd1cad4a946673890f35
dop_2222-29_2023.tif	10043081	7fb85cb35af95fe20af7a5656d112522357d2606ddaa7e43dd9fdbd8478254e2
dop_2222-30_2023.tif	9859484	500aa35372bd01b3298461d8f97ebac3f20ca7f40af7670d7e3abf9576c742d2
dop_2222-31_2023.tif	11742614	5b2d0211fbb04ddabd2fcf9023c06ac89b967a9192dd17c8a4454f39b4e3b3f3
dop_2222-32_2023.tif	9383491	5a152a2ea9b4bc71b4ad5330b6fa4a5acd35124e7d8409a6886d7673a7461773
dop_2222-33_2023.tif	10938878	4063bdc67d864450fdd8b33241ccce5313ce07bab78b70f51497ee743d9df13c
dop_2222-34_2023.tif	10590431	e27de8af85ce4229ae4ccf107f8348d01c4caaf8fe45e77ad8373c909fe9c20a
dop_2222-35_2023.tif	9530375	dcf68c8e1f4d10961949e870d18f39041f2b492e7f6b2f5efb4c72ee31bc4c5b
dop_2222-36_2023.tif	12189576	50ee592d0c35e036f89fddf1446b9a603fc36a43ade6d824dc916c8be7e37451
dop_2222-37_2023.tif	11823665	bfbb564f65d764e9ac0b770704f87400aefe78da568764ca31bd547ac936b91f
dop_2222-38_2023.tif	11017441	5fc90109e0886377eeee7079c05685baac3a4bd7e4ea28e13ecba061dc090d90
dop_2222-39_2023.tif	10219184	ea8770ecfc6b172e4d844618ba16bb7dd5b3a01063127889be4a4dd451e9a4da
dop_2222-40_2023.tif	8835557	95b29acb7889b2208dc6e33d2d9ecc0f070a5316f38eca4874dda129e652ee7b
dop_2222-41_2023.tif	11184514	c16efc067899fdd19e420f3cbab7ce4f4218ba516e72524a4cd44651bc522113
dop_2222-42_2023.tif	10478023	1d27daa750562ec8c1f813ea9d339c234a045ed61d573a4f70be6fce84804fe9
dop_2222-43_2023.tif	12209224	c021c953010945ceffc84e8bbc261275b8b38681439eff28d56d58817a3fe80f
dop_2222-44_2023.tif	10151385	00a02f73fd90bea9f4ce1410ef52939050b07e099e73de696d3f9830623928b0
dop_2222-45_2023.tif	11658190	3e64c21de017cba2f7aa0ce60db0edd041793b9eee8ca8f61f6788a11cf2bdcf
dop_2222-46_2023.tif	11325817	a64e91744226ff2ffec7122abb5933f3bad11793a3208f98eaedc948ee237eb4
dop_2222-47_2023.tif	9626462	dde91551d5222e62c84d44d7ba1585bb776492bbe5c00cb6c305de9029710534
dop_2222-48_2023.tif	7164388	ff6b56a29a33da98bf9432e82cf560f1c47e18273a5ab30c6da133981222412d
dop_2222-49_2023.tif	10999163	0ba14da97d3f80e611ebc9513161a45896e45d7582e6443878d456cdd8987774
dop_2222-50_2023.tif	12342446	af35e927f6ee4e9cdb2f6be6dc952ab9cecf415726a21480bd620c16936e07b0
dop_2222-51_2023.tif	11932156	152a58c07a099598b267835789dd0eafa4eafe549204005c19e14ac5a6ea6f12
dop_2222-52_2023.tif	11260303	47ec7a41ea3e4bac18ae0328dcc1bb05958382d1242d9dd1a6eaaf44bd07078d
dop_2222-53_2023.tif	9523302	63e1025b7c641990b69518536a254572024ed63e469952621f8e6d337c3e03bb
dop_2222-54_2023.tif	8702383	7f08e5006f551d40a6406387d593ef44a218db4bd9f766e623fe786752c768e0
dop_2222-55_2023.tif	8363073	ea084083fc5690e57105853a61244d2216cb60fb3631f1368f40eb180bc61dcc
dop_2222-56_2023.tif	5071001	493e21b1fbf5d85a03b73acf19e175b7db0c77733009684f4770b16a47967b73
dop_2222-57_2023.tif	9337852	ef7cd49ef657ffc8627d0fcfe030081befa94c123f07c4d5fe81f8fb2e44d6c9
dop_2222-58_2023.tif	11726777	3654fb22c98ec60010844b8b25e1add01f197351bcb3c16d408129359b0b2b83
dop_2222-59_2023.tif	12140828	3b4321ec275949ba4affe2723ca01996d023ce633e23d02dfecff2c0dfe31ce3
dop_2222-60_2023.tif	11316474	a537f0a08cdf648888265813d3ed48b3c038ba2e654c7bc2cf4b9bcd2a963a67
dop_2222-61_2023.tif	9579657	4fe3dd20032e8e8036a40a44b7b1be2109bc31c77a1526212160839ed391fc22
dop_2222-62_2023.tif	9182865	6c6a1f434af1bfbb8be3193cb513fe3564700a9f24a2d29c0fb4439878154a91
dop_2222-63_2023.tif	7249498	015058f0ee95c5bc5a72316bb9863bb4765bfa08e6b697c6ecd27ca8647d514e
dop_2222-64_2023.tif	4118012	f8b9a0a5c39f541e226006a2fcb7fbc8a59b1d04bb522042892e28904052ee6b
dop_2222-65_2023.tif	6834617	3def7d6c8d2062a8cdf1aef1939d841771acca6e9ed279f0e7a18681d3e70b0d
dop_2222-66_2023.tif	11239175	6b136b5e5e6a528381b1fe454532df829462d350902834ec953461cf6fb4d88b
dop_2222-67_2023.tif	11764543	4913e295f0d8993003ebfaa1d0f3f5813089bc146f0a1064a8ef30ec57156a30
dop_2222-68_2023.tif	9593074	31a298e3eaef271516365988d693cd52189108cc8832ac764ae77bdb804f8ae0
dop_2222-69_2023.tif	11620315	6208b38b8c7346954d3251505ed6779a30a422054d94f52ff1663e772d46b28b
dop_2222-70_2023.tif	8292595	681186a9a24e1400c9ec8fe52126b2cabfb29b0b0a2b5008b38800b76b5f6b21
dop_2222-71_2023.tif	5444565	c93676982acfeeb9cea2ff15b702817daf3e157d39bbbe77ae65eeafdd825ade
dop_2222-72_2023.tif	6131353	5963a2c39300cb9a6f6a386482754dc0584ebc7a808f40b914ec6c2c8a0dc7f8
dop_2222-73_2023.tif	10757033	f7198925fa148f5c775f0e81485a820634f757f650fe49431368d56de6759ef9
dop_2222-74_2023.tif	12249381	b783df861a8bca048441bf5e05e2edea2f7c560b97948c91ae2ee8e1b9b8ca5a
dop_2222-75_2023.tif	11921771	08ef07a55722996f231d1ee148a310a5d484fc129d69203f13e1beaebfbc2f82
dop_2222-76_2023.tif	12196370	fe8dde1934ff6eb71a05ffc69e355cd5ff208add3290c4bccb06ec4a7e805ce2
dop_2222-77_2023.tif	9755331	b9cb3c2981b8da1b0501846aeb1f98d7037fcf50b8df8b1ca00804d42699fdd4
dop_2222-78_2023.tif	7692343	4f26b8dad41e0d18cd9e4acb6d7561a59a5aff47fb4664c82f515d1367fbe54b
dop_2222-79_2023.tif	5512463	89ef1af95fc5d546044650084119b7f8dd178fa0323c9036cd5e373e3dd5e779
dop_2222-80_2023.tif	9760169	25afd991936036a3bdcf4dbf34eaa7c0c6272737bb4956745d1fce5a6982e04c
dop_2223-01_2023.tif	6564538	a3daac42971861e300a448d40d67ec94aae6da242d9005d2d310b0bc3a25712c
dop_2223-09_2023.tif	7195887	c1638687182a89ff8da40ecfdbcdf14c24327cd69cc9c08c7b2563f49c26b516
dop_2223-17_2023.tif	8151294	b7a2666e856c169240d67b7fe8ca38067b8d833b43ea7883d966352c9b708d25
dop_2223-25_2023.tif	7544905	aa48a445dbfce8f91333ab5a1b874a7d6f546c02e346c1288a4ec16f9af98112
dop_2223-33_2023.tif	7431356	160157ecc44e6e17caa100e04d72ea35ef15cc155a9cacf7222d3a271c755db7
dop_2223-41_2023.tif	6951360	ed823ea3bef4c3b1a7c9dc437c641e7de92808cdb18766b61c6870e31e91d5a7
dop_2223-42_2023.tif	7940453	5b34719afd27dc0b7ea76f4941a0da94cbefd5fe2ccab956c33b2db600e73ad0
dop_2223-43_2023.tif	11262238	f2db4703316300c2dc8567418dcdf7e03c39d5211712df82f07349ad79a37776
dop_2223-44_2023.tif	11199183	72bce1011c325f653bfc34dfb8ab20427780e26d315e773a1adeb6ba9c9464a2
dop_2223-45_2023.tif	9736110	e6b4cf1b47851fd258b60a810b242ace1d4054b1992aa53017c58f3db3fbf0f8
dop_2223-46_2023.tif	7880960	3a76cde9988321dc268448e96aefbf1e5eb1ad09d12a848f42c901f17b3fcda5
dop_2223-47_2023.tif	10617489	668c7abc386a533cf7af4a41b124c026e7393c82d041971a297b0726ad212045
dop_2223-48_2023.tif	9196295	12c60bf1a18ab1340475e3f45b9db602e5aa4a0e94435bfaa754a665b6359f47
dop_2223-49_2023.tif	6662400	a53646bced7ee94b83b1abb28c991437e8cf766340be3e44dac6774ff2178b9a
dop_2223-50_2023.tif	7571785	2fc925a7a953e29d3f6a430afdd2864ab0a2f2261739c27f6a628ee71e1ad3ce
dop_2223-51_2023.tif	11131648	f45576c0915fc47461e4bea1b4a351e5036525fe507e1d13eb64efd62264b4b8
dop_2223-52_2023.tif	10491504	0bc71069e424e9e1170c2d1351fc1a673373eabaa20cd3dd668f8c4a6e5dd515
dop_2223-53_2023.tif	10170341	996b8aaf60abe28b817dfb3c41ffd9834465f700b6287ec4286c538e941d3003
dop_2223-54_2023.tif	8419823	159d5f19f6faa7241d670f32a770fa2bf64d2bfae13ad183c1904c96fa05cbea
dop_2223-55_2023.tif	11922842	abe1303c244a938e026c5fa4cc18674d5dbe56fbea07bee553bccbf5580cc385
dop_2223-56_2023.tif	10692226	4255c3ff0a44e8f08cda9568f8fae48d81f6ac8365ecb34504d659d23cb8e2fe
dop_2223-57_2023.tif	7406241	a8d392a66f4529cbb5e65600678c20202bb404028b2cfd4ca83ba6d84126515e
dop_2223-58_2023.tif	7575883	dbe2c546a0b2b8e8f6755cb2c959518dcda5302aeb801cc59a33752670dec5dd
dop_2223-59_2023.tif	11747881	f36d894884ad614bbda1b53405e127a0860eab1d5c8ed5ac74209e80b0554264
dop_2223-60_2023.tif	11667688	bdf930b6c8abaa3bdd49aad6f23a713c012ff694dc0a03147800a2da25ebc5b1
dop_2223-61_2023.tif	10018196	da7fb827870f3689c03bcd4853092cd60c32023186aad9d3c092d55027bb61df
dop_2223-62_2023.tif	9700541	fd5b1f4774b2ee3eea09aa8bca2e7e9e5aec6d07a769da2f4073e43e5199056b
dop_2223-63_2023.tif	11059739	1fbff7cd74d3bd9bdb32fdd560a42b459cd825c237bbb9aca3fd4c606d55d585
dop_2223-64_2023.tif	11480714	e19768364f8507f66404454887063a4a04ad6ea6319f2d4aad5af3ebd98a62eb
dop_2223-65_2023.tif	7463069	a77635266788f110c0a5cc195495f9a754845d256fa22a23a57043d31beafba6
dop_2223-66_2023.tif	7868102	ad827083f6e1bd65c843b7726bd6986a31996725b142e8659ce1ee0878a97b10
dop_2223-67_2023.tif	11872647	3d3fcdfa482c94ad3fe851df642025fbd04777f978c35248b78f41db49b950fc
dop_2223-68_2023.tif	10422128	6e3bd1bd208348a57efee9abd8682eca69a8a8d00f95bedd20053779dcbd1bbd
dop_2223-69_2023.tif	10399068	90866ad871ebde0ba8f379e22e0f86f5df6d8d4e0693dd02f7a5ed96a1415ee9
dop_2223-70_2023.tif	11752780	ea9736bb6e263c3b8048bd3984a8e0b1553c0b3d8f76d20d9495508cf0696b4e
dop_2223-71_2023.tif	9550010	3328491a22c9854526a31c1b3543621f3807cc6f67ab33e84d6bf97a45f0b70e
dop_2223-72_2023.tif	8403893	8fc0f398fb611ba728afe5f1e609c70faa071323fec59a2b5a45ef22e1247977
dop_2223-73_2023.tif	7383172	f5d405854f3973003613311c36c71953b5f9319afcfb6143808cfbe50626ded7
dop_2223-74_2023.tif	8935155	0ce89e4a569baa0dd3c21cbecd40c1ce2725015e4783314ae97d8d3e142c71df
dop_2223-75_2023.tif	11901205	4caa48966957808bb8cea73c1fb966bc15af3d51d239c05a074d23921dcbcd59
dop_2223-76_2023.tif	11188233	77602f5e41c02579d8651e4cf2919fd534e112eaeda646f5f7f9edffdb7ef13e
dop_2223-77_2023.tif	11375135	ae7b99f815303741a3fbffd321c29812f4f10e326e6ed5143679c42b758a7c46
dop_2223-78_2023.tif	9790901	96326335cf529def26cb3ab8e7fabbd5102dfb1d861f16c4ece11d87b30b854e
dop_2223-79_2023.tif	8421790	355e8e25a9e89430c37771652b84cc5ebfc6de8f0a8f8c0448aff180c84c4888
dop_2223-80_2023.tif	7298106	9e1eff9613180018f7782a5c5f34deb1f4ae07a8901ca89038171044f818f712
dop_2224-01_2023.tif	5389909	31dca790c873fcb96fc006731cafce9c3a10961ca38fda2767eebf4821f20f04
dop_2224-09_2023.tif	4553445	34bf256167ced8d782aebc3308d63a4a92be08ee2ca9e7a5cc5677832a4a4a97
dop_2224-17_2023.tif	4718601	bc3a9232a82b4c704c9e44c5b3881578961f3fd2ef10de9094873a1915d025a5
dop_2224-25_2023.tif	4458349	1ed30875fbb485bf85511c73dec647cd5fb4ccb47614f6db5a4bb7832180b9e4
dop_2224-33_2023.tif	5773636	6b76e6555164c769ba372e059839040fbdc182b6483156d291d0627d4e562aa1
dop_2224-41_2023.tif	7452019	95f35ce6c24a3c7b1c45e9b82bc943e4c4875f45fcd84c5277da1b6e87b1b3bf
dop_2224-49_2023.tif	8262367	ff043969b038b8fc3c761624bb92593d18d1fca55b8e5e48aa92219ab8215eec
dop_2224-57_2023.tif	9426132	f8e76f6825ad60c3d251fed36e5485d6f07112e3f60f459ce3b402ec066e87fd
dop_2224-65_2023.tif	10944971	3bb3c5da00c0fe4db36459aef23d7a59c71469941013edf75e31276ad147777b
dop_2224-73_2023.tif	9952516	81e9afdb4262e9bb93dcc894af7d649265a8080035b544867334c10755114dca
dop_2225-01_2023.tif	8307545	94eb935b6a58418cb26edfac1db53d04403c9cf9b7266d868d5051795e132277
dop_2225-09_2023.tif	5277131	b1b1a659c0fc7a29cb06c65bd4980a4f3ca30b42b1222958a7077815aa52718b
dop_2225-17_2023.tif	4270083	a90aa2e1374d146228a67de23a894c09e6718360fc4fe57538b70489c1dc5bac
dop_2225-25_2023.tif	3975605	de64bc1581c416e4d72fb21360254fe91de98589d2c0a30d2b5b960ddb12fdd0
dop_2225-33_2023.tif	3884027	fc4504be626774b2f9b62373db68737a1a1c37cbffead4b11b520d897aee22b6
dop_2225-41_2023.tif	4083935	b569514a920825a4aaaf1c31a9b353ab0ed596c82603c1b1f24a425c54a8eb40
dop_2225-49_2023.tif	4332268	8b9af2693c61ab6d714a0439613a27ee5605cbc129ee7d7be5a424174b3d389c
dop_2225-57_2023.tif	4609546	6f9e7f4b3caa5c61c83ccec5ee39f52dd001033cea596fbe19180ee3b6743196
dop_2226-57_2023.tif	10278839	884ed72e297ab312fc200ce8b0636f98217887b63b78dd971f0e922d9396c444
dop_2321-01_2023.tif	11392198	bbd7e1dd1f187e6a1c03d514e3e728c2e5c6e35226d621734fbc146faf002cef
dop_2321-02_2023.tif	9166103	056998a67d0890de8dd5a22a911fb53594d3909f956233d433a82f472a9ce43c
dop_2321-03_2023.tif	8751300	39c318e3282bd3542f340eaf3d4fae1fcd92f1794416132f4936a2a67ba35c6d
dop_2321-04_2023.tif	7080279	b4014171c8ffda7e5268abac6b636f92f957165c5cc958c39a960a012b44c68a
dop_2321-05_2023.tif	5935122	0e14583240ab17bebc32bec100236188205fd41a63523b22f83a59c17ad38c1c
dop_2321-06_2023.tif	7632028	299d96ef951b6a44e74ab7e0b910978101c51ece66474a805e2adfae3e12f9d0
dop_2321-07_2023.tif	10106116	2e0ad90ddfabd6a0054043b42128f244b2a598781b74084b7fc9e0f036613d41
dop_2321-08_2023.tif	9585764	b8e98dd7395a921cf8e230c9a5599c1242bd4160434d8e55ce6211d2ec8f3711
dop_2321-09_2023.tif	11878875	5808c9863fc9906a362ee732d0524873e5b4a306349036fcdb920ff22b1f7073
dop_2321-10_2023.tif	9575208	76d327094ea4eb958bbec0c5a50605d4dc96e75fee8baf8ccf22f4825e9a2d65
dop_2321-11_2023.tif	7518006	d939c9a226c3bb0e4339600dba56f3dccd0e74fd185d802d4b7f3ac6259c14ae
dop_2321-12_2023.tif	6931395	8e8ebe0719e23fe9a5dc0c8e699072b9d2858dfc5c925a24926d7b16c5fc4095
dop_2321-13_2023.tif	8118245	9be14f7c9f86e473ed4470c1977eb35e557808732141d8544ffc8bd08947d0c4
dop_2321-14_2023.tif	7717253	33efceaea5a8a1d83d52d56591254d09c2aa8d04542dc6cd3cbac867d19edb12
dop_2321-15_2023.tif	9966314	0ddaa647b5c08f1ed62723ad73f163c8d0e5226b876164792c4f6db745b1d9e6
dop_2321-16_2023.tif	9576083	d59d93d2d7af325e6d977b00151232249be7c909af08761da6dec51bfe39c75d
dop_2321-17_2023.tif	10948612	4d77596c250c6b62a5847663cedb84ced5638b0ab6f03893ba21769da44c28d0
dop_2321-18_2023.tif	7822492	9ff663dec89b74608236aeea93a5c83d00d29bc14e9cf3c0d258b5e5c2f28b73
dop_2321-19_2023.tif	8242993	665957cdca0b1f135ce572cd4a32b9cc865d6fc564a37d991acc8244187cfccd
dop_2321-20_2023.tif	9220874	82e16aeda152d17f955248424bcfcc1a490dba337563971f0215b2976612c506
dop_2321-21_2023.tif	9399539	9b807da0253caa3d99bdc464d48ee67dd1badc30c346d4d4cd63adee44c85d99
dop_2321-22_2023.tif	8490468	9ac661b3f2d390b136f62b11b79d6884d589a59aae468237d5cb59a9d1abbc21
dop_2321-23_2023.tif	9628784	2bcdbb8692d2578c74a03730bc9cb733bf2f48746d229cf797454aae92c497fa
dop_2321-24_2023.tif	7428167	9d6cfe61c3979e063092f994318b7962ba47b4d753fedb24cc967a85adc51f44
dop_2321-25_2023.tif	11226880	744a65d6e709ef385c23426f89ac3e22619a2b23bd81bf00d63178be81f2a83c
dop_2321-26_2023.tif	9565109	b43d8e5c69ea690e31ff9e5bae4a59b532e6afe1413e439d821f99a13a9cd0f9
dop_2321-27_2023.tif	10861836	3f932d880f39be190e898bfb2eded3cfc8195c35c37ed816a7b4a1ff129a11a5
dop_2321-28_2023.tif	10788859	1bf84b3c7faef54e99854e82b3234e4f44f95d164baf019860032e73206a9893
dop_2321-29_2023.tif	9945503	8d5d3ae42218d964a4d7b1a661995e73049af43e13ffdbf7cfdb543068da36c8
dop_2321-30_2023.tif	6667332	b4492f3aadd81ef9d05f29767cdf5f8b4b10d02b5f6edb900dcd8e2aac6b4df9
dop_2321-31_2023.tif	7591872	55bcb8a343547e141fd6717b8f5f68728872dff8c174b68922cf6fa6acc971b2
dop_2321-32_2023.tif	8109435	b2a13d237bfa6ac18763b7aae35ed6948892beaa17f6e0c98eeb62abf8c130e1
dop_2321-33_2023.tif	10736469	158c27f56e48484ca7adc77c614010e38ff71a3615c115ce7b22e55af8873300
dop_2321-34_2023.tif	9834213	1eba79ed53ce175c549578df1c4c310a31b1c2320cade4ed1045e7fd5a64a9c2
dop_2321-35_2023.tif	11469220	108a4a23ac7afb6c2498ac6815783455d7ff01bf7566b6578c98712a5d336ab5
dop_2321-36_2023.tif	11544091	9073812c3fabc3846cd559224cb660904dbd5ecaf5dd9f15ab9fb235407204c0
dop_2321-37_2023.tif	10455317	6693941661a59023afaf454a6ade828602ca3e8e3384eba8d86288bc244b7d73
dop_2321-38_2023.tif	7857026	95d0f98799876deaef8011bc46154d1ed29c9d60c2e3a4837ca0416b2f9f69d3
dop_2321-39_2023.tif	8234370	3a601ae68f05496b409f743a4957726ed3c57ba14aef227e424bfc3bd5dac381
dop_2321-40_2023.tif	10169549	6cdee59abb1a5d17f26f57b639cf25fb6f51ba24b85a70ee1a68ff82d4f1bb38
dop_2321-41_2023.tif	11224193	931eacf0ba071c9dfe01213135fb0ff24bc1a80f688f43e10f2deac830d2ae17
dop_2321-42_2023.tif	11755748	f60861f41a48dfaf9fa6b49eca276affa28b6c341b61d986627a69edfac38459
dop_2321-43_2023.tif	10632305	6b1b71e1ece0a9a4abfede42f31dcffe79e5e077692d91aaaa13ef742bdedc5e
dop_2321-44_2023.tif	9812215	dcb6042eb52f85edc11c42734cc0cc8391591790844a915d30ed59c3b1000f11
dop_2321-46_2023.tif	8493104	45d15d7c8968c496e3029b3f1b0eb96a9d89e5090a99a050264fb642faa80af3
dop_2321-47_2023.tif	6551802	ff83de8c1bedf80babc7867e55a5f7fa07895faa173aba686b12140e7d4c91e8
dop_2321-48_2023.tif	10176762	88cf4ce0dbe5b0bc3b2fedc6b0bf061b43340147f5863d6186c6432f2285b8ba
dop_2321-49_2023.tif	11267539	12c55d784dad316e27732e004ebed851f352b674d63861063361458846eaa6df
dop_2322-01_2023.tif	7084393	8a8471d7a3a7d024982680387d25a6ead25dbdd1bc5f8fbb1f0be6a9a5ca4ea5
dop_2322-02_2023.tif	7009098	d75e71ec7eb565d25a2093f26763c2efa91251c0e703e5adbdf4ae564e018af9
dop_2322-03_2023.tif	7143954	aa74c038b88ddb67d45cda5cb65d4bedb3d3e10c8dc3f79678f21377d96db287
dop_2322-04_2023.tif	6175973	9131433bf2f495b050850229eda41abe742c32cbbd43c46aea1600dfd175e2b2
dop_2322-05_2023.tif	5807931	5a59c61b3e93b117d7a042126cd164cb01e8b673f429b2e9ae3a53f3596ae3a4
dop_2322-06_2023.tif	6867777	5a2793dac4fffac5c97f22510b3b2385295e0c103aeb685c05451cff69c5d119
dop_2322-07_2023.tif	6675761	bafb770231bee673fdb29e164b73bf8b682fff0adcc5d268c7677096d60bfd3a
dop_2322-08_2023.tif	9650537	8b51338779cd86940e91dc249ce210736cf244d1813470e7bffa4d70023b245c
dop_2322-09_2023.tif	8017330	1b9c417382e709279f913d50af1ab692936e84724a6d3ea09d1d2ae3330ab9fb
dop_2322-10_2023.tif	7133406	244dc3b15ba14a70691da270c49cceef27dac743330413c1fbfd2f658e142258
dop_2322-11_2023.tif	5441441	5fb4a82102f40212325341b2438e03d82d33c9c1d5471ac2f9ad295088e82b2f
dop_2322-12_2023.tif	5450612	5aa708c504874977b827e1d2369dddce9a84b8013b6380bb0d5d348a88846928
dop_2322-13_2023.tif	6882111	84c440ac9f73f53e1a29b31b740d7e016dca704f7c3027f52a83e5bc434d0fa3
dop_2322-14_2023.tif	6901441	a491fdd5253c94ec79d328838975dc5514e7fcab259a73a81ff01a51ddcc4819
dop_2322-15_2023.tif	9332105	1ab0a017d0ee8e3651a40e47b1e81e437e49336bcf9fab85b1d3dbc11e170f7e
dop_2322-16_2023.tif	9682661	98b664bf292798eb4c60d51507ff3ea6cad5e331fc1f7ff83163427c5d688779
dop_2322-17_2023.tif	8228988	7f225731e299a38fb63160fa44682b45a865a38ce4f735f8bb36dd4ac0f9caf6
dop_2322-18_2023.tif	5728158	0c4ee41477a18ca5f32063038c07e2faef5310654fa1388df5f9f3f7c90a4f67
dop_2322-19_2023.tif	4895396	04d20a1944098f316f83fd8fe8e9f8fb97c9202a6cc1f0a3f6582879e9b298ef
dop_2322-20_2023.tif	6816740	eacecca68d117ae777e31feb96e5b19248272d3f20439d50df3cbd5e6c80574d
dop_2322-21_2023.tif	7907499	33aa3fa13ddbd9ffea9b423f33ea2a68ce5bcb86fe4f63069f213b95e08ba030
dop_2322-22_2023.tif	6272356	cd93bccc835a28c2d1e0e8209857865177dbb4f62134f567b307c70c52f29a27
dop_2322-23_2023.tif	8539832	1e7b82b143b5cd4508dc7932a2988a5be65537583c4c96f1985169cd1168c02b
dop_2322-24_2023.tif	8652733	ba3e5efc1b5c403567955f3ab4beae6b6113d85d3f72d3b2cc2832fddcc5bc2a
dop_2322-25_2023.tif	7777117	ca883ebcf3b82b462a41e94100a91cb314039a64959158e4384925c71aeac345
dop_2322-26_2023.tif	4284919	9ac67d857657043635b95fb1760f83d8cdbaed731e164e877af90fe095bd37ea
dop_2322-27_2023.tif	6799738	bb10516b4a48fbc3ee771e7632ea78fcc373a0d08466e45bcca5bca85f2babd0
dop_2322-28_2023.tif	8474948	2e57e9bc8429da6645c4ccc26cad3e446bc48b11b1778bda892e2700f4785e23
dop_2322-29_2023.tif	7938547	9557132ad0ea192fd46f8831ced8a6b4124bb8605f6ce2c19ddd4ce7c8087232
dop_2322-30_2023.tif	6044575	fe941ad7ca72b56d8f65a7e6884950e8b2d2f41f18b6354ef075af939a8471b1
dop_2322-31_2023.tif	9709287	d49874ac1a13d28c21c96e9311d5794fcf0cfbe2f37d884abc0b12f7bad6777c
dop_2322-32_2023.tif	7925190	18822cfa134e88bad4a1755bfd9abe2e776aee623d90af5f4b39e62abae8152b
dop_2322-33_2023.tif	6206334	a998e5229a37b37c5e5ed712263952f7d66feb57a4e16bc6f755c7436c47f312
dop_2322-34_2023.tif	4355137	b6514cb2e37b7c6578b0738702ccc0276b96b6beae3ad50db6cbae1ed039f27d
dop_2322-35_2023.tif	8319166	37966c63edbf4a4466d0516c848ce49490934de67ef9226a966b4326b9085941
dop_2322-36_2023.tif	10209348	9574fd30b25fa6bd15749d4b6148fe8322bb46cf6369252e6fa553365a7b2719
dop_2322-37_2023.tif	5476923	b5591c24bb7947eb0276c557b613f3176faf16a57d28c6d4e31ecf77d71836f3
dop_2322-38_2023.tif	7221314	fe5d2d453ce295e1facd2856a3168f45da7af4ebce0434480aa92503958ad782
dop_2322-39_2023.tif	9142918	502de8f40360c8fa86892af5862bec2757da32ae0a42bc7c40c4e6c4e7c186cd
dop_2322-40_2023.tif	8674187	2fb58d776e9fbed8d0b19b42d52d5c0abeff51976a78a4426a500a289a04a5aa
dop_2322-41_2023.tif	4314546	3e39163a37d9c37124f3299acac6d6856f28f7425a18ed20f7be90a316f56cfa
dop_2322-42_2023.tif	5981519	892c851a16280b6c0523b8505b46424d61998442534298c27794b18b8f24dbab
dop_2322-43_2023.tif	8836809	9cfaad7e80d4323d0c28bd33e9237f217af275f0a0b79dd4332df4987a414770
dop_2322-44_2023.tif	9338545	c23423c63b7fb658c3caefe7001a97249e15be5206fa92ec7904b3bd8d233041
dop_2322-45_2023.tif	5103162	79d3a1b664c14893891f87770eae838687b39d746a4379e9243080bdc27cce2c
dop_2322-46_2023.tif	10657144	a1e7a9670d5322a1e19fa68698afb2be2311478ac6e873f473a5a0d6c5e6034a
dop_2322-47_2023.tif	8833333	564cb06e4ea0196d359abc7dcd74354cbcdf4bfb9ef8e275b8f81f90c8f2724c
dop_2322-48_2023.tif	8275417	1af03d03e0fe2a4ec5a69803d5f533ded27487c8812d0ae76e3cffb33693160a
dop_2322-49_2023.tif	6269663	e605a62dca2eb6c3fcb47a746b7c41af649d26952134a8d8bf98d3ba92a08b0a
dop_2322-50_2023.tif	10178031	2adb9a4be48036fe97299be1c550576d4db9d3f98d01cf1527d3ad0fa87b6d96
dop_2322-51_2023.tif	11350465	683132d600ede5aa2e8b6fc468e20a6f093152e40ed9d54589af151cfc390128
dop_2322-52_2023.tif	8782223	cfdffe7d6c66e7604c77d3c002a1fe5305e1636d9791d39fcc04088cef2ddd73
dop_2322-53_2023.tif	8020587	19036314ae27d768614f56ff938864463b41ae1e3c256fc402d65318671e271c
dop_2322-54_2023.tif	9411057	63703f94cad66ebccff3202187ed3e91c0374ad81fb9322a63e84a4f6538f818
dop_2322-55_2023.tif	7792640	508b4cc8ce89b862ce05157660fcd47edff402686c89db887f7202843befca18
dop_2322-56_2023.tif	6102942	6591d69bed304f625ab00882366fc3eb094915ebd2b920fc2aa884a27ab630a0
dop_2322-57_2023.tif	9123687	62a56c57b0fe8b6ee811a0ed9b513de02198255ce560cdd28868bcdb99acfedc
dop_2322-58_2023.tif	6768374	0999e15a6766a809b0dd2ee5478075560b321e676ce8330bcaadef95ed7fe8ab
dop_2322-59_2023.tif	11039507	0dc8ec52c9e688e5bbdc74432bf9dd2c1fc706125370d29e5c5a4ad76adc4607
dop_2322-60_2023.tif	9063593	a7f3c69bc47bf7756e99850cd777acefbc802549f482995db483eeff8573d26f
dop_2322-61_2023.tif	10188069	9c76d32b0983e9ccf8666da0e6e259e4d44e3c52c9175535a4d7278339e743cf
dop_2322-62_2023.tif	7145216	e9eec90d2ffeb3f3c5d26521aa6eccf4f2f587fb7c59af31b19eebab442577e3
dop_2322-63_2023.tif	5495468	373b84ea67f51d67a67ca13ff4b7d53a16b30385fc315f5415f077223cbec8ae
dop_2322-64_2023.tif	5488528	bdd5e6c1029ad59c3223bca37074739712b6130ab6f46740528c34238ef08725
dop_2322-65_2023.tif	10884611	cef031c34e5edc4c6bff819745f8bd8399f0d4b7d9251437d96566a01ffa82df
dop_2322-66_2023.tif	9201539	bb525c7361a95c33cc2faf15e2923cda3e881c6bfbbb1fe9a597f723031cd65f
dop_2322-67_2023.tif	12035001	52e60377cc4416ce4f17f866a6d72ce4776d43c98222b005c13615a127e5494e
dop_2322-68_2023.tif	11003742	343a735f52ce30b2ba7309b6434d8869fc5e841c510e7b61326235deefaacf1e
dop_2322-69_2023.tif	8396040	50e2e8eb7d14a0ba0a58b4c2bb4ee1975c51b8845446a5d40d56f14f1483d671
dop_2322-70_2023.tif	5266332	315a10035d2868368c664d3417bd36c3a4b3dca5ecd9a5240736c3f5fa6c78af
dop_2322-71_2023.tif	6347412	a35a9ca786dfaa943ef25fa1c9ed8c63079c6da487057d6f3e589bc50c65ccf7
dop_2322-73_2023.tif	11400945	c626d68d75c86fb0c63aef1ef4083ba24ae8dac382e04ea2497e459f83e5ae93
dop_2322-74_2023.tif	11219394	e0de882503b6be552a723bc4345499ad4b0d95a0ab42876186d370acec6d9ba8
dop_2322-75_2023.tif	10558574	a817cde842b7fd6209f033ceb90cfbfacfbfff74870d996724a0d4e0dbd012a7
dop_2322-76_2023.tif	8857171	2c65335486a744ffbf77b9dcd5583a7e8274a1217fa5cc33ecada8034f9011d0
dop_2322-77_2023.tif	7054219	d55381096b7169bf8c93f465f19152b9389d92ed54962affff6094d0eac7ff9c
dop_2322-78_2023.tif	5950361	9af130abecebc40061b868417afe5269e410db7c39ae184b770f88e735a8f863
dop_2322-79_2023.tif	9316908	265f5e484750740684bad1577b3260ebfe7d415da89d2c0dd91c84086543029d
dop_2323-41_2023.tif	10371261	5b4a391819055be05ff450bd098055b07ed1220ff701eb30d806b1b8a0c7b025
dop_2323-42_2023.tif	9667255	9b678a2062da3ea92272fedca5033a113c182660496548b8bc2b96ba5b54a54b
dop_2323-43_2023.tif	8181995	69ab79d891af8101f42b84434addcb7c3d5625461aac3b965c1006a9c2066f15
dop_2323-44_2023.tif	7308175	fd197d0d9a55446c7df23752dfb7c30ab6386dbc81e00a3e69e18958e6369ac2
dop_2323-45_2023.tif	7226028	fca9cc57c79b5f1dce219512161d38201a2433f446fa94a93165499e3423e557
dop_2323-46_2023.tif	7195478	1017a12035ec927a78049a5e75dae5553bad1c3cc68c01976fb7a267bef90b09
dop_2323-47_2023.tif	6386617	71b30a52069b82a2d4a196accf6f8887a157298bdaccf6c31e3b46437396c801
dop_2323-48_2023.tif	6823525	c550f39f2956fb5788cb71387adab1ba02ea0e65efbeedd3324b99f4420f4080
dop_2323-49_2023.tif	10818169	098a981604a7f4e08c8bc6b1eabc5745bcef2e1128e40210d22d1a5ef2e12891
dop_2323-50_2023.tif	9242395	32c829b23507d33904f086099a0ef39babc802679247f5acee27c138d9455723
dop_2323-51_2023.tif	7535463	854952a75593ad250360f3b883b891fee0d2323b26692efe3e5fa4ef67f46594
dop_2323-52_2023.tif	8298321	952ac295edecd46084b61ba11eaf18c0bcf2516c8b1b2e8b25658738058c21e3
dop_2323-53_2023.tif	7104748	57fe9691eeef27876407fc795f8386be493072df2da964ccc34ca60920c53918
dop_2323-54_2023.tif	6433681	6a53230462ad889a391e0297d585e5666860f4c39c4299ca617efaaa58df2629
dop_2323-55_2023.tif	6437082	780115d8054bb8612e92935a250c81bcbe9c03c2eda026015559a010edfee507
dop_2323-56_2023.tif	7111704	f8f3a502ce8866b1bc8ab3e30070d177591d663d2c638e53c33d03e4ab6058b8
dop_2323-57_2023.tif	10132084	e61aa07354dc42b1e17558521198f91e0aba61383afc34ea7c917a0c8fa59724
dop_2323-58_2023.tif	10515722	0a0d4111461922a48d44547719d7250a4a259b30cd03d5f7c95d843cc6c657a8
dop_2323-59_2023.tif	9014287	9011f2d9bdfbc3d44828668ce05b45223675dda023af54a7f16e47b32f65f22c
dop_2323-60_2023.tif	7965120	a5b01f628134a9a704fb220240594f837569ebbc7bd9dc34f4ae03ec51970b50
dop_2323-61_2023.tif	6599851	a6d3f9283d87e61eb03ac2afbaf976d3ca64cfe0ff5386bc19caa7438b564547
dop_2323-62_2023.tif	6555018	5db242d11ad03c541b6ab587c54a0abacccd99c029949d3c4f4da0b9ee8b20a0
dop_2323-63_2023.tif	6884730	1aac72e755463a6c1557cb761394cf0ed6e817ded409d09c85fd4dc1c0e5deb7
dop_2323-64_2023.tif	7762077	0e74df7eaee37e773c70e34a8b3eb015b56661fb325ab76dbaaeb716e2c186dc
dop_2323-65_2023.tif	7956566	187a83d1c09feef187712c952f93ed434d295d1755bfc87195e1a6e9f1a5f59b
dop_2323-66_2023.tif	9441780	3aa6675822f564d24fc303d85448dec243f1e29a79683d819ccb88ac4be8aa8b
dop_2323-67_2023.tif	8562257	72d36f0157de5a10084dba92e1197df76b392fe06a1111cf044b2ac44c7b97c4
dop_2323-68_2023.tif	7863180	fdcc0b05383dc67824ed9713c426682844b1c4c56a862e5f794e6cf4095cfec3
dop_2323-69_2023.tif	6342541	7db7574e12b6992260319fc588e1a31262a0693621f4433a75df8b244c88c929
dop_2323-70_2023.tif	6067764	685375adf46f230321f9a1a6e9a95972af9e9d97c52d6c752cbee796ab1f64ef
dop_2323-71_2023.tif	7548487	7d3df9ac3d3a853881bab65db7a283c746bff62f63aecaa3fc7e872b4b6c9d24
dop_2323-73_2023.tif	7300612	9f4f701d1f78b597c55e7d95f9035162fcce11a6506a2f3695860d94476a208e
dop_2323-74_2023.tif	7915288	f93b6714a75053999d51a0b64283a538cdd92e9f7a7716a148a3c9a95a3f1e87
dop_2323-75_2023.tif	7925098	2212b2388777fdb4dcc4c1878ec46a638aaca7414b10a063510c949f78089800
dop_2323-76_2023.tif	7275660	a92f45aa42e4ea6922a315df998fae4f765694efb013105286424f06c9a031a3
dop_2323-77_2023.tif	5785535	e80eb41493750b5fa9e8687e8805886cef44022f036d9883ba0302829ed118e6
dop_2323-78_2023.tif	6380794	f1bd25696fd7f81306c6a7fa431b7ae420950a5bbc6e78b12aed76d8d6e87f37
dop_2323-79_2023.tif	8438534	2227566abe770bf5c2bf9f1f4c5fe06b9ca768dde52f51c956992b150f0cfe9e
dop_2421-01_2023.tif	8211391	72489fa18e52650b1c0abf3ba2bb64bafdffcfb5d3456b3e1157c5fcd5bcc3d3
dop_2421-02_2023.tif	6809314	f4a0037145ae7fd55f59cce4bf3cd48c89a6c7c3687b6ec75ff6b760004e06c6
dop_2421-03_2023.tif	6172898	5af6ac422283c4058dc33bac75621f3e21847204cdcdb854ae8cbfea79e189fd
dop_2421-04_2023.tif	5613910	0f75054e52c5b4bf6bb8b68797b1d2649a52d46f1156e15971117ab3f1fef8d6
dop_2421-05_2023.tif	6444946	78269b636ae16cd890189b2ed6b2d691b1da0256fb7c8328895bd95c4cf4d470
dop_2421-06_2023.tif	6578688	a45687edc0cd836eb32f3d6626d947635851a3a391664af75cfc322ecba07179
dop_2421-07_2023.tif	6337186	e583e93622d451831790a340b2f54808a4183093954bf7cd50a7855c36aac998
dop_2421-08_2023.tif	6336708	672a844cbca20b3c25588c0623b49e67526d6481a4f2afa028f2f042c7c148e8
dop_2421-09_2023.tif	7604246	1a40df67402d033ce90e0eae4417f3a7fa543465bd2bcc7e4fb37c3dbc72a27a
dop_2421-10_2023.tif	5826747	62c8f8fb1b15f1bb9081c835371bbbb8285483ad7da8441fdc57b0c108673614
dop_2421-11_2023.tif	5868525	3544f51b9548f07b68203894a9b2dca185da7dd52c5105caf1a9dfce3040fb02
dop_2421-12_2023.tif	7170897	0a3962e4733030df92461dc20c61d2a12e7beecf82f51b547e771ecd0ceb7777
dop_2421-13_2023.tif	7095484	2b31da8ae41c250ee93d0b42d7fe9cf75cb37d6e1e2dc58f7e409abb449a4c2f
dop_2421-14_2023.tif	7318260	9b839c4d8ae1d1a8800cc93659bd805cce23d74e4d91ea74e39f79161ed67dd2
dop_2421-15_2023.tif	7088102	a7bae1d62d86df2b664a14e814ee990f8efdf95a45a79af034422e362026770e
dop_2421-16_2023.tif	6536658	308326bb6cbaacbc38715336303c37f44fba22305b55189b5ec8a72d35fc96dd
dop_2421-17_2023.tif	7104886	318e20ed3e8cfbf074805a526381905fa8057308359300c9cece5d49bd6fdd3c
dop_2421-18_2023.tif	5588403	7cda850ff5e869b71711625aa0c2d99bed793def9b3740be409dfe418f346a4e
dop_2421-19_2023.tif	6916906	4585dbf6d878c9f5720763b04bc945ca50cdf46be4c7b096afb96b694b17f767
dop_2421-20_2023.tif	6716273	b8bb4c034101907d5927457efec459e5813a88661ceb07d59d03c9f1b0a3f664
dop_2421-21_2023.tif	8147046	3ac9422c6a0b1f6c7fbb876c65db40d07508c072e558639def6f54acb6616e2d
dop_2421-22_2023.tif	7551334	62b829a0653e4617185a84dee65e8707e4e9c68d971ccb0a548e3ed93cc8d42c
dop_2421-25_2023.tif	8429272	fb0b933a14d9843bec1fb374325f43b0c5975819994a089315a5574973e78836
dop_2421-26_2023.tif	5512076	17463a3258d1426e6a08a613baca2e65ba8a0d61145b5799ce015689b2b2fbf6
dop_2421-27_2023.tif	7209161	c9bac9a17c4e8049eccead85e1c7479b41c378e957a429ab2f594f70f1bd0d72
dop_2421-28_2023.tif	6487424	e98c2eb33a7111cff84dbb836ad35e03ea1c666a567e1f8a58cdd4bb8f58f7a3
dop_2421-29_2023.tif	8019359	714f860ec54c4e0e71fe639683af675eed0878c700e458911508d97b4b417981
dop_2421-30_2023.tif	7257818	f472ce740a1c7c6220123d638131f1f0da71e85118322c48bd835e3505f211c2
dop_2421-33_2023.tif	7239748	700b850692f0fb0d7b2c5b29003c8a8e44142c8191a0bcab670378be56a49ef9
dop_2421-34_2023.tif	6265468	fb795a9ce5003ac317199174da6962a35d796c6b8f9b865feb9659abe8350d0d
dop_2421-35_2023.tif	6901979	45bc501277d1c8ec320a1d6ca851f1b717eb0ed8153cef8c54647b6a4f669e16
dop_2421-36_2023.tif	7327044	5a0af7c4f9415735235c67c0fc2e0bb0c59895ba76531cd322aed94a97ab78e6
dop_2421-41_2023.tif	8413947	5b1bfa4300d4c2b50ff17e076d7accfdffb968fbfb9fb4a36feb95745c238267
dop_2421-42_2023.tif	7823200	89f92215511240c9cccd90321439b1090cbd494e5bc1f48953910ba86d41e4ec
dop_2421-43_2023.tif	7642848	06eb5182c5434f38285484546197885b30e7fb921b794d42d9eb37455ec76c32
dop_2421-44_2023.tif	7039161	ae8946f9c5373551e0ef664f28cbd677b501aa8004618c1c10040bf5242877c0
dop_2421-49_2023.tif	7801681	d7db894bb24cd23903a1d06855e21d6b8415c2893bc2503f498877a4f897e5b1
dop_2421-50_2023.tif	8305230	0f6a31e811a5af442f646378ffdac5ba0f4bf16d2c1dc33c1ea264ebc9140603
dop_2421-51_2023.tif	7809776	806db3909c58bc947d208e30176b8b949b3b6bdb0f77e94873a1d956ab16e71f
dop_2422-01_2023.tif	8446131	2a98e0175a58e20b4afbd0320e50b7481aa9817cffbdfd871306c99e429be158
dop_2422-02_2023.tif	8548913	5285f369ba09569bd7230b19aa912e2ce24a968a9de4881ec40c61452993df0d
dop_2422-03_2023.tif	6991411	538bced300da386247a69e1e2f1b8f67449487fa1520db351ee858dde30b32cd
dop_2422-04_2023.tif	6579341	a4c28a3211ed16c2e39b528acbf892047ce34d0f9a23fe10d2d463cd49b87ae5
dop_2422-05_2023.tif	6032365	265c502ac150f177a198d981d7a49ee490652bdfdf2f1dbf42b651fa6ca1569a
dop_2422-06_2023.tif	6502038	e4d3efa4090e1331e56988617f56a53d7af2e3fb54c49765c851e699bb768c92
dop_2422-07_2023.tif	5935698	49217e3c8ab28ff28ebaf5c696b6ae17c4db525141273d31b204767da62045e1
dop_2422-08_2023.tif	6461128	9f9f2b567341389766ba7aae6e7489754309d7ced42024790323a7ac6c03ed35
dop_2422-09_2023.tif	8660910	6683650dda6746fca58a07b86d677185d4567281ef10107f6962243b1180c84e
dop_2422-10_2023.tif	7970624	5922e41238637ebaab851b61593007565444f30cbf59420b6e823ec260528d74
dop_2422-11_2023.tif	7443538	106019b009a5770033f58f978501ed0ee146729b9df5e4a5764cd740438449a1
dop_2422-12_2023.tif	7403276	1ff58a3f698b2e8449117303405a7401a217237dedf1b3ff1c6bdffdb0964d34
dop_2422-13_2023.tif	6730644	a9cf8bf8b4566da410c8e2af92006acf4ac732307aa5f11390fef283f93b8985
dop_2422-14_2023.tif	6338694	8f688f4a363b8b43f76d837a20969a6b054a595013d1351365715ddae038ebfa
dop_2422-15_2023.tif	6609254	7e3c6532d921f2a2b543f38f6fe12f3d4b5acc4e9acc466449d4671024f4ba0a
dop_2422-16_2023.tif	7417591	59ee0b02f667f531e2449e807328f3e3d2dee79c09691fe7e4895979540dcaa2
dop_2422-17_2023.tif	7422319	e9a2f02c3bdd8f11c3c36d0d99f76e45d0dc9b4213db45468b607b849709d434
dop_2422-18_2023.tif	7620688	fb467c55202ffa217156253eb0fd720f80ba4667bcb04973cbc296565c5bc88c
dop_2422-19_2023.tif	7660300	d7b3c893a4f3450640fe18431cc888cf5d866fc46a46b4142bf1bb53e73e8db7
dop_2422-20_2023.tif	6758566	847726e3366b2870a24998d89810c578e4b81f481c4306a8c25435de6e50493a
dop_2422-21_2023.tif	7034639	6d3658a0bf725bfc879611ba993a1cb81d832d4002edee16e0e2ca133724df51
dop_2422-22_2023.tif	5982922	9f1b64c4c66ef1f95a3ce038b68bbe7630e949c5851bd9ccedf9abd4da76304d
dop_2422-23_2023.tif	6592571	3a86082edd8e567a47d91a3aa879092677043906f3401e8925096439bbc0706c
dop_2422-24_2023.tif	6065825	62291b1285d65a8339c4f6d0ae08c64e9e374b6ae88a4bbec6f65bd8da146573
dop_2422-25_2023.tif	7199153	685526ed3d456db0b481fa12d112afe60d438b3e9d8c14893c96b31670851690
dop_2422-26_2023.tif	7129268	c090915de577d3d4bc28151e794ad1ac01edc068ac6a6a25bc3175aeefb9b60c
dop_2422-27_2023.tif	6198309	922b9b2ab541e58d64384073a257c6f9b86e814c98d4326c24a7f9ca21272942
dop_2422-28_2023.tif	5617748	87c28abe3369744953502592dc2b5c375baf6546ed7c9a760e23cbd0c01ad932
dop_2422-29_2023.tif	6309687	dec2029fed4321520c11f9a12e17dcf271cc2df4f206f65de46478f5c2e25e84
dop_2422-30_2023.tif	6435134	2024fc3161b4f2fc1dfb0068f52aa020680deef904a30c479d982c8d9a367151
dop_2422-31_2023.tif	5407648	fc9d5ee3662f8696eb571e14a99b845153dfc9502ef8ad334e2f096117bf7917
dop_2422-32_2023.tif	6082916	15e15d6ceea117bf87c43f9a3215aa2a068dff7ae11481235f9542ba9ff1bc8e
dop_2422-33_2023.tif	7304556	0ba06195e10e8512fee3469f492fef22021433a923a5fa971e9888aa18061b76
dop_2422-34_2023.tif	5334839	a61f7149b142380da3657f292f062996bcc76f8a7ae36d16c1b4b9cf8eecf4d0
dop_2422-35_2023.tif	5683209	290d4215651477ececff11c49af6e792977445a7f5c8b4e4bb4e00b0b5678134
dop_2422-36_2023.tif	5909780	9306b0033bc900eb9b7218159fa4df7159457543a8065eb465bf52d4ad51f058
dop_2422-37_2023.tif	6816365	882c89f368bbdfa6eeeb144d81cffdee327e2cb8b3d72221438da193c09764a8
dop_2422-38_2023.tif	6501564	101fce50f1a61619c2ebb33e78bdfd462b9f41fe84f1580294265740da62b803
dop_2422-39_2023.tif	5262014	375d8f5acd7c3f7d629c195f31a0c911acb17dc2a0d6edd1cfade99cfce401ab
dop_2422-40_2023.tif	7335440	f9781da166a10c1e7c4effc116c19a842bc00058196357720d17c95fa65e6251
dop_2422-41_2023.tif	5675484	d358229b87ed068a6608a2767b34f51783e7281a9d1539621950bf0959362131
dop_2422-42_2023.tif	5632947	f50f2b56967091742e6ab4bf1d37562543fded09e72c9c7f6a911a5988e45c04
dop_2422-43_2023.tif	6269328	1fbb658a35acbec0f835d3c9e998b96ebdc2a36b72ad71c6a3307582f331b962
dop_2422-44_2023.tif	6777563	144fc02a91f039506f4f3c4d53d2a531c13a9d5444fceb12706a5cf2b3e90d68
dop_2422-45_2023.tif	7186792	8cb4f85597d6a7665d474a465db55e6c710a9bf099dde4ed5901607d035d8213
dop_2422-46_2023.tif	6260764	894bd78866f6870539809569f53258c63700a0d3a2e8d282a8fcc468711ef3c3
dop_2422-47_2023.tif	6157249	d3e021972c67a8095c7ca8788d4eaa28bf0e18d4e3994ac34e7c2c1c46ccd30c
dop_2422-48_2023.tif	5799133	e89832ec2607111592e7f840de2f508386146249b77c3c5dbfa5634d3fe04faa
dop_2422-49_2023.tif	5399892	cdcc7af3848338b253611b5c8013190f152e3ebbc431aea5f4c06598e5427d71
dop_2422-50_2023.tif	6422059	eb13622fc23d35617a590d4c76709049798273a267f50cd3297f8934618e0e4a
dop_2422-51_2023.tif	7586132	2b4f4cf92173cf06465c7afc000a5435d94048ef2168eca031289b6e3e435332
dop_2422-52_2023.tif	6764865	840416b5c3d28236be8188b64d0df646652ea9e865746c34362e821b04471148
dop_2422-53_2023.tif	6711929	37eb079a9e585b05c68e66594ebb6f74120d8242bde542fdf16ede3495f0b922
dop_2422-54_2023.tif	5969899	be8ac3ccc442fec1a8147b10db9adf66c735b313d6da6778a7a57075a3882912
dop_2422-55_2023.tif	5934226	4084f25f6bdfb2188f0bee2b659fbe237ce4398bb78926e16d3bb2458a5b03bf
dop_2422-56_2023.tif	5656106	1f1ed404d772aeac977626529ac1cecd43bc2562128f339391a0c1f52df1a08f
dop_2422-57_2023.tif	6995639	03a560ee30cfec84aad9c5c7a144930885d39da63ac30134abae7e8c7917497d
dop_2422-58_2023.tif	6380515	0f4b206fba957ec181ea79f4719a34f8231f7a5ffa3c7db4ab1bb83442390d0b
dop_2422-59_2023.tif	6824223	950739947e77b93c004247078c826f4590bdc2e7ff168a309ff84c2401244d24
dop_2422-60_2023.tif	6539240	e853902d7c5544fbddff3ead9f2728dd17185288ae36bbdad5e41753e7341039
dop_2422-61_2023.tif	6908740	f9deddf58079c179e2bd438ff90c8796e6167982df5f4a057607c088b90b8f9c
dop_2422-62_2023.tif	6093097	158f0e10ec0bfcbb451840da45db347876c129f50092ab55c99cf3d232a4c33a
dop_2422-63_2023.tif	6135916	22736bebe6a3524719990a43883897913cb10eea4a9f0ebb4681cb9b4dd2d7cf
dop_2422-64_2023.tif	6395406	7de2c33dc80961aa8f8bfab7221bb0d0a1682a3b722498b5a7f52dee69bcfca6
dop_2423-08_2023.tif	10232273	95c63a686ae91e0684597dde4151d9dfd19520f62b87044f185774ac497d18d6
dop_2423-16_2023.tif	12840578	6e41d74c9608898455996301e1d17e1199c40c6bf91b8cff980e44898ca4825e
dop_2423-24_2023.tif	9597353	e00adaaa19a9b0aea06e3bb2dd5f34c9232fb44cf9f7efbfc58b60f1f255bcc0
dop_2423-32_2023.tif	9727950	1591c789c668fe90f34a164e9293a159919899dbf5be1b97b74d282d652e4e68
dop_2423-40_2023.tif	9954057	6a48d7e5ac15353c7ebf42ec6bdc77dc1270997f245b372cb17b8a0eb1f81f53
dop_2423-41_2023.tif	7117464	cd1090d0d0f3908ec2100949f6d84785ef54742a6e7fa826671b5d815f5d2373
dop_2423-42_2023.tif	7070458	3b4657959c108143de7ed79794a3dcda2942865a69a074f48247eec05a1ea722
dop_2423-43_2023.tif	6974774	e54921b368665338a539bd400f68fb370698735308000b4fcd0a57e09e88b902
dop_2423-44_2023.tif	6266106	ced93814012c1fcea8998e85ea10f93c65f9ad62965b0c3f48278c43a352695b
dop_2423-45_2023.tif	6415094	902303e21d9a53aecd7399f9320ae56a3751a0503b9d88e5acc1bde5a7bcb085
dop_2423-46_2023.tif	7053964	d14f101e1359dbe42a4b61ce9a10a1a2b4bcfc90c1a7850183cbf4dce3fc830a
dop_2423-47_2023.tif	7517860	f842a0e1157e4ad1e58f82194e5003b4b405138fc89fd13356d0a958410cb696
dop_2423-48_2023.tif	8871527	d05225e7c339076412af238ef8135d21bfc738ab5235d66d14a59fd2a9c47967
dop_2423-49_2023.tif	7258721	d57e439e77f815fd96029ad02f7e060544b400986a304c6db4780e3666da3a86
dop_2423-50_2023.tif	7153908	d60a0f2996f3866f134d355f76a3540f1c98f47a26701d430417d5a7c571fb0b
dop_2423-51_2023.tif	7418754	dc591ad74504e8669c4b1b47689c1f2665728f96f13b4e71fdcd79c715d8631e
dop_2423-52_2023.tif	6928911	9ddab338dcc847edebf8cd34a9b7b7bb4c175827295a3d6e0d575927785f03da
dop_2423-53_2023.tif	6372430	c4642a288af0242e17a85f1e3d20b8324ece9df1cbbc0755e19792a4e28b083c
dop_2423-54_2023.tif	6942199	4441e9130fd2140fbf6764d95584333fd25ec2c213c5f41164b3994fa5824e47
dop_2423-55_2023.tif	7315598	688bdb7d14385d0e159cf0df20fcf3de1600b9b51f2266ce0d0dc3c6cfc47687
dop_2423-56_2023.tif	8716459	49e18a77dcef65343632a156300bf453517bcd6a8109bc2bf33f787a5c110421
dop_2423-57_2023.tif	7161147	fa5b3efb34ee27c065465fe934b606997882c8d5b75eb2b4d4493008dce9de49
dop_2423-58_2023.tif	7444321	d59a89df9cc7c98a02700de5604e33b5db6af7551d5a36f5281a96b4f42e4135
dop_2423-59_2023.tif	7680766	d05d6428d562e3219e3453ac086f554633dc24ecb0ab9cb9a9ac61786a6ecc5a
dop_2423-60_2023.tif	6457231	6ae613a4be4507f6c858e73ffc43b9d9a4641078e8316b2d22e77c7ff2e0600d
dop_2423-61_2023.tif	6194782	8699f4d3efa9a5ff9c04af885393beccceb430fdd723c52951f57e6b9c111ee3
dop_2423-62_2023.tif	6595568	fa2be0aee144be5fbb5e11cfa49deab0309aa86880f3f6029515dc68b07dff58
dop_2423-63_2023.tif	7576786	458941dcf4cdd834f74c7f9423f71e159817e7b17521446b2577565c39bc4594
dop_2423-64_2023.tif	7091448	d61ebb37b83745617570a16c7729a57af55bb7ce9aa7b00df9d071be42684e89
dop_2424-48_2023.tif	7567562	9c8b49111ce37789dcfe3f8b19f6ddfd8acf2039a5f1880f74dffa5d5ae10867
dop_2424-56_2023.tif	8439316	c38c016b25b0f9b108e26ab078a0e82943f4070fb00df85395d02b9342fc5353
dop_2424-64_2023.tif	8616315	31c27783fcc11e2ee3963e3006b4aa90bad05a573daf8431b54f3a49855a3289
dop_2521-01_2023.tif	7001003	a3654fb64c7b8a64995444299cd8cc356e37ec335c991569068daa242b1c5f5f
dop_2521-02_2023.tif	7333209	e25a29b0a011a69df6ee43eb312b1f1d2038d5d25e8c2e99ddf56fd317973395
dop_2521-03_2023.tif	8838919	fb9611421abdce5ae1812805fa9f02eb7e0ce32480ac3ce2ebf9d0e8db417dc6
dop_2521-04_2023.tif	10923652	2ade637e03028668f521f174f2615404db05803edb001aca97819da4c7b4234e
dop_2521-05_2023.tif	11313830	abc8df502ee8131b1f6821536cfa04c6210eafc781563b2e92f22ae9f330406a
dop_2521-06_2023.tif	12778195	8280e6f964ecca0c5709449dbdc836e21e059ad830e1bfa96a08e959990b951a
dop_2521-07_2023.tif	9620674	dfd0dda4422c8ca4d204780e0e4038ba974c9b1fef5924570c505d2787a5a77e
dop_2521-08_2023.tif	11202171	720ba5f26b7366d1e04e321a547caef5b9ee7bbf33289851718362d8729a9d21
dop_2521-09_2023.tif	5776208	8478a77657767db915b0c92fd8f0ac5af273bf6f2618b2e452aab5387222a4b9
dop_2521-10_2023.tif	6420429	fd287bf8f117b2383ab342d3e43f992fb0cefb193fda1ed80fbdd60400ec18e0
dop_2521-11_2023.tif	8892092	7732327637216f4a08bc4ef25db130f2c64e2c0b051babfa7cef2589b28303f9
dop_2521-12_2023.tif	12684525	f63d98c204037e6938ace2884844fe708ac06f2ef50972dc3e0c081d8f2bfe64
dop_2521-13_2023.tif	12892031	1d24ef337ead445cb0d145fc93dc47419db077c5ad8ce1567638f5467b791806
dop_2521-14_2023.tif	11309937	f9d879b5f6808cbe006d211c17455a47c364aa01776c85b3b27650b866643dbf
dop_2521-15_2023.tif	11669922	6c101e7803ebee55aca98ffee8cf985b1d542f44e8d2515b881b06ed0c519d5d
dop_2521-16_2023.tif	10844008	9c556ec7a1cc68ce510397b2e2e2e15b388ea923fa9a0d61131df40f91496726
dop_2521-17_2023.tif	6953878	68bba8bc276a55386e694dc7c292ddb38dd35face65cc05f70bf9b01410f878e
dop_2521-18_2023.tif	10720842	b904d2df2db31d4a8d0537b780655ec961b13d33ae436031bd33fc7aa1a4eba2
dop_2521-19_2023.tif	12376293	2deb388fb7a8846feba06882ccdc3fd04df76a1de3ac4b669b7468aaf3abd466
dop_2521-20_2023.tif	13484621	ce7af6f8ea576615c67b3e1e0760b038706a1e62d2f76f2fdb47996864103423
dop_2521-26_2023.tif	11900725	c27f50045e56c975a162a6a56d0eaedd74a0a72a88a6f084ae0fd1813c90bcff
dop_2521-27_2023.tif	13042264	19efda138e73a01cff3a88a663c055b6f518973183788a2c8a07289b5e57603f
dop_2521-34_2023.tif	11716057	8db1c293973d884cde2e1e03fdb887d0438398719c7b60cad9f9ce54399ced92
dop_2522-01_2023.tif	8153275	3d640d8bc6a9b8637fec1472b97776026321ff158cad7584e73e932ab0b587ca
dop_2522-02_2023.tif	9532571	bcf922370474e0490e8cb188184bba85b754a704e8f110eb747edadcfd28c910
dop_2522-03_2023.tif	9225739	41a83a27d99cba8e2e0b0c1ebf8bc1dce5465ad8fb518407c5d7f9e4fa46f572
dop_2522-04_2023.tif	9393801	e6034ac2d008bd31fd3d51cc7a6bf213d2c4fc9e15a6096944985e7eec0375a7
dop_2522-05_2023.tif	7250386	6000642ab4405d8615399fe51edceb85346c2210c590864740d8188f75b657e9
dop_2522-06_2023.tif	6371009	0f05d46cb486cb87ef1eed08fe2ff500fda1eb34a382ca7373f5c8267cb24c3f
dop_2522-07_2023.tif	7512459	8bf1e3b58991eb4eb5e976ae622fc9e6ecf61b9e2019f823e07b07d5c90cac13
dop_2522-08_2023.tif	8825695	7472fba95b4de4705652c8a0c189eed3191fefaba64e3518785b555ce40edb34
dop_2522-09_2023.tif	7830302	96e2e54329123614085dda1ec530e5978208e940e94d37734cf21c674ef7346e
dop_2522-10_2023.tif	8570303	a9c327e9f7a8152639ab38864bac8944fc5f64e5c9a7d1fa8d14a67dc04e8ad0
dop_2522-11_2023.tif	9203461	8692c3d76fb84808020bf72d1757bfc2fd592839e0eff878729ed32234a8103a
dop_2522-12_2023.tif	7972257	b921dabd6c81d2f62564756575fabc87417bd38554825416e17cf44a3ec08d08
dop_2522-13_2023.tif	6022835	213a4a42e30c9344e019b0a7f3d2cb1892b988ee0367acc31fcd70081a3dedeb
dop_2522-14_2023.tif	6882226	142d593c0abe44dec1483f39c9cc058e4c283382c69dde7bb1d6ce30557b0d2d
dop_2522-15_2023.tif	6856991	82131aceb3c05c46f34d6831fb460604d67f12515bf645a63a974f175ea2c4aa
dop_2522-16_2023.tif	9123162	372a8c793b7014e343d9b0e7c2c26b06a626573fc2ac22f7e567f8e51bfa2ec7
dop_2522-17_2023.tif	6826621	da5442852c6c8e97a36913a4a335a4f9d1526133c224d55dc22ec215280b9222
dop_2522-18_2023.tif	8926048	28cdb3dcda3c7fa7a12ae109d54a4747194d6e88e75b6f244778fbab5b663e4d
dop_2522-19_2023.tif	8942826	12575c976db0609d9c47728ae7624ee6978f8e3279a9046d9ba49b2ab3c52803
dop_2522-20_2023.tif	6878945	cb19e917fbbcf12ef77306d7bb4d41c329a7b78d8da576ad4601f1a6af6f3f89
dop_2522-21_2023.tif	5693151	205765c253e709051821f9af80fe5f414b9270bad22f8e6ab9531d419509eedd
dop_2522-22_2023.tif	8822988	24b3178e7c0d26a8a2c10bda430baab9e434974405b003c6da6807433d2c3f7a
dop_2522-23_2023.tif	7404224	4d9a2a39f4e3e2cde8c3c349cc7c2814d19d6d337c9aec27d9cc7509aab2228d
dop_2522-24_2023.tif	8542147	0b2249dc1f434a19be64322db4c64302ac488d06bd5472fc3259abc86d3e8e5b
dop_2522-25_2023.tif	7986512	9a0ea9d61025640cef712164b2aa898534635936671f7c870641b88015b4838f
dop_2522-26_2023.tif	7895425	de0b3a4855e1c50761d7a0f26fc273b04ddc80469cbdef0490f3ceee6b3aaa88
dop_2522-27_2023.tif	6821051	2956315fecc67bfec1d02e49df9aa7ad15eb03f46c7e27e48ccda612eefd9b82
dop_2522-28_2023.tif	5490008	24274aefd5d9f680fa2c7db63f15af380db6e8760abe56a84baa357dd47f62a4
dop_2522-29_2023.tif	6624295	41a49c0a4215c456b6b47f58f13d73b41c1f0659d3ff4b731e5bcc2984a9dc97
dop_2522-30_2023.tif	7374746	9ba941bd6df73a4d7793ae78136a88aa58b84d81677f0f0c455626ce581c8cd0
dop_2522-31_2023.tif	9545983	8ce848dd3e7e4a1250b364bd09fd477fede9acf29130873fb7b4a0824995a57d
dop_2522-32_2023.tif	9290679	d7b146f0f89a14b68c86dad5c4375f20b70e2c2dc49d30228a4a1f5c50e621a2
dop_2522-33_2023.tif	6629076	7e4b7bd3aa1e2294d5e3989b75f4ebedb0d7940d78a0fea7cf672ff4e61b1cba
dop_2522-34_2023.tif	6449810	1ffa92c0fa2f878600dfbe15bdd92b92eb7a5b4cf29280a9d6e753fed1dfcca6
dop_2522-35_2023.tif	5432785	f6ed1e0d059bdb2ac5a15bd61b665ff30cb66e2f5bd92ede2ae79d3217f935c2
dop_2522-36_2023.tif	6522824	2ea3e646e4963ed9545e784759e3241876b62ce0aa1195623956189490e837b8
dop_2522-37_2023.tif	7656753	fc75d0e79e5cc9e04156a1fc29b982f23aaaf9bd188e54038a0a29c31d4a5eef
dop_2522-38_2023.tif	6911996	a2ffe1c153359e07f0bb2870ab9027cafce755d1205ef4a0c0326e8a2d9d9852
dop_2522-39_2023.tif	11186659	54638c44e1f1ca49a9bc4bf427d969bc66faeed3ca70e710a0db19ede48ed419
dop_2522-40_2023.tif	9055943	e099cdf8564f497b528043f5460ebad71eab46466a1db5cb063cb118da74de14
dop_2522-41_2023.tif	5787690	fb0c3143bf0855fb69531be6671c00febab472c04e1dc395a79c55c2462961b8
dop_2522-42_2023.tif	6055868	bd6e7ffaa38d28437e65a6201f30b4ffcb8a066d3d69cf774696ab913fdd60a6
dop_2522-43_2023.tif	5795144	7939c4487e7d73ae69b1a5fb229ad539ac245996d37ba8d4c854f2aadb495893
dop_2522-44_2023.tif	8150367	1cb60a56aeeae121e35da2355f9917d0bef703592834b6abd9a4123e66d95fd4
dop_2522-45_2023.tif	9079629	bb92ede2bb1f3612689adb8e107b38ecdb7b367cfc67f77bc7a2696e97bdb249
dop_2522-46_2023.tif	8094012	c1558665edb84ef3c0ece95ce26479b274d019ffdace26d6fb365886d245c701
dop_2522-47_2023.tif	9901658	6dd404465697e4a2b5acf72ecb47a6adc817d991a56a165cf7074a253d5fb4b1
dop_2522-48_2023.tif	12605323	e35e53b184fcb4cb1a87926da15653e38339b3320e0ac5de34408c55dc9edec4
dop_2522-49_2023.tif	6389740	70df16247ef78aee6f28b195590f92d13ad643299e6f9bfc23d9abf39bd4c243
dop_2522-50_2023.tif	7194270	dd2831689c942d216d2cdb7a0e4f2c164d914cd23f629982c73c7ba7aa0b92da
dop_2522-51_2023.tif	7744295	12e96a8623e2a221f12ed22f835d55267169f40da3ed25fb239cccc00ad5d12c
dop_2522-52_2023.tif	7836388	5ebedaff3c8cf020182f1d2baedb44172a03c14a465830e8ac87fa3ecc6dd2b0
dop_2522-53_2023.tif	6729596	3a669e2f7f68c1b92f273f294125f5a43b293cc468abc93caa3a124d62b4c06f
dop_2522-54_2023.tif	7343255	327857028f61d3fd4b6ad396dc17a1bfb030c33c392ab377bb9dadc93cb54de4
dop_2522-55_2023.tif	11214894	abf484c90ac6844a513c68a2ff5ae4f1665b4455ee25cd5fbd95fa9a183c20b2
dop_2522-56_2023.tif	12661815	b206038dccef990c4660f09b1d4783fa0175e826ce6d2bc89094c8d07f5c5bbe
dop_2522-57_2023.tif	5547122	0a5b26d3bd68c0b15452dc1b093738483a569319d976a752686865b8172618c1
dop_2522-58_2023.tif	5945824	981595a60a004f1761694f61fff95631b3e4182beadbd1467eace1568a5e4dd5
dop_2522-59_2023.tif	6668537	d1d04c8951f6ec79da17be9656acb368775625a1a9ae05e598b742a97b2b5853
dop_2522-60_2023.tif	6875679	01af7f6c292e9d83f5b1c66a3e06e880c0e3ee432ac964ac5ed2a3e8105ba677
dop_2522-61_2023.tif	6725315	0114bc88a5834b6fa3e0f9ae9cfa1a6060f452e377decb4acff583d3718d42c3
dop_2522-62_2023.tif	8690017	87a2966764c9a14048b1a9680f78551de4e6d4a81302fc04e6e6f3ccef7275b4
dop_2522-63_2023.tif	10088422	fa2c850a7d550d9574325e61aac6d151098a6781da4a46564e8106de751c2b0e
dop_2522-64_2023.tif	12597809	a4f04bfc012bb86c81c9bea444c297e0a0d5951bd04dabac04bd39415055eb63
dop_2523-01_2023.tif	13360686	64a4c9fd4cf0a4c46ad1bc088fb49a7b28e109023993367637d7ef716912d0ea
dop_2523-02_2023.tif	11158542	6dfac085063d63ea19ad6ad2cf2cd60d8540b390e3df81464241981b4dc078b8
dop_2523-03_2023.tif	7577322	3ee4b8555dcc196d17449e728fd199b2c13344421df75c892d5848bab2e68b30
dop_2523-04_2023.tif	12148851	5125d23bda20f5aa3a7c0b58691f698bf164e3cb581002f25742a4465903ce6d
dop_2523-05_2023.tif	10521343	fc51659c1c37911b33f55a87afd3305a6ac8fafee253a43abfefed686f3db877
dop_2523-06_2023.tif	6787148	9cfa2769cea0ef477a1cd027b9b5444618c2fd324013dace68a1860c5d1faf16
dop_2523-07_2023.tif	6952528	025ce32daa259030f39bc0227966fd7fb9a01e37b8361add8e53b7d94bca5b56
dop_2523-08_2023.tif	6977079	4183a897a25b786a7699002f0e259665218b98cad615cdf2f235ba1bc71185ea
dop_2523-09_2023.tif	12806977	9430454cf928f77f4545d1b531c86b556ec2a3359df05fd8d56a114af8fcf295
dop_2523-10_2023.tif	12578947	006c1ab0cc5dc2d47418226b51303f14ee9d5ab1fb36c389577b4acc3a69df69
dop_2523-11_2023.tif	8819001	d3b0243c70609005820f629bde5b6dd99e26a6f1beb62d96b316fb6a6cd33b48
dop_2523-12_2023.tif	12254236	b71ce36dff35bee1fc86d264953626a0bebcd48056fe82e150e16d94f90a0748
dop_2523-13_2023.tif	9093922	d249df5a5c905d4b0f173d88558553aaa88bf02735f1d17fe337990f75757a02
dop_2523-14_2023.tif	7280455	d3c29580801f7c15188f403989983b308bb9ad9f65f623a50f53366bfed19b9c
dop_2523-15_2023.tif	9319639	199bc3b722fb5f27a3428865266a9df475ddaa6a9514480ed03cdd6010a3dd45
dop_2523-16_2023.tif	6356777	7c6173c4b2872646e8e87ef0c1bf0a04d5fc348ebb548f892472aa4519937a4a
dop_2523-17_2023.tif	11190035	3a2b37f6e421ec4bf4ac03780909304f60bf5e99a579677ed388be14ef05a690
dop_2523-18_2023.tif	12301996	d880e27d41b35a842cdc6abbf995daf7b80718ff46e29db1ac6ed51b013a5e2a
dop_2523-19_2023.tif	10130528	d33cb4850d7ed8c038aa380d9a5509b2881c4a9ca48abca388d827febb019372
dop_2523-20_2023.tif	11558208	6452343eb1ab1e6e5124174b25d77b5541d7828c104495d517aa515b6bf124f5
dop_2523-21_2023.tif	8137407	f92bb94abce4fad0042d5203060681332c44055abfd26251b3987f96978918c1
dop_2523-22_2023.tif	9430056	61163b5064e834d00056e7fadee6ceed5dfef3fc48e6ab66fe345e3e01651b71
dop_2523-23_2023.tif	9262060	09bde4ae86b0f9d94d6c0ce052ee745c54d4f06922885632cb771525fc8a01b0
dop_2523-24_2023.tif	6705811	c85a5af56d46ff9a5dcddda70d6fe400235d6bff391203ba83d14462902f927e
dop_2523-25_2023.tif	12009620	f8728f46a791a54f8a0af2108e98330b8591ea8927152617c196d396f46cfbf2
dop_2523-26_2023.tif	11412897	4ca6cfb0271fd046c3a5679a40a0bcb92955302d6180c1cda2be40632d49cede
dop_2523-27_2023.tif	12371369	0f7d207ddf77ec982879285cabf6ba4fbb2188b3d4e5a1d456badc4ea3e9239e
dop_2523-28_2023.tif	11244263	9e2bf9c4bbff43b9afdb53f8f1ec0fc7175820903af4e46b5a1f847e41774b0c
dop_2523-29_2023.tif	9059842	986be36d65b07509f7fb02b69eb56360dee96bc84e591f2fc1b66e9835e0b190
dop_2523-30_2023.tif	10126025	d0d4f4530d83fa89a72c42daa5fbc2d3242a8d003ec709a2594ae5d3c61427f0
dop_2523-31_2023.tif	8706320	df646a65dcf70efcb0bdeb4690bae5e6602279027f5bd2e65b12c568e939f82c
dop_2523-32_2023.tif	8137354	051cc408232f5ce7b31dd24bda7629add81d43701270db316e8b3bf0744ab1b6
dop_2523-33_2023.tif	10583425	3d2cfc0737f89a31684eb3333594486efd9e138b737f563b31cc728799765292
dop_2523-34_2023.tif	9711779	c5d35e9cebe6e5c8a558b8e890fe91c78fb4bdfabadfef6baeb95124b071cbaf
dop_2523-35_2023.tif	9697496	11201d1df42eaad9f0dce50742f5d167306e50a574c050ad158d0dc5324cc7d3
dop_2523-36_2023.tif	8533068	fae67df2b155de8d9fcf75d70fd3f5bf34c04c6a1a3b3f838543606039472291
dop_2523-37_2023.tif	9082438	a7da357e48718d45e3e63c4ba9e083c766394241381a7a4a6ec5ea0c054bfc2e
dop_2523-38_2023.tif	10141713	6fceb7ca3f621f31234744aa86151e3a4d065857ae2dde1890d77809a884bcb6
dop_2523-39_2023.tif	10777241	8a2c7ace47f466fd28f281dd3ce59cd6484479d33888f03316df9414930578cf
dop_2523-40_2023.tif	8824204	feda6f82c18428d74ddc28621a76c7db7f94b0a31a2b00a9675dca775e10b411
dop_2523-41_2023.tif	8756068	a64d1350d97e75c99b2bc0158892971de5661512220b1b6a9855814be7f68e19
dop_2523-42_2023.tif	7934657	34db4f8e938099c6a2e81d0188bd261e71c0168ecc0364b7d7ba2214c223a249
dop_2523-43_2023.tif	7292554	7aaa31e47d64d9527e8d5aac8fe1f0fb9d5cd50fc78fbac0a1ff917452a9aa83
dop_2523-44_2023.tif	6503869	0d0a1eb963e846cbc1d325417338f66a902326a52c9b235d9775e6d9b7ba616c
dop_2523-45_2023.tif	7381705	1f52bbae2ba78e3a1d592ec84046b813ba106e9e23f734d00805de91c7a53d29
dop_2523-46_2023.tif	9754359	3ccde0352b78a9df45e9d3ae83bdc407693f2cb1b47e1a6a3a387af80fa2dd6d
dop_2523-47_2023.tif	11147806	9ad6996056553959a152a7e7cf07bc3226ed7438aca7762f6321dc20fb398c79
dop_2523-48_2023.tif	11299463	aa54b3561ff1277a749f01fba19f7eb1fd5005d56ca1b6258e9bc91ecec11097
dop_2523-49_2023.tif	7682244	73369a260fcd462950557489030fb861625b708888d6f35a0a19e6ae5483be41
dop_2523-50_2023.tif	7408727	95567c0fa8630e48bfda7cf1ebea565497c7bbb0e806685cac14e5b8d71c264c
dop_2523-51_2023.tif	6344513	af942ab0de7845c132a905b48ea4e3c9d4410ceb910faf0dd906c53190815a54
dop_2523-52_2023.tif	7256482	6344aef55e41acc12142e275a80a77d53b114e91eb63892a0547d6e4cecddeb8
dop_2523-53_2023.tif	8403150	a08fa090341b1cc45c705b45c68e8fd149c822fb98250c8c166cee93ea7fcff6
dop_2523-54_2023.tif	9347807	a3d5ce45afbe5805ee3827f6913fdd43b5a793709729bfd25520d09e0513fe60
dop_2523-55_2023.tif	11413156	b38d71e4639df090cf9eb9a1ff5713b479aad38685e91198a1d479c4f4a2fd0d
dop_2523-56_2023.tif	10373404	e60766f67b4ac3175e214eb4452beabce0bc3d12e85eade58385b3b3bdedb864
dop_2523-57_2023.tif	6779385	6fcd306e7d779735c679d0a617bb39fd84304ec2aac51263e5cc79a091faecbb
dop_2523-58_2023.tif	6193094	0619cf5ae35d4054dc6b86c7ae8207aa9c7ce22891aadfdf0b3e288fad926140
dop_2523-59_2023.tif	6014984	64195d1be299f5093c19a16de2274155cb109194a82f41c7140e19e889c40e63
dop_2523-60_2023.tif	7372442	9a67b92b770dabb12d3d40a0e71a592d0a0bc745f8822dd571690d93d0d00072
dop_2523-61_2023.tif	9254964	0aa7ab962c2b55ac4ced1c3d070419ccc485545afdf778bfc70396ea982eff4e
dop_2523-62_2023.tif	8765957	a150056d3e185a8ee2eae751bcc8fd61394e9ec4339cbdef1cd90edb0cb5f811
dop_2523-63_2023.tif	9096930	e9a4bd6d65c13c53467408d07c91d576ce56b104a10305af5244231b80f457ad
dop_2523-64_2023.tif	8973554	4eda920ff26bbfb4a59e8d52ba8d2254284ea527c85d1aa4d27b15f93cc9bcc8
dop_2524-41_2023.tif	7762723	0b827bb097094e94d2b02eb8893b87bdedde378018048f9752bb1143a1c22f8a
dop_2524-42_2023.tif	8001011	89b93204e3a59ff2aab9c963f872380ddf90e5dca8699286003c3ee2ee523087
dop_2524-43_2023.tif	7413290	d78ed85b951e2afe5ff87fdf40bd67554da205640e0cee3e55ce361b85cd3df8
dop_2524-44_2023.tif	8235263	c01d99bf0c099eceba5d90445427a4ef916ac0fedbeab1c5b0f11ddbf8b4a4af
dop_2524-45_2023.tif	9005976	d0044882de0d3967314f7a24b0877205df7138701d221e1a0e660e6fb7270fcf
dop_2524-46_2023.tif	7418425	872afa3ae472dbdd6e9f0f9620b01c4a8c62b0b6bf92e2a7729e9a569092e684
dop_2524-47_2023.tif	7496375	cbf5708d0653609ec3306b8e84a175c17148b04f171e18524fc2396abbb20564
dop_2524-48_2023.tif	8946977	daa404698dfb0d37363821de94d052989118c60a300f80e53cc63ced9c506e42
dop_2524-49_2023.tif	8299485	d8292363ad5bd441d56672e0c62a82e168cce31fd36569f431710389f700e54f
dop_2524-50_2023.tif	7933836	80e8e01b604d9f2dbadb791e0045a64adf5d30cc531c1d9f811069360d9c4f09
dop_2524-51_2023.tif	7534232	f9e455332d9604a22a0157355e2e15124d441bef06ad59e2104e08b779696706
dop_2524-52_2023.tif	8304128	f5f9d79962f0ea91bf7673d9dadfccaa63e48ac2cfba442e6f72e6092c7ea5e8
dop_2524-53_2023.tif	9510245	47ea82f85f90e61b3e378b38728ee9cb65a4ce0ccaffee8aedb0ac36eb24e1e1
dop_2524-54_2023.tif	7267571	833b958f6b881581fc2562dfca8974f3dc103f73bd3e780facd2fb8ce1de45f9
dop_2524-55_2023.tif	7591026	a9c69d7f1e3ad8352c0777e7b042aaf5d30e36fa04e2d6c1f850c03a40deaa98
dop_2524-56_2023.tif	10046131	2524edd7084244fa56b97bad1bd564d3ebbfad68877a21eeefd957f3719f2132
dop_2524-57_2023.tif	9168075	2041afaf669ea931f39d6b072a1f3ea899157425e22a3c66dbb6047991407378
dop_2524-58_2023.tif	7936404	32ba4176c2ebe7ebdad49686f6000c0185651e050e9b5053cf8531ed325bf2db
dop_2524-59_2023.tif	7709388	12d36bb62cbb7cf4c5db767ebb046bc36596f9ed8d6b5735f47a7a1d778b2de6
dop_2524-60_2023.tif	8908563	d5376bfb43055de71ca19f787709971367b454a01f02a8db3584d9096cf3bdf4
dop_2524-61_2023.tif	9336926	70a171d3ba26134c400b506185bed2e73e9db9f4e361471965afe60bb1868abb
dop_2524-62_2023.tif	7151045	e65977b18b4f9a36ffb6452aea0c05bd0881d5a94effadd5bf2167fb574a8550
dop_2524-63_2023.tif	7629325	ec3156d0792178f63b6e1e40ae607e1e11654d232b897de40806a4737b04dae5
dop_2524-64_2023.tif	10153288	b3e16534de71ab3ced47a9caebfb8d9f9229f8dcfac7af8da8906088186495c0
dop_2621-01_2023.tif	12554834	29fa95fc6205eb5c593ecbb2c255ebb1be542f5b3c1a1505fe59faa46219d5a7
dop_2621-09_2023.tif	12248467	aa6bfa2b532be9b41b414ba0762bab61491e79f45606d39ab565c112bfee3e89
dop_2621-17_2023.tif	12330722	3f569c8be6a9d35d0348ccbffa2b985f0636f474faa8abf6a592bf42d43ac7ef
dop_2622-01_2023.tif	8312807	ad276e9b028c81db986cdc4e44b0983b4faa0cc8ddbbff17ed5b0eddc3aa5006
dop_2622-09_2023.tif	8585824	c54ee34c8a977e204876eebd75d3e211501d88b03b9bdca27bb6c2c2df75000f
dop_2622-17_2023.tif	9230604	1a958096c3238b3849a25a268d6460e93bb311d0071dfd57d310843bb142a0c6
dop_2622-25_2023.tif	12320814	421a688024d4afea186f71d5c901b9cb8e00c6de51e8b65172217bb1ac6f1c5f
dop_2622-33_2023.tif	11701370	21e029ee2e6a7c2d0f8f95215b0fcb887f253f239c41fc173b35b76d831fbc99
dop_2622-41_2023.tif	11193282	e361177be5fa1984e69ea8efe0583c271e19daa9a4cec71d6d9e3d3d7331df2e
dop_2622-49_2023.tif	9448088	30cd2e8c11f1c0c7449fe4cb4f9607f234a4b1922790d73d5e05767fe44595a4
dop_2622-57_2023.tif	11421264	8add53325cada26d39e7208e8162455734e23667bcf0064a53aec91004b4c9e5
dop_2623-01_2023.tif	9650682	004fdd8f4eb641bea376fcba308384792bf4cfd882d73f8eb069625ce2ba77ac
dop_2623-09_2023.tif	9079219	b9c36c8e37bca76f1a3c0226ca2cda7052fff40a7bb0d9e9b2e0945af23d1a19
dop_2623-17_2023.tif	8915025	d97757b1917430b136ff5b45f540896c8b91b5d91787ed8690b8863723cce907
dop_2623-25_2023.tif	9627973	3b7171eaaa5375dd1e603f66a4b602fe248fadc285c0b9f7899f630c872298df
dop_2623-33_2023.tif	11757261	d0876747a6ef34855b3ee3220cc3cede3420a1373bc617f0305278ab67cd499c
dop_2623-41_2023.tif	11342828	82a7c891d39f4c13edd03b4d85042169f1759ad4b480501b6e6184ec1990bf78
dop_2623-49_2023.tif	7863926	eb56997847192c7474542b1b36c828f8874bf9bc60a2af5e9da365f48db8bb25
dop_2623-57_2023.tif	8543601	26d82ebc265c984ebeb61131debba9f6b6fbfd424f584c39fa72b20e023d1f1d
dop_2624-41_2023.tif	7682598	a9a0d934f0979eacfe655c6f3479a0894cd50a465f4d90e28807931731649c12
dop_2624-49_2023.tif	8983326	e26d57b255947e0c73196bf427d83b82e27f074e7ca411ac460d3a91405dd4bc
dop_2624-57_2023.tif	11964173	2223f4509ba566f3f84144dc2b7a51bb720da244fc3033c27a5407b558545ee6
